ts,wind_speed,wind_direction,pressure_kp,pressure_oo,flow_kp_in,flow_oo_out,flow_oo_in,dp_kp_os,dp_oo_os_8,dp_oo_os_9,dp_kp_oo,dp_kp_oo_by,dp_kp_oo_bz,dp_kp_oo_ca,air_density,gu_pressure_west_wall,gu_pressure_east_wall,gu_pressure_cyl_wall,gu_pressure_west_gap,gu_pressure_east_gap,gu_pressure_vsro,gu_sigma_008,gu_sigma_009,gu_sigma_kp_os
2020-01-17 05:00:00,1.0,274,-2.7,-15.1,20.833194444444445,24.998333333333335,0.0,-2.7,-15.1,-32.3,15.93,15.93,12.27,14.1,1.225,1.0615408004104452,-0.7398864317939083,-0.8393287275286943,0.9874467623830882,-0.7327774474663721,-0.7996044285125532,0.21456197523870676,0.9039144684163077,1.4265290466658676
2020-01-21 04:00:00,4.15,288,-10.1,-29.7,13.888583333333333,23.609444444444446,0.0,-10.1,-29.7,-32.2,11.08,11.08,6.7,8.89,1.225,16.790043730845095,-12.432216994106975,-12.133393119250957,14.850168141136999,-12.288942191691179,-12.376609535129386,4.655913152441152,9.844194159329398,17.93907437264919
2020-01-25 03:00:00,2.81,275,-2.9,-19.8,20.833305555555555,20.605555555555554,0.0,-2.9,-19.8,-17.9,15.11,15.11,11.2,13.155,1.225,8.30674646879561,-5.786838116578777,-6.545214907836922,7.719783590278607,-5.722541707296422,-6.2087331443063905,1.8428327550897847,6.964308562293696,10.965197889144042
2020-01-29 02:00:00,3.34,139,7.0,-8.6,20.833333333333332,20.836944444444445,0.0,7.0,-8.6,-15.0,14.01,14.01,11.14,12.575,1.225,-7.048147963756514,0.991462033755651,-6.197939790356893,-7.056128499288223,0.1287194039099683,-7.578952360112823,-7.085833324309778,-7.266250101545892,-7.076340803988459
2020-02-02 01:00:00,3.05,239,-1.8,-21.1,20.79733333333333,20.83416666666667,0.0,-1.8,-21.1,-3.3,13.02,13.02,11.68,12.35,1.225,7.267586460969124,-6.631681001751598,-6.016196739019722,6.441451858357439,-6.625816244447387,-6.603157263125881,8.497130254291008,0.6103257078690426,4.992614563486296
2020-02-06 00:00:00,1.18,305,-7.0,-23.6,13.889166666666666,22.22277777777778,0.0,-7.0,-23.6,-37.8,9.96,9.96,5.86,7.91,1.225,1.0876735896142742,-1.2062529132232813,-0.8531314858267813,0.9926483895156527,-1.1920183653913374,-1.282329107843432,-0.5608450101881475,0.9932258232434733,1.6309055964110697
2020-02-09 23:00:00,2.72,189,8.2,-7.3,22.856361111111113,36.940555555555555,14.144222222222222,8.2,-7.3,-11.1,15.11,15.11,9.84,12.475,1.225,-4.649226670520127,-5.0993440261015275,-4.616551195098099,-3.143899772610672,-3.398892087696646,-5.732089628775474,0.16475507569878012,-3.572891595965756,-3.7053668802985014
2020-02-13 22:00:00,2.88,260,-7.4,-18.8,13.889166666666666,20.83,0.0,-7.4,-18.8,-9.7,8.13,8.13,5.82,6.9750000000000005,1.225,7.693034053440478,-5.482387184920444,-7.688335142080027,7.785649904308388,-5.375212043709872,-5.287591184094384,7.066324110928752,5.491316771088195,8.894999818332469
2020-07-06 00:00:00,0.41,244,-0.5,4.5,20.832555555555555,23.585,0.0,-0.5,4.5,4.7,6.34,6.34,16.03,11.185,1.225,0.15795548798671158,-0.11848891226628953,-0.11421010976706107,0.14393944498031042,-0.11872852806907286,-0.11776240380660886,0.16212471267611145,0.04403441169429781,0.1296479976621497
2020-07-15 03:00:00,1.5,309,-10.1,-19.0,20.832055555555552,24.997222222222224,7.172859868129508,-10.1,-19.0,-2.2,11.02,11.02,14.62,12.82,1.225,1.6857473109216452,-2.0626914548273425,-1.3236415585693384,1.5118580843300824,-2.035298202892919,-2.192763485511211,-1.1006279646875992,1.4745085187958187,2.514585875856119
2020-07-19 02:00:00,0.51,308,-1.5,-13.2,20.833333333333332,33.33861111111111,0.0,-1.5,-13.2,-1.8,8.95,8.95,16.93,12.94,1.225,0.1969485859998743,-0.23516729087609295,-0.15460091449961236,0.1774347186694297,-0.23212754336746907,-0.24999728985420627,-0.12161587429098901,0.1742234774595219,0.29417779308584197
2020-07-23 01:00:00,1.69,268,-13.8,-22.7,22.855333333333334,24.996944444444445,3.0318333333333336,-13.8,-22.7,-30.4,10.74,10.74,16.09,13.415,1.225,3.042439691505379,-2.13221342279359,-2.5424011311319648,2.8817315398968453,-2.1180379252598764,-2.312708497013782,0.8048579517505308,2.643860420314735,4.2179036924796325
2020-07-27 00:00:00,0.89,70,4.0,-0.9,20.833805555555553,19.550555555555555,0.0,4.0,-0.9,-0.9,6.77,6.77,14.01,10.39,1.225,-0.42956215577374673,0.4226252891221589,-0.558344162380563,-0.43690728370746534,0.557130449668319,1.0081740713934966,-0.5155936349768704,-0.3950772924915553,-0.4041751342271804
2020-07-30 23:00:00,1.12,249,-7.4,-9.4,20.833194444444445,19.54611111111111,0.0,-7.4,-9.4,-12.1,6.9,6.9,15.549999999999999,11.225,1.225,1.4179248358368262,-0.8839031226310499,-0.8978073454562078,1.3379874972977222,-0.8875647140349503,-0.8785161580396756,1.3770596171870855,0.633716815274312,1.3173852645854602
2020-08-03 20:00:00,1.47,162,6.8,8.4,20.833388888888887,19.59638888888889,0.0,6.8,8.4,-0.3,7.49,7.49,13.790000000000001,10.64,1.225,5.494661441741017,-3.8977525296854254,-1.36414040247726,5.4621450539094205,-0.32639284376071553,-1.5711710393192666,-1.7980702996496516,-1.7330020237756838,-1.7169481129398463
2020-08-07 19:00:00,2.05,77,5.9,1.9,20.83386111111111,19.5525,0.0,5.9,1.9,8.7,5.31,5.31,15.41,10.36,1.225,-3.8484951304882737,2.9190353561814453,-3.174384763150235,-2.2951676179237372,3.4534521633940747,-3.0784562666661897,-2.498727972792474,-2.221757098481369,-3.500138128207823
2020-08-11 18:00:00,1.01,91,3.7,-0.2,20.83388888888889,19.490555555555556,0.0,3.7,-0.2,0.1,6.14,6.14,14.01,10.075,1.225,-0.5038229975222979,0.5740242943612319,-0.7791346442689235,-0.5135235682308003,-0.8166796844337431,0.6332275841620139,-0.5459542648462338,-0.516100216169457,-0.5235683508853991
2020-08-15 17:00:00,1.34,124,7.9,2.6,20.832694444444442,19.679444444444446,0.0,7.9,2.6,2.4,8.99,8.99,12.9,10.945,1.225,-1.0650584822578641,-2.419955713424884,-1.0740553431687987,-1.059065914081952,0.5530288255494957,-0.7608871475809128,-1.055586701709812,2.999706943793803,-1.0829694155852565
2020-08-19 16:00:00,2.96,173,9.2,19.7,20.833444444444442,19.427222222222223,0.0,9.2,19.7,6.2,7.03,7.03,14.959999999999999,10.995,1.225,-8.093364875795459,-3.5682195024189616,-5.432392993287019,-7.9353742808967915,-4.093158675681649,-17.879854636585897,-8.367191111152938,-6.379636004978174,-20.412491021080264
2020-08-23 15:00:00,2.65,186,5.6,1.9,20.833361111111113,19.52611111111111,0.0,5.6,1.9,0.5,7.63,7.63,13.580000000000002,10.605,1.225,-5.116881944423776,-4.515016438976579,-4.391556239982949,-3.8869228691613564,-2.785821171095456,-5.399571554543656,-2.1597763091015914,-3.661847962378892,-3.8457035256364116
2020-08-27 14:00:00,3.09,225,0.1,-18.2,20.83425,19.608888888888888,0.0,0.1,-18.2,-8.1,9.03,9.03,12.879999999999999,10.954999999999998,1.225,5.2831291546537305,-7.024255724198435,-5.71276912133245,5.37590241629951,-6.882143172107091,-7.167894734604563,-5.543541496426092,-0.19435878649263996,3.040244680392223
2020-08-31 13:00:00,3.91,194,6.6,0.8,20.832749999999997,19.547777777777778,0.0,6.6,0.8,3.7,7.65,7.65,14.4,11.025,1.225,-7.295845867758558,-11.252408930810976,-9.481869988079467,-4.606906447935265,-8.537076092433042,-11.805821994092486,3.0871208610301615,-6.788018913928877,-6.44491121509246
2020-11-04 11:00:00,1.31,182,8.9,-3.6,20.83380555555555,19.44472222222222,0.0,8.9,-3.6,-13.0,12.87,12.87,4.505,8.6875,1.225,-1.551250758084074,-0.9973699196960822,-1.076288154162381,-1.403241296418238,-0.5372875382496898,-1.306051917020974,-1.282460104408509,-0.9829849554646671,-1.043438496208213
2020-11-08 10:00:00,3.16,256,-8.5,-18.0,20.83311111111111,19.44388888888889,0.0,-8.5,-18.0,-21.5,13.86,13.86,5.19,9.525,1.225,10.2242512240374,-6.774463011378686,-8.441365090510502,10.05231627188011,-6.709898646926158,-6.616623290552645,9.595594937910645,6.178770290305271,10.84283636364323
2020-11-12 09:00:00,2.18,130,9.8,-12.0,20.83333333333333,19.44611111111111,0.0,9.8,-12.0,-15.0,15.02,15.02,4.45,9.735,1.225,-2.847788176488544,0.952074904097978,-2.493254091710939,-2.846341934736526,0.5257735365370162,-2.823928959423881,-2.929432276662036,-2.843941297529802,-2.890879136670926
2020-11-16 08:00:00,3.53,130,13.1,-8.1,20.83330555555555,19.44333333333333,0.0,13.1,-8.1,-10.6,14.0,14.0,4.145,9.0725,1.225,-7.46696483637869,2.496361874521187,-6.537368468858014,-7.463172757881988,1.378590072686243,-7.404405431042214,-7.681037508681496,-7.456878232974728,-7.579950305980709
2020-11-20 07:00:00,2.65,180,11.9,12.5,20.83313888888889,19.445,0.0,11.9,12.5,-18.3,15.28,15.28,3.905,9.5925,1.225,-6.900746866167972,-3.864539092206022,-4.410684407779623,-6.530264773765021,-1.905063079179077,-5.317010668692673,-6.792097233720942,-4.202825668962606,-4.484963309368861
2020-11-24 06:00:00,3.54,282,-17.4,-22.3,20.83502777777778,19.44166666666667,0.0,-17.4,-22.3,-30.0,15.05,15.05,4.805,9.9275,1.225,12.49366167215276,-8.81997718113826,-9.508636716102757,11.43076307227557,-8.66879975484905,-9.016585081840079,3.925030819326716,9.050178695700863,14.53667582038684
2020-11-28 05:00:00,1.64,220,1.2,-24.2,20.83416666666667,19.44305555555556,0.0,1.2,-24.2,-21.7,15.1,15.1,4.98,10.04,1.225,1.016366572695741,-1.85021259525522,-1.567161448872163,1.058302511558151,-1.792687590189092,-1.908457168904762,2.349081263865829,-0.2435570047770676,0.545124537104196
2021-02-02 00:00:00,0.56,256,2.4,-24.2,20.83352777777778,19.448611111111113,0.0,2.4,-24.2,-28.9,15.440000000000001,15.440000000000001,9.690000000000001,12.565000000000001,1.225,0.3210948950346628,-0.21275352511299833,-0.26510295749720525,0.3156952394309406,-0.21072586681581912,-0.20779653339982673,0.3013518038504225,0.19404566205733587,0.34052169961129203
2021-02-05 23:00:00,2.25,267,-5.3,-29.4,27.777916666666666,19.446944444444444,0.0,-5.3,-29.4,-36.3,21.75,21.75,15.65,18.7,1.225,5.305624216886818,-3.72524369358873,-4.529727550827854,5.0634388571763,-3.695081296007497,-3.99032198720218,1.7874175975764126,4.519467318171855,7.220420723592134
2021-02-09 22:00:00,0.71,160,6.1,-18.6,20.833194444444445,22.219166666666666,0.0,6.1,-18.6,-23.0,16.72,16.72,8.24,12.48,1.225,-0.40094052158371396,-0.08644401438747816,-0.32008420223480366,-0.3979771315709222,-0.07318486117666852,-0.36717923712332995,-0.4046301283290913,-0.4065825052097216,-0.39411477607215084
2021-02-13 21:00:00,3.86,315,-19.6,-32.2,27.77761111111111,19.440555555555555,0.0,-19.6,-32.2,-60.3,26.32,26.32,15.39,20.855,1.225,7.82862516856088,-14.013794604554832,-8.443906307142472,6.897273526228689,-13.861275679520826,-14.679138548602767,-8.999851660602008,8.140007239848218,12.99491556677461
2021-02-17 20:00:00,0.36,179,6.5,-17.0,20.833277777777777,19.445833333333333,0.0,6.5,-17.0,-22.5,15.6,15.6,8.65,12.125,1.225,-0.12626198389902052,-0.06867144085327556,-0.08124988035960407,-0.12006764458859963,-0.03390370188035847,-0.09766871130483461,-0.1251219319440049,-0.07996349336835734,-0.08545037378827519
2021-02-21 19:00:00,1.13,223,1.2,-11.6,20.833055555555557,19.446944444444444,0.0,1.2,-11.6,-8.2,11.54,11.54,9.99,10.765,1.225,0.6169284221596871,-0.914985398666189,-0.7559997163337978,0.6323362652305583,-0.8926581761530976,-0.9375717516683354,1.3223770139770665,-0.06184728267086936,0.34746953323352797
2021-02-25 18:00:00,2.72,264,-9.4,-4.3,20.83122222222222,19.445,0.0,-9.4,-4.3,-8.4,9.22,9.22,13.75,11.485,1.225,7.3715440287143075,-5.206704357426642,-6.721802056466867,7.20470152271352,-5.140545566029196,-5.353603656648891,4.193939495051155,5.873368321986202,9.43005836725697
2021-07-01 07:30:00,1.64,65,1.4,-6.0,22.827250000000003,36.05083333333334,2.9944999999999995,1.4,-6.0,-5.7,8.34,8.34,17.98,13.16,1.225,-1.4751350582070528,1.2913490104436358,-1.8768550490042961,-1.4933148862267522,1.6823375072033286,2.9244679509884715,-1.7251855695359055,-1.350669019278697,-1.37603061568383
2021-07-01 15:25:00,1.28,63,0.9,-2.3,20.84625,36.17944444444444,0.0,0.9,-2.3,-0.9,6.98,6.98,18.35,12.665000000000001,1.225,-0.9026261253609568,0.7516280180272117,-1.1386728522480551,-0.9120532093329556,0.9737874835245074,1.6599281591915922,-1.0446957382987268,-0.8250100397538414,-0.8391117770573977
2021-07-01 23:20:00,1.81,109,3.4,-1.9,22.837083333333332,36.11527777777778,3.008,3.4,-1.9,-1.7,6.95,6.95,18.78,12.865,1.225,-1.9766909929581775,1.9781347365040467,-2.1301434003268582,-1.939087244067424,2.1537059459312866,0.6133364493405402,-1.7393525595390924,-2.136137413413378,-2.019426746858328
2021-07-02 07:15:00,2.92,233,-9.2,-17.7,22.833555555555556,36.058055555555555,3.0008333333333335,-9.2,-17.7,-7.5,7.9,7.9,18.23,13.065000000000001,1.225,6.362811605829283,-6.479345233146709,-5.327973883478862,6.132240881032162,-6.429920548291221,-6.51856015852644,10.634369192861248,0.4697931814619051,3.9931773905917214
2021-07-02 15:10:00,2.75,302,-9.6,-8.9,20.830194444444444,36.074444444444445,0.0,-9.6,-8.9,-4.5,7.0,7.0,18.080000000000002,12.540000000000001,1.225,6.088547151193749,-6.265397301709232,-4.772097893431563,5.623704794010525,-6.199155703464147,-6.6605904764737325,-2.5561762810654884,5.723345170887337,9.16245250888069
2021-07-02 23:05:00,1.72,260,-14.1,-7.3,22.839777777777776,36.12555555555556,3.000166666666667,-14.1,-7.3,-6.5,7.74,7.74,19.689999999999998,13.715,1.225,2.74390817222443,-1.9554270649918795,-2.742232190915504,2.7769418736624636,-1.917200437658093,-1.8859483216416892,2.5203767903370493,1.9586120196261718,3.172618569463105
2021-07-03 07:00:00,0.86,163,-4.9,-13.0,22.83705555555556,36.13472222222222,3.0006666666666666,-4.9,-13.0,-14.0,8.05,8.05,18.53,13.290000000000001,1.225,-0.6111269946329344,-0.16553871698724137,-0.4655370135976139,-0.6073845432578304,-0.11388188308667872,-0.5372777693342239,-0.6262938159963929,-0.5914557120141413,-0.5923598133823557
2021-07-03 14:55:00,1.89,79,4.8,7.0,22.83022222222222,36.03388888888889,2.9926666666666666,4.8,7.0,1.6,7.4,7.4,18.48,12.940000000000001,1.225,-1.904156352255001,2.645524752480976,-2.7497130270266688,-1.9453292360993273,3.0562555311541812,4.015941790970956,-2.0664047745927108,-1.9189994296613826,-1.9235190336978751
2021-07-03 22:50:00,0.87,55,-7.5,-14.2,20.83233333333333,36.1125,0.0,-7.5,-14.2,-15.1,8.28,8.28,19.84,14.059999999999999,1.225,-0.4362235963875821,0.1959270288823396,-0.5005242123642201,-0.4375396167589653,0.28137814295214186,0.746490992786917,-0.46587488981643277,-0.41910702766504604,-0.4222330230456118
2021-07-04 06:45:00,0.77,320,-12.0,-21.7,20.840861111111114,36.141666666666666,0.0,-12.0,-21.7,-23.2,9.17,9.17,19.32,14.245000000000001,1.225,0.18356875105626697,-0.564283724733234,-0.3268424610226172,0.1566076443347809,-0.5596530732232058,-0.5824900561569549,-0.4134314048351117,0.2678758872782366,0.3795516908298338
2021-07-04 14:40:00,3.38,119,5.8,3.5,20.832111111111114,24.988333333333333,0.0,5.8,3.5,8.9,6.71,6.71,17.380000000000003,12.045000000000002,1.225,-6.73791180262057,5.939110066773734,-7.379831136084814,-6.667600298992254,5.237961499352834,-3.0691782891028794,-6.435419438137159,-6.73364781108481,-6.864766383487334
2021-07-04 22:35:00,1.38,45,3.5,-6.8,20.82777777777778,25.003055555555555,0.0,3.5,-6.8,-2.3,6.92,6.92,18.22,12.57,1.225,-1.1161114371080894,0.10019272345356824,-1.1843508925120474,-1.1152961197721551,0.31337901375487065,2.0615846865462397,-1.1850197630456818,-1.1228583465178767,-1.1303188721643993
2021-07-05 06:30:00,1.08,49,-2.9,-9.7,20.83386111111111,25.00861111111111,0.0,-2.9,-9.7,-10.6,7.12,7.12,17.05,12.085,1.225,-0.6947695339405283,0.09719265156745166,-0.7346373986681717,-0.6939528062169745,0.2211536065315464,1.2515635018432993,-0.7041644851056353,-0.6991320441513414,-0.7008733297402681
2021-07-05 14:25:00,3.11,48,4.6,3.1,20.830361111111113,37.530277777777776,0.0,4.6,3.1,-1.9,8.29,8.29,19.7,13.995,1.225,-5.738042324758637,0.7316756873215184,-6.07263248782742,-5.731927719632867,1.7732972353576417,10.401326942646467,-5.883964608502957,-5.773740229064251,-5.794042294585206
2021-07-05 22:20:00,0.87,11,-3.1,-13.6,22.834722222222222,37.49888888888889,3.011333333333333,-3.1,-13.6,-11.4,8.94,8.94,20.950000000000003,14.945,1.225,-0.6557179866165297,-0.30568166713962774,-0.5611275798329435,-0.6619314549527409,-0.16925001015193564,0.8210675815900349,-0.6590851292328659,-0.7039795189499468,-0.6847278584192057
2021-07-06 06:15:00,1.1,69,-5.3,-13.8,22.825944444444445,36.04416666666667,2.9981666666666666,-5.3,-13.8,-15.6,9.11,9.11,19.28,14.195,1.225,-0.657681184394186,0.632667491145433,-0.8512067835339413,-0.6682931815417688,0.8322215940161694,1.4951897179702631,-0.7853160912778474,-0.6043393574373458,-0.6177394781583618
2021-07-06 14:10:00,2.48,162,-0.2,-8.9,22.824694444444443,38.10138888888889,2.986666666666667,-0.2,-8.9,-5.8,8.87,8.87,19.98,14.425,1.225,-5.018617680177201,-1.269290409074849,-3.882645717708427,-4.985818048967067,-0.9289863234142739,-4.471900763676809,-5.117706312631411,-4.932507588055886,-4.886814602168184
2021-07-06 22:05:00,0.68,98,-3.4,-9.4,20.829805555555556,38.050555555555555,0.0,-3.4,-9.4,-10.1,8.62,8.62,20.049999999999997,14.334999999999997,1.225,-0.2916623768099877,0.3390953706475445,-0.36122660623138936,-0.29444222392233804,0.39782137841295434,0.3988970171823097,-0.30263988985939644,-0.3067289027773243,-0.28936631709001726
2021-07-07 06:00:00,0.8,83,-6.8,-16.3,22.833333333333332,38.085,3.0006666666666666,-6.8,-16.3,-16.9,9.74,9.74,20.0,14.870000000000001,1.225,-0.32942635221536204,0.44546016630154106,-0.49425749040175787,-0.3366240166025786,0.5144057756585787,0.6088200400525726,-0.355040949801955,-0.3354090604850226,-0.33810348464042994
2021-07-07 13:55:00,2.2,82,4.6,-3.2,22.83941666666667,36.05277777777778,3.0044999999999997,4.6,-3.2,0.1,8.83,8.83,19.490000000000002,14.16,1.225,-2.519209925054834,3.4778256890469663,-3.7454161125680763,-2.5744977354582943,4.0011044343658355,4.856635383360763,-2.710301883074416,-2.56462570151143,-2.5784192476824943
2021-07-07 21:50:00,1.24,97,-0.1,-6.5,22.831027777777777,36.103611111111114,3.008666666666666,-0.1,-6.5,-7.4,8.5,8.5,20.119999999999997,14.309999999999999,1.225,-0.9397903688761371,1.09010132950792,-1.1973464863950896,-0.9498023659758252,1.281153952759491,1.2732975114530798,-0.9801508078248683,-0.985376960884597,-0.937497835708476
2021-07-08 05:45:00,0.4,332,-5.8,-17.9,22.831888888888887,36.124722222222225,3.002666666666667,-5.8,-17.9,-19.6,10.07,10.07,19.779999999999998,14.924999999999999,1.225,-0.006494777119708525,-0.14137629359739592,-0.09627911092982067,0.0004665831576611244,-0.11837090522114248,0.0087739604599445,-0.12789642885620747,0.04052659186275887,0.056351159105360746
2021-07-08 13:40:00,0.62,152,4.6,-0.4,22.837999999999997,36.11416666666667,2.9968333333333335,4.6,-0.4,1.0,9.08,9.08,19.53,14.305,1.225,-0.2984521900288063,-0.04808965586541438,-0.22187020484477785,-0.29828000640670804,-0.06662072045480565,-0.2960642161938427,-0.2983717274996507,-0.30719280722145037,-0.30033130060029933
2021-07-08 21:35:00,1.58,95,0.0,-5.1,22.831000000000003,36.080555555555556,3.0015,0.0,-5.1,-4.7,8.03,8.03,20.82,14.425,1.225,-1.428196867686945,1.648156161595229,-1.9315522226703712,-1.4469467623943826,1.9446189840098478,1.8947382623035716,-1.5062502124610107,-1.4875538405381343,-1.4418224925579093
2021-07-09 05:30:00,1.58,180,-0.7,-10.3,22.826999999999998,36.060833333333335,3.0035000000000003,-0.7,-10.3,-14.0,9.91,9.91,20.5,15.205,1.225,-2.4531184730084337,-1.3737893043478977,-1.5679362841696047,-2.3214172988575283,-0.677223135758298,-1.8901225252152916,-2.414495056498534,-1.494045425418049,-1.594341389178843
2021-07-09 13:25:00,2.57,168,2.2,0.7,20.83686111111111,36.096666666666664,0.0,2.2,0.7,-7.1,8.76,8.76,19.47,14.114999999999998,1.225,-5.798124653936864,-2.054489906196543,-4.096680217877916,-5.773713082718237,-1.1138615198311148,-4.7767102187310195,-6.078741170583559,-5.206461044998101,-5.500252738168567
2021-07-09 21:20:00,1.42,158,1.4,0.0,20.833805555555553,37.58583333333333,0.0,1.4,0.0,-8.6,8.1,8.1,20.86,14.48,1.225,-1.594210089708273,-0.32239654764150677,-1.2512119466166183,-1.585094119035403,-0.30692062198283465,-1.489794660858325,-1.605173391835801,-1.622598436857919,-1.5761971082180415
2021-07-10 05:15:00,0.58,155,-6.1,-15.8,20.83063888888889,37.540277777777774,0.0,-6.1,-15.8,-17.0,9.91,9.91,19.98,14.945,1.225,-0.26357485453287516,-0.047935378856785005,-0.20145372610288054,-0.2627390952916211,-0.05475298516592752,-0.2538200444218024,-0.26445416163185426,-0.2697674850635825,-0.26289451695464383
2021-07-10 13:10:00,2.71,100,1.3,-5.7,20.84027777777778,37.53194444444444,0.0,1.3,-5.7,-3.0,8.97,8.97,19.990000000000002,14.48,1.225,-4.9195274602469965,5.74372844947162,-5.773752479946909,-4.956339403210137,6.7168236190688235,6.843125406462482,-5.05703045455961,-5.2019387812963425,-4.8320253126440855
2021-07-10 21:05:00,1.63,31,-1.1,-7.3,20.83416666666667,37.51222222222222,0.0,-1.1,-7.3,-5.4,7.97,7.97,20.18,14.075,1.225,-1.961559307234934,-0.624041852303221,-1.6433209843848873,-1.9259879257083448,-0.30685694832257177,2.4946771074654315,-1.8779915336829922,-2.046787114681367,-2.0424167736144994
2021-07-11 05:00:00,1.12,72,-5.1,-14.7,22.822777777777777,37.53805555555556,2.9938333333333333,-5.1,-14.7,-15.7,9.02,9.02,20.380000000000003,14.700000000000001,1.225,-0.6776942033582721,0.7270040147498811,-0.9023020278978017,-0.6899543389507519,0.9247286971845418,1.555178521912933,-0.796322153248252,-0.6363768571988133,-0.6479355355270711
2021-07-11 12:55:00,1.73,51,1.6,-2.2,20.840888888888887,37.47083333333333,0.0,1.6,-2.2,-2.8,8.57,8.57,19.97,14.27,1.225,-1.7768989990719122,0.3728426524280495,-1.908599414131943,-1.7761003489973415,0.6914876150005128,3.1537863814726825,-1.8027960760242092,-1.7724359289945182,-1.7770311296252224
2021-07-11 20:50:00,0.87,59,-1.0,-4.6,20.836472222222223,37.518055555555556,0.0,-1.0,-4.6,-4.8,7.91,7.91,20.22,14.065,1.225,-0.4230720541479031,0.29756270034452126,-0.51836644519138,-0.4259060723177276,0.3878800869688405,0.6953940567634251,-0.4758253084033813,-0.38996762054912687,-0.3950574918417228
2021-07-12 04:45:00,0.89,21,-1.6,-15.6,22.83505555555556,37.46361111111111,2.997333333333333,-1.6,-15.6,-12.4,9.93,9.93,20.96,15.445,1.225,-0.6550801889897016,-0.28317245169435085,-0.5781828687769553,-0.6499910746859051,-0.16904240088778455,0.8475280561920461,-0.6223214664427024,-0.7146421931989275,-0.6680207178864397
2021-07-12 12:40:00,2.6,116,4.5,-0.3,20.832416666666667,37.48555555555556,0.0,4.5,-0.3,1.4,8.43,8.43,19.869999999999997,14.149999999999999,1.225,-4.000892454135996,3.65878851043138,-4.3422667690095995,-3.943163166015226,3.483204475447708,-0.9752807332961392,-3.695496552295026,-4.111436834564496,-4.086576849340465
2021-07-12 20:35:00,0.93,232,-5.9,-11.1,20.83025,37.47555555555556,0.0,-5.9,-11.1,-13.1,8.53,8.53,20.57,14.55,1.225,0.6403845423605621,-0.6640295071617169,-0.5373088263544662,0.6258994790742873,-0.6582712616044836,-0.6691123653259107,1.126845807250493,0.04613979281684615,0.39520466112822755
2021-07-13 04:30:00,0.28,125,-8.5,-18.7,22.831472222222217,37.494166666666665,2.9935,-8.5,-18.7,-18.8,9.02,9.02,20.11,14.565,1.225,-0.04658236570448198,0.02795238864826559,-0.04593493142599298,-0.0463603482609247,0.021567693450344542,-0.03544941867229719,-0.046462212186962,-0.04631745155892645,-0.047352537353189214
2021-07-13 12:25:00,3.34,154,2.3,0.1,20.835694444444446,37.475833333333334,0.0,2.3,0.1,-5.1,9.0,9.0,20.03,14.515,1.225,-8.71417058600208,-1.524946441877191,-6.599984806300553,-8.694028144868772,-1.8549309527056068,-8.475412802414818,-8.732831776029709,-8.935629342241638,-8.717307584659626
2021-07-13 20:20:00,3.01,131,-0.2,-3.8,20.845166666666668,37.55361111111111,0.0,-0.2,-3.8,-4.0,8.01,8.01,20.409999999999997,14.209999999999997,1.225,-5.4618875683261505,1.7028563876435554,-4.784371207889709,-5.460156926451299,0.9025920062016168,-5.469355332110894,-5.603642464397472,-5.475050110239085,-5.5374536693293015
2021-07-14 04:15:00,0.68,192,-9.5,-19.5,20.83075,37.44777777777778,0.0,-9.5,-19.5,-15.6,8.05,8.05,19.96,14.005,1.225,-0.24652212882275065,-0.3330925062410762,-0.28755538511684015,-0.15494459777347705,-0.24015332772788167,-0.3581187735380635,0.07725285654850683,-0.2113388005333193,-0.20971777957428855
2021-07-14 12:10:00,2.23,272,-3.5,-13.5,20.831777777777777,37.44305555555555,0.0,-3.5,-13.5,-7.3,8.58,8.58,20.63,14.605,1.225,5.373765080904291,-3.7491359036349157,-4.277446526178138,5.0077073152914435,-3.7240658175834422,-4.10863861998993,0.8797833722967333,4.713098221983038,7.470372768023369
2021-07-14 20:05:00,1.04,242,-5.4,-10.0,20.826833333333337,37.498333333333335,0.0,-5.4,-10.0,-6.5,8.59,8.59,20.97,14.78,1.225,0.9338191432991086,-0.7624883551996362,-0.7191494863889286,0.8351332530423039,-0.7633839321064456,-0.7578019408336288,0.9854697307652704,0.17809308687613812,0.7135019717015573
2021-07-15 04:00:00,0.68,205,-11.2,-21.2,22.839166666666667,37.45166666666667,3.0060000000000002,-11.2,-21.2,-16.0,8.89,8.89,21.14,15.015,1.225,-0.05671122663585991,-0.3711605867007791,-0.2920217686555883,-0.026122146091661733,-0.33212956613721084,-0.3715625167086765,0.1980990900116655,-0.16246825536350645,-0.10740987303564963
2021-07-15 11:55:00,4.74,290,-19.4,-33.0,20.823833333333333,37.51777777777778,0.0,-19.4,-33.0,-13.6,8.35,8.35,20.78,14.565000000000001,1.225,21.738058880645887,-16.353545671259816,-15.422211414907744,18.99905613043977,-16.194681057350593,-16.139324273725077,5.7527935346755665,11.714367004917387,22.515724932109876
2021-07-15 19:50:00,1.28,258,-8.0,-10.2,22.828388888888888,37.42166666666667,3.0021666666666667,-8.0,-10.2,-5.9,6.81,6.81,19.86,13.334999999999999,1.225,1.5985843337536036,-1.097234649750663,-1.4518555905836221,1.5936263554822077,-1.0813527105771439,-1.0650466622460075,1.4851132662648656,1.0492470643681109,1.768044573030034
2021-07-16 03:45:00,0.1,170,-7.0,-12.7,22.83152777777778,37.50944444444445,3.0108333333333333,-7.0,-12.7,-13.5,7.68,7.68,19.68,13.68,1.225,-0.008984752214117696,-0.0034594879858410687,-0.006165703657764986,-0.008953248916785233,-0.0017450730345768906,-0.007219123797613475,-0.00949753061539012,-0.007837028043841785,-0.00845487053555576
2021-07-16 11:40:00,1.29,78,0.0,-4.7,22.838055555555556,37.565555555555555,2.9948333333333332,0.0,-4.7,-3.4,7.3,7.3,19.21,13.255,1.225,-0.8887803685447869,1.1941603775796754,-1.2689854224783792,-0.9075445576693195,1.3956407890883076,1.898332261278752,-0.9760494787276348,-0.8868770535734121,-0.8908723235520748
2021-07-16 19:35:00,1.33,79,1.6,-0.2,20.837694444444445,37.50277777777778,0.0,1.6,-0.2,0.1,7.15,7.15,20.09,13.620000000000001,1.225,-0.942936136027511,1.31006095424641,-1.3616548734658815,-0.9633249029243586,1.5134543851120161,1.9886899678196372,-1.02328137671875,-0.9502864116704518,-0.9525245146295378
2021-07-17 03:30:00,0.38,194,-5.5,-12.8,27.771333333333335,38.08888888888889,0.0,-5.5,-12.8,-14.3,14.74,14.74,25.939999999999998,20.34,1.225,-0.06891112324646857,-0.10628186953310781,-0.08955867807501752,-0.04351340526827091,-0.08063485899145947,-0.11150899692878484,0.029158643149427035,-0.06411456827017943,-0.060873828628760375
2021-07-17 11:25:00,2.19,326,-3.2,-6.5,20.830166666666667,37.43416666666667,0.0,-3.2,-6.5,-8.8,8.87,8.87,20.46,14.665,1.225,0.7425433562860142,-4.374151770479193,-2.8076100024652457,0.7027135555599259,-3.9939961575268845,-1.8155074182978537,-3.5968716850061906,1.872370364374223,2.4870203508511217
2021-07-17 19:20:00,0.95,79,-5.0,-7.7,20.827749999999998,37.46333333333333,0.0,-5.0,-7.7,-9.4,7.89,7.89,19.990000000000002,13.940000000000001,1.225,-0.48108986532015857,0.6683984460440865,-0.6947218742172864,-0.4914922974103869,0.7721706046489877,1.0146377386834882,-0.5220823350605867,-0.48484000595431204,-0.48598189521915186
2021-07-18 03:15:00,1.15,324,-2.9,-20.5,22.8245,40.838055555555556,2.995333333333333,-2.9,-20.5,-20.4,16.87,16.87,27.689999999999998,22.28,1.225,0.2729888223371573,-1.2236565031470157,-0.7591368007048919,0.2456207764975468,-1.1503295436811094,-0.7668379048534146,-0.968607369600651,0.5433689160533443,0.7393932270097272
2021-07-18 11:10:00,1.63,186,-11.3,-10.2,13.78563888888889,20.57611111111111,0.0,-11.3,-10.2,-16.4,4.87,4.87,14.98,9.925,1.225,-1.983359834771135,-1.708216045100302,-1.6615059841951862,-1.576243462239424,-1.0539904976124623,-2.042879553331013,-0.8171320292847302,-1.3854273907076506,-1.4527249967810525
2021-07-18 19:05:00,1.64,49,-0.1,-7.9,20.817777777777778,37.513333333333335,0.0,-0.1,-7.9,-2.8,8.38,8.38,20.07,14.225000000000001,1.225,-1.6020680199643726,0.22411638859380822,-1.6939992690825736,-1.6001847287390039,0.5099577675988057,2.885978390395865,-1.6237318236797977,-1.612127525676824,-1.6161427534888755
2021-07-19 03:00:00,1.62,317,-14.1,-20.6,20.760694444444443,37.75972222222222,0.0,-14.1,-20.6,-28.3,13.74,13.74,24.76,19.25,1.225,1.1523734543699138,-2.480118507204054,-1.4710719269580264,1.006209041721906,-2.455800985500647,-2.582669548007315,-1.6831362943354247,1.3345514910061906,2.045362348140462
2021-07-19 10:55:00,1.57,328,-19.9,-21.9,20.827333333333332,37.53472222222222,0.0,-19.9,-21.9,-32.5,10.66,10.66,20.589999999999996,15.624999999999998,1.225,0.254441476900159,-2.215415537640282,-1.4709839989748843,0.2645104189679487,-1.9613305418663918,-0.43687129246100154,-1.8918326578146558,0.9118250376601071,1.1782557668582363
2021-07-19 18:50:00,1.32,274,-13.1,-19.1,13.874944444444445,37.510555555555555,0.0,-13.1,-19.1,-20.1,8.9,8.9,18.990000000000002,13.945,1.225,1.8496286906351602,-1.2891781187577063,-1.4624463748459973,1.7205272387762933,-1.276791424465407,-1.393230756240273,0.3738527856559227,1.574980569768575,2.4855842109106083
2021-07-20 02:45:00,0.42,243,-11.4,-22.6,15.893638888888889,37.52527777777778,3.004833333333333,-11.4,-22.6,-23.8,10.86,10.86,19.98,15.42,1.225,0.1590263827132499,-0.12434744031269515,-0.11856830008954078,0.1436249119504118,-0.12454619436102306,-0.1235840925898335,0.16542581503805442,0.03762706714297963,0.12620783833373528
2021-07-20 10:40:00,1.17,290,-24.2,-25.4,13.868333333333334,37.49055555555555,0.0,-24.2,-25.4,-25.9,0.22,0.22,9.040000000000001,4.630000000000001,1.225,1.3244507113228006,-0.9963845123372128,-0.9396404246945473,1.1575694750199843,-0.9867052510907808,-0.9833324875955712,0.35050468539663265,0.7137298595769647,1.3718321431557092
2021-07-20 18:35:00,1.52,332,-1.3,-5.9,13.879472222222223,20.86888888888889,0.0,-1.3,-5.9,-8.0,7.91,7.91,17.43,12.67,1.225,-0.09378458160859111,-2.0414736795463972,-1.3902703618266106,0.006737460796626637,-1.7092758713932974,0.1266959890415986,-1.8468244326836358,0.5852039864982381,0.8137107374814092
2021-07-21 02:30:00,1.33,269,-14.3,-23.6,13.880583333333332,37.50888888888889,0.0,-14.3,-23.6,-26.4,10.81,10.81,19.32,15.065000000000001,1.225,1.914765041008942,-1.339488503446758,-1.5664840915693683,1.8003212818637486,-1.3324686822143574,-1.4704428960860259,0.37241737766983946,1.6957449508433649,2.7017377416068276
2021-07-21 10:25:00,2.31,141,-12.2,-21.0,15.875472222222221,37.46138888888889,2.9925,-12.2,-21.0,-28.5,12.41,12.41,20.31,16.36,1.225,-3.4633836983580606,0.3067794124903059,-2.985020333598147,-3.4678488880357157,-0.09369746171344545,-3.7247551174278666,-3.47112667984517,-3.5818149377541353,-3.4770979086263183
2021-07-21 18:20:00,1.66,151,-6.4,-17.1,20.828694444444444,37.56611111111111,0.0,-6.4,-17.1,-16.4,10.95,10.95,18.53,14.74,1.225,-2.132949879257775,-0.3287591278607046,-1.5705921409146208,-2.1335861546653154,-0.48726554666413313,-2.136760698341962,-2.129779880336881,-2.19958471421486,-2.152768252382214
2021-07-22 02:15:00,1.5,179,-19.0,-26.7,22.8295,36.09027777777778,2.9986666666666664,-19.0,-26.7,-36.9,12.9,12.9,19.24,16.07,1.225,-2.1920483315802177,-1.1922125148138119,-1.4105882006875707,-2.084507718552077,-0.5886059354228901,-1.6956373490422676,-2.1722557629167514,-1.3882550932006483,-1.4835134338242222
2021-07-22 10:10:00,1.42,36,-5.6,-21.8,22.83127777777778,36.15138888888889,3.0065,-5.6,-21.8,-17.7,13.23,13.23,18.2,15.715,1.225,-1.3047475145113587,-0.19456511092032033,-1.2398590829752585,-1.2926506230789616,0.04576035999729612,2.0674781679651253,-1.356482309974195,-1.337187408244468,-1.3434969580943008
2021-07-22 18:05:00,3.57,146,-5.6,-17.0,22.832305555555557,36.143055555555556,3.0046666666666666,-5.6,-17.0,-18.1,12.83,12.83,19.21,16.02,1.225,-9.140299089793965,-0.4780430124120906,-7.1531647977908674,-9.151480366081227,-1.3763867373153507,-9.481320530045515,-9.133709950086347,-9.447453659020855,-9.222090979711446
2021-07-23 02:00:00,1.0,274,-20.2,-32.2,22.827861111111112,36.153333333333336,3.0,-20.2,-32.2,-37.1,13.93,13.93,19.41,16.67,1.225,1.0615408004104452,-0.7398864317939083,-0.8393287275286943,0.9874467623830882,-0.7327774474663721,-0.7996044285125532,0.21456197523870676,0.9039144684163077,1.4265290466658676
2021-07-23 09:55:00,1.57,242,-7.5,-20.6,22.813277777777778,36.05083333333334,2.990333333333333,-7.5,-20.6,-23.7,13.99,13.99,18.75,16.37,1.225,2.1281164999241615,-1.7376641519337865,-1.6388975305104203,1.903217414408261,-1.739705116724462,-1.7269841012951295,2.2458250179024737,0.40586321176127305,1.6260271912418351
2021-07-23 17:50:00,1.41,272,-5.3,-14.5,22.833305555555558,36.138333333333335,3.010333333333333,-5.3,-14.5,-17.2,12.68,12.68,19.0,15.84,1.225,2.148360585844441,-1.4988552132591795,-1.71006685006631,2.0020155067527834,-1.488832522660347,-1.6425796698912059,0.35172581842850953,1.8842346669195993,2.986556757647903
2021-07-24 01:45:00,1.28,267,-28.1,-29.9,22.838527777777777,36.0725,3.0004999999999997,-28.1,-29.9,-36.8,13.08,13.08,19.119999999999997,16.099999999999998,1.225,1.7170834008784914,-1.2056176331013877,-1.46597641862249,1.638703846636573,-1.1958560385933201,-1.2914061321149732,0.5784701218507051,1.4626558526602997,2.33677774094486
2021-07-24 09:40:00,1.69,261,-7.7,-19.1,22.83438888888889,36.145833333333336,2.9979999999999998,-7.7,-19.1,-21.6,13.85,13.85,18.669999999999998,16.259999999999998,1.225,2.6982020052300593,-1.9183598766333025,-2.6342814118128546,2.706018472197909,-1.8842962660583324,-1.8822300833073353,2.2296777320777403,1.9850062192502398,3.2072850847390795
2021-07-24 17:35:00,2.38,300,-10.1,-15.0,20.828944444444442,36.07138888888889,0.0,-10.1,-15.0,-18.9,11.32,11.32,18.46,14.89,1.225,4.650822169808012,-4.549999761140006,-3.643520595310116,4.328248653415089,-4.505911778364747,-4.83701730091883,-1.6699663186287412,4.4510689460946224,7.014864386338274
2021-07-25 01:30:00,0.93,248,-6.4,-20.6,22.825694444444444,36.09444444444444,2.9919999999999995,-6.4,-20.6,-21.9,11.95,11.95,18.990000000000002,15.47,1.225,0.9446603710692929,-0.6094846873295567,-0.6127511610193561,0.8861444502715523,-0.6117509725289885,-0.6057656686473067,0.9264096045035609,0.3948673843284896,0.8600740414524377
2021-07-25 09:25:00,1.01,124,-3.6,-16.1,22.83808333333333,36.18055555555556,3.002666666666667,-3.6,-16.1,-16.8,12.94,12.94,18.98,15.96,1.225,-0.6050713732185603,0.39556985227360864,-0.61018258830836,-0.6016669296920244,0.31418172473994227,-0.43226831100873736,-0.5996903510883153,-0.6011002093034445,-0.6152467703489195
2021-07-25 17:20:00,2.76,110,4.4,-2.4,20.82686111111111,36.06638888888889,0.0,4.4,-2.4,-3.4,9.94,9.94,17.9,13.919999999999998,1.225,-4.539928729994634,4.448670408160913,-4.837933630416547,-4.438534660316669,4.790120891667303,0.7959281541595074,-3.910903634105868,-4.919320464061279,-4.660423635245691
2021-07-26 01:15:00,1.58,172,2.7,-6.8,22.830194444444444,36.16416666666667,3.000166666666667,2.7,-6.8,-16.3,11.94,11.94,19.43,15.684999999999999,1.225,-2.28498652878756,-0.965659125497871,-1.5449522657334818,-2.2523547074405177,-0.4839566530330795,-1.8197701569120406,-2.3796698455604983,-1.8639576297753402,-2.00740738223268
2021-07-26 09:10:00,1.77,111,0.0,-11.1,22.818777777777775,36.143055555555556,2.9926666666666666,0.0,-11.1,-11.6,11.83,11.83,18.98,15.405000000000001,1.225,-1.864985296859856,1.8072841989651034,-1.9934874767608337,-1.825775832195852,1.9107458680446183,0.19745353638785654,-1.6258128841638027,-2.003551301572018,-1.9129003994555986
2021-07-26 17:05:00,4.87,104,7.0,-0.7,20.57011111111111,36.12555555555556,0.0,7.0,-0.7,0.8,10.03,10.03,17.6,13.815000000000001,1.225,-15.186126927064722,16.66947180827427,-17.21242548171629,-15.131181284532877,18.980202588152476,14.250665303399826,-14.669185276462676,-16.20581980135623,-15.166641448469163
2021-07-27 01:00:00,1.35,177,-2.4,-10.9,20.575249999999997,36.130833333333335,0.0,-2.4,-10.9,-13.4,10.46,10.46,18.880000000000003,14.670000000000002,1.225,-1.744872913567304,-0.8912031477592649,-1.1383815645726516,-1.6758464438176106,-0.4414971972167849,-1.3606260436999744,-1.7531711205608538,-1.1920003444920009,-1.2770357199992686
2021-07-27 08:55:00,2.06,154,-0.7,-9.9,22.571666666666665,36.18277777777778,3.0011666666666663,-0.7,-9.9,-12.2,11.1,11.1,18.92,15.010000000000002,1.225,-3.3148781149161346,-0.5800909606610176,-2.510639994623062,-3.307215912686465,-0.7056173572825768,-3.224054445151092,-3.3219768479292617,-3.3991212195432445,-3.316071431950015
2021-07-27 16:50:00,2.18,186,-3.5,-19.8,20.565083333333334,36.161944444444444,0.0,-3.5,-19.8,-8.5,9.57,9.57,18.96,14.265,1.225,-3.547637953542228,-3.055487949390146,-2.9719376112345994,-2.8194284429021197,-1.8852739812764756,-3.654100940664049,-1.4616049742078188,-2.478115522450616,-2.5984908256623425
2021-07-28 00:45:00,0.62,157,-3.9,-10.0,20.57425,36.1225,0.0,-3.9,-10.0,-16.6,9.92,9.92,19.04,14.48,1.225,-0.30300459468966034,-0.059232141990180336,-0.23575087965732253,-0.30152769801829427,-0.05986208557958726,-0.28601874823968176,-0.30473285810013767,-0.3089712500927605,-0.3004561658174238
2021-07-28 08:40:00,2.88,268,-13.0,-22.0,22.573972222222224,36.145833333333336,2.997333333333333,-13.0,-22.0,-21.5,11.17,11.17,19.88,15.524999999999999,1.225,8.835549097448345,-6.192160993669392,-7.383387116018685,8.368836554924686,-6.150993931331368,-6.7163367380802885,2.337387974860685,7.678035037379132,12.249214098562048
2021-07-28 16:35:00,2.46,280,-14.9,-15.0,20.57847222222222,36.125277777777775,0.0,-14.9,-15.0,-18.1,9.62,9.62,19.23,14.425,1.225,6.077824219894673,-4.2228400860599145,-4.701251627326453,5.620658605365946,-4.142281710504577,-4.355944320987551,1.9819064472417287,4.6741857626943535,7.258691377379475
2021-07-29 00:30:00,0.46,222,-11.6,-15.3,20.574555555555555,36.07805555555556,0.0,-11.6,-15.3,-17.0,8.95,8.95,19.47,14.209999999999999,1.225,0.09480939207053937,-0.14960467209484876,-0.124617720829804,0.0976113350319052,-0.14562948952443008,-0.15362735264163846,0.20769419045977147,-0.01321978698749667,0.05268260850422825
2021-07-29 08:25:00,0.8,217,-6.2,-15.6,20.572666666666667,36.09111111111111,0.0,-6.2,-15.6,-16.6,9.94,9.94,19.39,14.665,1.225,0.18161935466599868,-0.4660740355934045,-0.38542493875257783,0.19300375816943421,-0.44471209986966925,-0.4794832731020287,0.4969419457098864,-0.09775267636601541,0.06412247375947851
2021-07-29 16:20:00,2.31,214,-0.4,-12.3,20.574638888888888,37.46111111111111,0.0,-0.4,-12.3,-5.2,9.37,9.37,19.84,14.605,1.225,1.012113306614218,-4.101154080137187,-3.3178716740198286,1.1187519252583644,-3.859065316230931,-4.209201509783266,3.6261430049409857,-1.1468453414958022,-0.012251335539022051
2021-07-30 00:15:00,1.82,247,-23.3,-25.4,22.58486111111111,36.090555555555554,3.0075,-23.3,-25.4,-26.4,9.12,9.12,18.869999999999997,13.994999999999997,1.225,3.4915258715521627,-2.3343606559408365,-2.322664744586955,3.2544010500204434,-2.342050635592098,-2.3200993623890818,3.4596417655872176,1.3511232119692855,3.109114556878849
2021-07-30 08:10:00,2.99,277,-13.5,-23.3,22.576305555555553,36.147777777777776,3.0018333333333334,-13.5,-23.3,-25.5,11.04,11.04,19.72,15.379999999999999,1.225,9.234561129430233,-6.426555057754547,-7.224448595875229,8.565668999654479,-6.335272623554459,-6.7918157164535575,2.423049633364769,7.493157726529562,11.73833132392495
2021-07-30 16:05:00,3.08,260,-15.2,-16.2,20.573249999999998,36.096944444444446,0.0,-15.2,-16.2,-17.6,9.6,9.6,18.95,14.274999999999999,1.225,8.798610899469251,-6.27026883090149,-8.793236700885897,8.90453670575703,-6.147691397985308,-6.0474784202344924,8.081835581345791,6.280481700575216,10.173312870928475
2021-07-31 00:00:00,0.52,221,-13.3,-17.3,22.579194444444443,36.11555555555555,3.0076666666666667,-13.3,-17.3,-16.8,9.84,9.84,19.1,14.47,1.225,0.11166805332436795,-0.1885945460672016,-0.15840101898449874,0.1155663537812952,-0.18316298778436532,-0.19409262382960024,0.2507873236657972,-0.02068971910344481,0.06106325506752497
2021-07-31 07:55:00,2.17,254,-15.5,-24.1,22.575666666666667,36.145833333333336,3.0018333333333334,-15.5,-24.1,-21.9,10.85,10.85,18.869999999999997,14.86,1.225,5.048414654636949,-3.2357092313409317,-3.7886175829023867,4.900505895653252,-3.220462152878052,-3.1793555690479316,4.781630380675342,2.8118090929788275,5.144782837141843
2021-07-31 15:50:00,1.73,327,-9.8,-11.2,20.57202777777778,36.14111111111111,0.0,-9.8,-11.2,-20.0,10.13,10.13,19.509999999999998,14.82,1.225,0.38615624062905424,-2.709783326214403,-1.7690533071643446,0.37984168040527455,-2.436913529859584,-0.8316897948708049,-2.270812738206299,1.137778019388786,1.4913084672081542
2021-07-31 23:45:00,1.14,151,0.8,-8.3,20.574333333333335,36.117777777777775,0.0,0.8,-8.3,-14.2,9.77,9.77,19.39,14.58,1.225,-1.0059448624921628,-0.1550498485149411,-0.7407249043158082,-1.0062449436068528,-0.22980487169571323,-1.0077421264208206,-1.0044498230823813,-1.0373712783399738,-1.0152916318754264
2021-08-01 07:40:00,1.02,148,-9.0,-19.5,22.575444444444447,36.1475,2.999833333333333,-9.0,-19.5,-23.4,10.96,10.96,19.96,15.46,1.225,-0.7744978986546841,-0.07855907329160901,-0.5847041768809762,-0.7754275206997678,-0.14999391919524108,-0.7930875400337654,-0.7731409825296173,-0.8003648797664056,-0.7827759782262886
2021-08-01 15:35:00,1.61,130,-4.0,-10.9,20.57347222222222,36.05861111111111,0.0,-4.0,-10.9,-10.9,9.62,9.62,19.049999999999997,14.334999999999997,1.225,-1.5532681870793608,0.5192899080280212,-1.3598947755079378,-1.5524793639067729,0.2867724905432202,-1.5402546620071205,-1.5977993023179153,-1.5511699851289873,-1.576771275600687
2021-08-01 23:30:00,0.93,158,-4.9,-11.5,20.574472222222223,36.12611111111111,0.0,-4.9,-11.5,-15.4,9.46,9.46,19.96,14.71,1.225,-0.68380892014912,-0.1382864382340504,-0.5366857828946208,-0.6798987817663759,-0.13164830686022305,-0.6390217229599116,-0.688511439495529,-0.6959856120008006,-0.6760825624369095
2021-08-02 07:25:00,1.25,164,1.0,-4.2,22.579055555555556,36.14361111111111,2.9995,1.0,-4.2,-17.0,10.75,10.75,20.04,15.395,1.225,-1.3071961682816458,-0.37698225915922634,-0.9806330895905309,-1.2997160474751128,-0.24517261386384628,-1.134056841800598,-1.3461065646888675,-1.2459560869676738,-1.2613843828178837
2021-08-02 15:20:00,4.17,266,-38.7,-42.5,20.57208333333333,36.115,0.0,-38.7,-42.5,-27.2,9.79,9.79,19.45,14.62,1.225,17.92458884770838,-12.609630818031325,-15.638823532061611,17.239296197760467,-12.488729740079169,-13.331721343783508,7.3787561668322565,14.950620556798004,23.922023879257633
2021-08-02 23:15:00,2.29,279,-32.0,-33.9,22.576527777777777,36.059444444444445,3.0065,-32.0,-33.9,-35.8,10.9,10.9,19.97,15.434999999999999,1.225,5.316825160665297,-3.696141491002497,-4.128534316036594,4.921929601849482,-3.631753949026929,-3.8444554877481987,1.6187384119858654,4.16543807189923,6.4885786549160605
2021-08-03 07:10:00,1.18,266,-21.0,-32.9,22.574055555555553,36.17611111111111,3.001,-21.0,-32.9,-34.5,12.65,12.65,19.299999999999997,15.974999999999998,1.225,1.4352947864182988,-1.0097044638261663,-1.252264253980562,1.3804206146312692,-1.000023422418108,-1.0675251913050372,0.5908470395883142,1.1971570405997818,1.915533820395674
2021-08-03 15:05:00,1.45,185,-18.3,-28.5,20.583555555555556,36.03527777777778,0.0,-18.3,-28.5,-29.0,8.57,8.57,15.530000000000001,12.05,1.225,-1.6522609379058568,-1.3193141985547512,-1.31576359179251,-1.3653027465829373,-0.790111313281476,-1.6124839420450108,-0.8777746026659252,-1.123332566120849,-1.1817901589183477
2021-08-03 23:00:00,1.18,262,-9.3,-23.7,22.577916666666667,36.070277777777775,3.006166666666666,-9.3,-23.7,-24.5,12.14,12.14,19.11,15.625,1.225,1.3393964726598258,-0.9501287831680092,-1.2778604171441308,1.331470172627138,-0.9349072777708657,-0.9476017906148142,0.9877757309861956,1.0136123288675587,1.6339939884734334
2021-08-04 06:55:00,0.46,293,-9.9,-28.1,22.579305555555557,36.126666666666665,3.0016666666666665,-9.9,-28.1,-30.4,13.74,13.74,18.77,16.255,1.225,0.195431423774435,-0.15880355780069325,-0.142504876372414,0.17375923363180104,-0.1572621394600309,-0.16060783926382155,0.019210854206593114,0.1271105864396512,0.22705170110537468
2021-08-04 14:50:00,0.6,187,4.4,-1.3,20.57502777777778,36.06916666666667,7.501049911102582,4.4,-1.3,-5.6,10.25,10.25,16.01,13.13,1.225,-0.2545677229436519,-0.23701453312037044,-0.2249644081631984,-0.19337657479831516,-0.15033693230464176,-0.27750792634913135,-0.07113993817008357,-0.1830981280258281,-0.1913258895301486
2021-08-04 22:45:00,1.44,152,-3.4,-16.9,22.570638888888887,36.14805555555556,2.997666666666667,-3.4,-16.9,-19.5,12.94,12.94,19.009999999999998,15.974999999999998,1.225,-1.6099647795102305,-0.2594139188411115,-1.1968523849275008,-1.6090359554759357,-0.35937753885297863,-1.5970831391767746,-1.6095307339835474,-1.6571149975400608,-1.6201014175982846
2021-08-05 06:40:00,0.84,175,-6.8,-23.4,22.578527777777776,36.086666666666666,3.0069999999999997,-6.8,-23.4,-25.0,13.93,13.93,18.75,16.34,1.225,-0.663665360981151,-0.31619945692798224,-0.43911227767174443,-0.6439414529959022,-0.15727372444689702,-0.5218094293263003,-0.6762977863490193,-0.4876340868036135,-0.5236057471324042
2021-08-05 14:35:00,2.35,179,-1.2,-17.9,22.570722222222223,36.10333333333333,2.9961666666666664,-1.2,-17.9,-13.2,11.77,11.77,18.21,14.99,1.225,-5.380260849400779,-2.926219383581901,-3.4622103725764934,-5.116308389201709,-1.444700568165738,-4.1618476711492995,-5.33168108920345,-3.407395000978036,-3.6412013059085635
2021-08-05 22:30:00,2.41,118,-3.3,-13.7,20.573055555555555,36.11694444444444,0.0,-3.3,-13.7,-14.2,10.92,10.92,18.96,14.940000000000001,1.225,-3.4295148143110885,3.0608002898131708,-3.744848295537665,-3.3891507623161736,2.7728738554668153,-1.3195511713993362,-3.239527214709718,-3.459729030681493,-3.497049201463285
2021-08-06 06:25:00,1.47,152,0.7,-2.5,22.579666666666668,36.15083333333333,3.004,0.7,-2.5,-22.6,12.45,12.45,19.04,15.745,1.225,-1.6777454147587085,-0.2703354249728771,-1.2472407014804383,-1.6767774865875533,-0.37450758280642443,-1.6643214484216304,-1.6772930956139316,-1.7268806897108016,-1.6883088123496017
2021-08-06 14:20:00,3.41,169,-4.9,-1.8,17.826,36.14666666666667,0.0,-4.9,-1.8,-19.1,9.25,9.25,16.130000000000003,12.690000000000001,1.225,-10.32765526328405,-3.8198553441710144,-7.190927519005302,-10.287850482414703,-1.995085424382449,-8.401996597880869,-10.872803565186407,-9.139543027035728,-9.757373738671422
2021-08-06 22:15:00,1.51,141,-0.7,-8.2,22.57383333333333,36.1525,2.9985,-0.7,-8.2,-21.7,11.89,11.89,18.96,15.425,1.225,-1.479893774596843,0.13108595011696678,-1.2754905010470448,-1.4818017371507721,-0.04003665269631884,-1.5915770212790763,-1.4832023280513806,-1.5304990985126223,-1.4857538167311086
2021-08-07 06:10:00,1.3,262,-18.6,-28.1,22.57438888888889,36.16722222222222,3.0033333333333334,-18.6,-28.1,-31.1,12.34,12.34,18.06,15.2,1.225,1.625667939381719,-1.1532014101938635,-1.5509796789525863,1.6160475378769488,-1.134726586780209,-1.150134319261014,1.1988947036531676,1.230253401167893,1.983230279029088
2021-08-07 14:05:00,3.62,243,-34.4,-47.5,22.576555555555558,36.175,2.9991666666666665,-34.4,-47.5,-35.8,13.31,13.31,19.02,16.165,1.225,11.81374903416957,-9.237520390213621,-8.808199726152939,10.669604853531613,-9.252285427350289,-9.180812828425251,12.289149946625175,2.7952388813404894,9.375725604651931
2021-08-07 22:00:00,0.72,264,-19.0,-25.2,22.57322222222222,36.12361111111111,3.001333333333333,-19.0,-25.2,-29.2,12.68,12.68,18.85,15.765,1.225,0.5165182234652756,-0.36482963058093243,-0.4709913205655848,0.5048277018510337,-0.3601939367200387,-0.3751227475679585,0.2938660026809199,0.411542244014604,0.6607566849029536
2021-08-08 05:55:00,0.55,211,-8.3,-27.5,22.58113888888889,36.09638888888889,3.0058333333333334,-8.3,-27.5,-29.4,13.93,13.93,18.29,16.11,1.225,0.028908552475992402,-0.244690649911922,-0.19400242055234473,0.03561818933910757,-0.22733979668553805,-0.2506029654658132,0.17624460829630256,-0.08382440305749823,-0.03169692829842523
2021-08-08 13:50:00,0.9,310,-3.4,-13.0,22.56211111111111,36.10138888888889,2.9831666666666665,-3.4,-13.0,-16.9,13.05,13.05,18.97,16.009999999999998,1.225,0.600403366978163,-0.7527829623944282,-0.47156578705002367,0.5359729528889855,-0.7425261627240012,-0.8002514366656991,-0.4137175779595346,0.5190816708562774,0.894377215470185
2021-08-08 21:45:00,1.05,180,-2.2,-10.4,20.573833333333333,36.07388888888889,0.0,-2.2,-10.4,-15.5,10.94,10.94,18.98,14.96,1.225,-1.0833853214596214,-0.6067147524609668,-0.692457039455612,-1.025221347536623,-0.2990860868344511,-0.8347460679578029,-1.066327831993925,-0.6598241794277357,-0.7041184832437408
2021-08-09 05:40:00,0.29,249,-4.4,-19.9,22.57736111111111,36.16777777777778,3.0035000000000003,-4.4,-19.9,-22.2,12.86,12.86,18.880000000000003,15.870000000000001,1.225,0.09506335992815455,-0.05926040546338591,-0.06019260024941571,0.0897040405952953,-0.0595058932161506,-0.05889924178183731,0.09232359200050533,0.04248691339650003,0.08832278440022098
2021-08-09 13:35:00,2.41,67,0.3,-7.5,20.573833333333333,36.12583333333333,0.0,0.3,-7.5,-10.4,10.94,10.94,18.57,14.754999999999999,1.225,-3.171214088827705,2.912740322278756,-4.069433872913396,-3.2163126815741228,3.813841615687311,6.746161795910734,-3.747530939720666,-2.908801404612033,-2.9683460017994867
2021-08-09 21:30:00,1.92,340,-21.9,-20.2,20.572305555555555,36.075,0.0,-21.9,-20.2,-35.0,11.57,11.57,19.88,15.725,1.225,-1.5095053738860205,-3.2286171503617043,-2.1238142639605453,-0.9504827787993282,-2.449598757417162,0.6559158196587089,-3.157485397492473,-0.48423275327697723,0.04079748795915439
2021-08-10 05:25:00,2.05,213,-18.5,-27.9,22.56933333333333,36.11,2.9946666666666664,-18.5,-27.9,-36.7,12.92,12.92,19.98,16.45,1.225,0.6652713932833605,-3.2863971672125496,-2.640412677221513,0.7523322967274607,-3.078941581853973,-3.370505474406187,2.720033662738162,-0.9903184051505146,-0.15321628989444036
2021-08-10 13:20:00,2.89,179,-8.6,-14.1,20.576916666666666,36.08722222222222,0.0,-8.6,-14.1,-18.7,11.95,11.95,18.95,15.45,1.225,-8.13698083119606,-4.425545842211751,-5.236166093761183,-7.7377852960528015,-2.184931392553565,-6.294281201304854,-8.063509936647556,-5.153264606187172,-5.506867800285906
2021-08-10 21:15:00,0.52,299,-9.4,-16.4,20.576416666666667,36.1275,0.0,-9.4,-16.4,-21.4,10.92,10.92,19.060000000000002,14.990000000000002,1.225,0.22597557654336184,-0.21516361660622038,-0.1750976200778175,0.20882040927653836,-0.21307826633890212,-0.22723695279170125,-0.06482332646235758,0.20532994353076528,0.32847801157174816
2021-08-11 05:10:00,1.08,299,-23.2,-33.0,22.578861111111113,36.14222222222222,3.008666666666666,-23.2,-33.0,-37.7,12.51,12.51,19.28,15.895,1.225,0.9747703863911884,-0.9281318136445841,-0.7553027516966213,0.9007696944532337,-0.9191364269885188,-0.9802114709180489,-0.2796225147399922,0.8857131883664375,1.4169258605668906
2021-08-11 13:05:00,2.35,136,-13.1,-13.8,20.57272222222222,36.11972222222222,0.0,-13.1,-13.8,-20.1,6.94,6.94,13.93,10.435,1.225,-3.4291756357089813,0.6959952426837859,-3.011254531008822,-3.4312492413408013,0.24613848530759727,-3.595114425748455,-3.473237572104989,-3.4996654899669513,-3.4551712819064146
2021-08-11 21:00:00,2.56,301,-34.4,-24.3,20.576833333333337,36.090555555555554,0.0,-34.4,-24.3,-33.2,5.46,5.46,13.86,9.66,1.225,5.328597459739558,-5.346901121839474,-4.175471327172069,4.9405775628674,-5.292694444207349,-5.684173531055941,-2.0736398022907374,5.054801664516667,8.028083250162117
2021-08-12 04:55:00,2.54,276,-24.8,-31.5,22.57063888888889,36.077777777777776,2.9979999999999998,-24.8,-31.5,-35.1,12.83,12.83,18.91,15.870000000000001,1.225,6.725610283352668,-4.682954971361294,-5.280674145972445,6.244465736598025,-4.623751042188487,-4.987106785845104,1.6271476727970826,5.548843433192786,8.715089188701304
2021-08-12 12:50:00,4.66,293,-12.1,-20.4,22.57877777777778,35.990833333333335,3.004,-12.1,-20.4,-29.5,13.49,13.49,19.36,16.425,1.225,20.05628840319527,-16.29732769270668,-14.624663957243822,17.832164526723712,-16.139138542808347,-16.482493356887726,1.97152753123201,13.044814040117624,23.301341779413388
2021-08-12 20:45:00,1.9,282,-24.2,-26.9,20.578944444444442,36.181111111111115,0.0,-24.2,-26.9,-31.6,11.9,11.9,18.759999999999998,15.329999999999998,1.225,3.59907103933029,-2.540786302140918,-2.7391696627031634,3.2928799746971498,-2.4972363556932136,-2.5974234850651694,1.1306905149996365,2.6071008563535476,4.187605709693614
2021-08-13 04:40:00,2.12,291,-26.3,-35.2,22.574777777777776,36.09527777777778,3.0033333333333334,-26.3,-35.2,-41.1,13.96,13.96,18.9,16.43,1.225,4.28263487400971,-3.3052329664748363,-3.06563567161354,3.7639233349134096,-3.273133589029444,-3.2894388780262,0.9032026850194097,2.4621676381866084,4.610216347520149
2021-08-13 12:35:00,2.45,206,-10.5,-17.5,20.574194444444448,36.12583333333333,0.0,-10.5,-17.5,-26.7,13.54,13.54,18.21,15.875,1.225,-0.5118754474680289,-4.841699055532406,-3.810371983326655,-0.16670273860939702,-4.362707390803887,-4.869055128975313,2.7179070954298536,-2.044773255132579,-1.282250230113917
2021-08-13 20:30:00,1.01,290,-12.3,-19.5,20.576527777777777,36.138333333333335,0.0,-12.3,-19.5,-23.3,11.95,11.95,18.45,15.2,1.225,0.9869765290528079,-0.7425026232998689,-0.7002171066045055,0.8626171535304885,-0.7352896680821865,-0.732776295270832,0.2611949956703228,0.5318692598104036,1.0222850239120014
2021-08-14 04:25:00,0.58,251,-11.6,-28.3,22.57322222222222,36.17305555555556,3.0054999999999996,-11.6,-28.3,-29.9,13.75,13.75,18.669999999999998,16.21,1.225,0.38497692273551637,-0.235558751173921,-0.2500738879131102,0.3672490669451906,-0.23609826984759302,-0.23347017912314932,0.3690975336438727,0.18995304685094944,0.3709292660500433
2021-08-14 12:20:00,2.36,116,-4.2,-13.5,22.577250000000003,36.15888888888889,3.004166666666667,-4.2,-13.5,-18.9,13.49,13.49,18.58,16.035,1.225,-3.296356599490509,3.0144953384169546,-3.5776167154845955,-3.2487931315737284,2.8698307169309993,-0.8035389899654108,-3.0447392895950265,-3.3874347032234344,-3.3669524290069015
2021-08-14 20:15:00,1.83,138,-0.1,-9.2,20.5745,36.13305555555556,0.0,-0.1,-9.2,-11.5,10.94,10.94,18.86,14.899999999999999,1.225,-2.1037269548705075,0.33911013375304644,-1.8490953255140503,-2.1057432725722722,0.07551458230250145,-2.2435005769725813,-2.1201755616636135,-2.161624905246928,-2.1146239377132416
2021-08-15 04:10:00,0.76,178,-14.5,-27.3,22.568666666666665,36.08888888888889,2.992833333333333,-14.5,-27.3,-23.0,11.94,11.94,18.74,15.34,1.225,-0.5578605100401287,-0.29425040232550953,-0.3614489286469266,-0.5331188886474493,-0.14551209866546685,-0.43325424154036335,-0.5566349880524358,-0.36707897774020914,-0.39278093085510085
2021-08-15 12:05:00,3.74,253,-5.9,-22.0,22.57638888888889,36.09583333333333,3.004,-5.9,-22.0,-14.7,12.63,12.63,19.15,15.89,1.225,15.333223562471462,-9.672561808727266,-10.968671035193271,14.79460921494214,-9.649845691506252,-9.532016477626458,14.584819134505981,8.201010445722575,15.329360382516244
2021-08-15 20:00:00,0.69,197,-2.7,-12.2,20.573944444444443,36.01611111111111,0.0,-2.7,-12.2,-11.2,10.36,10.36,18.86,14.61,1.225,-0.18727654182642914,-0.3616105280647291,-0.29409524500361045,-0.11936623621483772,-0.2937483571166152,-0.36604470083287555,0.12103422035676838,-0.20207845263964025,-0.17786948845231496
2021-08-16 03:55:00,0.4,213,-11.8,-17.4,22.571583333333333,36.10333333333333,3.001,-11.8,-17.4,-19.0,11.11,11.11,18.9,15.004999999999999,1.225,0.02532859558009225,-0.1251216054143981,-0.10052731192277027,0.028643228429837887,-0.11722323690580266,-0.1283238253194503,0.10355868793292229,-0.03770397259347587,-0.0058333388181107575
2021-08-16 11:50:00,4.16,241,1.9,-6.2,20.579055555555556,36.07666666666667,0.0,1.9,-6.2,-8.8,10.52,10.52,18.16,14.34,1.225,14.281039293721033,-12.200607734441776,-11.380722487180655,12.634041442880669,-12.209767567008749,-12.125530175141982,15.306046210324508,2.0076013812294558,10.450530401318938
2021-08-16 19:45:00,1.52,250,0.2,-10.0,20.838805555555556,36.1125,0.0,0.2,-10.0,-7.3,9.13,9.13,18.78,13.955000000000002,1.225,2.6997088997760783,-1.6278992306324132,-1.6703921440326703,2.561558927186298,-1.6353334294009636,-1.6179899950019683,2.5979278952236093,1.2795999405245917,2.555308690060894
2021-08-17 03:40:00,1.24,165,-4.5,-16.7,22.83102777777778,36.06138888888889,3.0015,-4.5,-16.7,-19.5,10.85,10.85,18.98,14.915,1.225,-1.3022198251937138,-0.39780070368154113,-0.9621778662986707,-1.2952784026929407,-0.24577502420718378,-1.1149891724948944,-1.3472692266320523,-1.2225873476416493,-1.2510726166689237
2021-08-17 11:35:00,7.03,179,7.6,14.6,22.832194444444447,36.045,2.999833333333333,7.6,14.6,-8.2,9.75,9.75,17.77,13.76,1.225,-48.14800061786346,-26.1867624326053,-30.983350403271274,-45.785887781240156,-12.928637810640494,-37.24441060590355,-47.71325992601444,-30.492807171359967,-32.58514180519267
2021-08-17 19:30:00,1.72,284,-15.6,-14.6,20.837861111111113,36.13916666666667,0.0,-15.6,-14.6,-16.4,9.64,9.64,18.98,14.31,1.225,2.927667366811655,-2.099967838657396,-2.1912412781767894,2.6493104658946947,-2.0679713206024255,-2.127726676021075,0.8843252455142598,1.9880116236127932,3.314995710566753
2021-08-18 03:25:00,1.9,318,-22.6,-28.0,22.832833333333333,36.13666666666666,2.9968333333333335,-22.6,-28.0,-38.6,11.91,11.91,19.98,15.945,1.225,1.429332822777436,-3.419610024969129,-2.0123748110531876,1.240575428329627,-3.387911764951644,-3.5506039825502738,-2.382583768892,1.7675038760018844,2.6459964155764077
2021-08-18 11:20:00,1.87,318,-15.5,-26.7,20.836388888888887,36.048611111111114,0.0,-15.5,-26.7,-31.6,11.21,11.21,17.830000000000002,14.520000000000001,1.225,1.3845523401580102,-3.3124748743253596,-1.9493278329008012,1.201708646904674,-3.2817697093793368,-3.4393648383878266,-2.307938277406769,1.7121286160639861,2.563098300728294
2021-08-18 19:15:00,2.08,303,-17.2,-22.4,20.848694444444444,36.13444444444445,0.0,-17.2,-22.4,-34.2,11.8,11.8,19.049999999999997,15.424999999999999,1.225,3.4486376504716056,-3.638901346415201,-2.703636824329036,3.1729318471131407,-3.598894448067921,-3.8684177834823283,-1.5557787986231824,3.2115318119189467,5.183631370203226
2021-08-19 03:10:00,0.3,222,-17.0,-29.7,22.84252777777778,36.08083333333333,3.0031666666666665,-17.0,-29.7,-33.7,13.01,13.01,18.880000000000003,15.945,1.225,0.04032535579559802,-0.06363147678892431,-0.05300375649660849,0.04151710847292753,-0.06194070915500331,-0.06534244677574412,0.08833873885339992,-0.005622782745154536,0.02240753669839575
2021-08-19 11:05:00,2.18,153,-8.3,-23.7,22.827888888888893,36.06027777777778,2.9986666666666664,-8.3,-23.7,-25.6,14.0,14.0,17.95,15.975,1.225,-3.7010696084155774,-0.6220915472077599,-2.7773393998443034,-3.6957147980494804,-0.8069312294828848,-3.635451520963964,-3.70454715187953,-3.802272298177794,-3.713353680708729
2021-08-19 19:00:00,1.25,289,-7.4,-17.8,22.824583333333333,36.09638888888889,2.9936666666666665,-7.4,-17.8,-22.9,12.95,12.95,18.69,15.82,1.225,1.517515025993528,-1.132602663735664,-1.0866627349750706,1.33427664686342,-1.1205793204528463,-1.1226312191544967,0.41124016125747964,0.853889441839819,1.5966787839441687
2021-08-20 02:55:00,0.46,290,-23.9,-28.9,22.837583333333335,36.12555555555556,3.0123333333333333,-23.9,-28.9,-37.0,13.89,13.89,18.35,16.12,1.225,0.20472917708810334,-0.154017797363251,-0.14524648540095425,0.17893323172929268,-0.15252160941691084,-0.1520002588759025,0.05417984617570858,0.11032598311526462,0.212053240917341
2021-08-20 10:50:00,1.26,320,-7.9,-20.6,22.826055555555556,36.14944444444444,2.993333333333333,-7.9,-20.6,-27.4,14.07,14.07,17.23,15.65,1.225,0.49153946563826856,-1.5109746017650232,-0.8751814658787436,0.41934608896255376,-1.498575171275361,-1.5597254396268876,-1.10703946418658,0.7172874998194103,1.0163202299906293
2021-08-20 18:45:00,1.68,308,-10.4,-17.6,22.839666666666666,36.1375,3.008833333333333,-10.4,-17.6,-28.2,13.71,13.71,18.89,16.3,1.225,2.1371306771474248,-2.5518499106831403,-1.6776071552622296,1.9253815839008013,-2.518864968859457,-2.7127733598020445,-1.3196795217181367,1.8905357277268537,3.1921853256650534
2021-08-21 02:40:00,0.3,232,-16.7,-30.5,22.824416666666668,36.11611111111111,2.995333333333333,-16.7,-30.5,-33.5,13.95,13.95,18.419999999999998,16.185,1.225,0.06663730929870572,-0.06909776349237429,-0.05591142834073529,0.06513001863416101,-0.06849857040629381,-0.06962667693297717,0.11725762822585772,0.004801227140150483,0.041124314373384756
2021-08-21 10:35:00,2.0,199,-6.6,-18.0,22.84111111111111,36.07055555555556,3.002,-6.6,-18.0,-23.9,14.01,14.01,17.23,15.620000000000001,1.225,-1.3497729153130824,-3.1007787204033144,-2.4642159999514197,-0.867873223764751,-2.624156782990151,-3.066338421142761,1.1563219993375375,-1.6456180865297592,-1.366475633960094
2021-08-21 18:30:00,2.41,318,-21.2,-22.4,20.832472222222222,36.07194444444445,0.0,-21.2,-22.4,-32.1,12.65,12.65,18.29,15.469999999999999,1.225,2.2996420963915867,-5.501783098621386,-3.2376936676116403,1.9959518407981465,-5.4507840227190165,-5.712538224667659,-3.8333198859007283,2.843722787314833,4.257122377093999
2021-08-22 02:25:00,0.34,216,-14.9,-27.9,22.840138888888887,36.12611111111111,2.9971666666666663,-14.9,-27.9,-33.0,13.81,13.81,18.57,16.19,1.225,0.029178724529063674,-0.08573855698726969,-0.07037078038768868,0.03131966099965502,-0.08141803944532988,-0.08813349060136619,0.0860253922157703,-0.020052712926155233,0.007632944543083098
2021-08-22 10:20:00,2.27,293,-14.0,-26.6,22.841222222222225,36.08444444444444,2.9961666666666664,-14.0,-26.6,-28.0,13.96,13.96,17.439999999999998,15.7,1.225,4.759161548049556,-3.8671968477844625,-3.4702900636078073,4.2313986530307535,-3.8296601059716124,-3.911134853225643,0.4678242468863594,3.095407092934209,5.529181052107208
2021-08-22 18:15:00,1.6,177,-7.5,-18.8,22.83677777777778,36.044444444444444,2.9961666666666664,-7.5,-18.8,-23.1,13.03,13.03,18.869999999999997,15.95,1.225,-2.450960032226227,-1.2518409098840704,-1.5990435145711868,-2.3540010404241882,-0.6201551851165812,-1.9112223165278104,-2.462616224217166,-1.6743598803289559,-1.7938060044982866
2021-08-23 02:10:00,0.67,281,-8.2,-24.3,22.830944444444444,36.08972222222222,2.995833333333333,-8.2,-24.3,-26.1,13.38,13.38,17.84,15.61,1.225,0.4491931368264998,-0.3145946130799167,-0.3446729825303481,0.4131998735640226,-0.30889905729264844,-0.32305275399766914,0.14380778586489693,0.3354578127909738,0.5295826074352711
2021-08-23 10:05:00,1.76,141,-5.7,-21.6,22.83205555555556,36.09166666666667,3.002,-5.7,-21.6,-22.7,14.08,14.08,17.21,15.645,1.225,-2.010490310157967,0.17808510112815942,-1.732800919276929,-2.0130823477032727,-0.0543912702917053,-2.162216122588512,-2.0149851021323437,-2.079239510351607,-2.0184513936696997
2021-08-23 18:00:00,1.11,72,-3.4,-16.7,22.83661111111111,36.225833333333334,3.002,-3.4,-16.7,-17.9,12.97,12.97,18.439999999999998,15.704999999999998,1.225,-0.6656465465224228,0.7140797565157275,-0.8862614226505752,-0.6776887284926829,0.908289403540397,1.5275314547583905,-0.782165597111903,-0.6250637163222719,-0.6364169111311418
2021-08-24 01:55:00,0.64,280,-5.8,-24.7,22.835472222222222,36.05416666666667,3.005,-5.8,-24.7,-23.9,13.95,13.95,18.060000000000002,16.005000000000003,1.225,0.4113749752906436,-0.2858211546120268,-0.3182022385076535,0.3804319130077818,-0.28036859485469545,-0.2948302587541314,0.13414450406342326,0.31637029684705004,0.49130147203626046
2021-08-24 09:50:00,1.69,28,-3.9,-24.1,22.844083333333337,36.13527777777778,3.0006666666666666,-3.9,-24.1,-22.5,14.15,14.15,17.1,15.625,1.225,-2.20546912486976,-0.810136448560593,-1.838858905839379,-2.1683676030876633,-0.45340433685178133,2.726498978218956,-2.0839771176352064,-2.3315568473981876,-2.2884252699696184
2021-08-24 17:45:00,2.27,45,-4.3,-21.7,22.827888888888886,36.07833333333333,2.982666666666667,-4.3,-21.7,-24.0,14.07,14.07,17.32,15.695,1.225,-3.0199593700242993,0.27110012848345516,-3.204600774010361,-3.0177532953024264,0.8479367359680076,5.578208218496178,-3.2064105949370383,-3.0382150670930312,-3.0584016574122743
2021-08-25 01:40:00,1.99,103,-1.1,-19.7,22.83725,36.14805555555556,2.997333333333333,-1.1,-19.7,-20.8,13.98,13.98,16.73,15.355,1.225,-2.564942860186983,2.8618094341176534,-2.9338511010717063,-2.5630244517489222,3.2823615626864546,2.70710626471312,-2.518742249888002,-2.730709922700418,-2.5507069175534465
2021-08-25 09:35:00,0.5,170,-5.8,-23.2,22.83758333333333,36.05777777777778,3.0043333333333333,-5.8,-23.2,-24.7,14.04,14.04,16.46,15.25,1.225,-0.22461880535294232,-0.08648719964602669,-0.1541425914441246,-0.22383122291963076,-0.04362682586442225,-0.18047809494033684,-0.23743826538475293,-0.19592570109604457,-0.21137176338889394
2021-08-25 17:30:00,0.96,334,-8.8,-22.1,20.835222222222225,36.08638888888889,0.0,-8.8,-22.1,-26.3,13.29,13.29,16.02,14.655,1.225,-0.12240152302501711,-0.8125341602383569,-0.5486641507143594,-0.057389534433861966,-0.6644622328939082,0.07889824791562955,-0.7498554100020958,0.14481032976730723,0.24598685033260553
2021-08-26 01:25:00,0.98,287,-12.4,-27.8,22.83727777777778,36.10305555555556,2.9979999999999998,-12.4,-27.8,-28.8,13.97,13.97,16.36,15.165,1.225,0.9398190749047834,-0.6903857852060261,-0.6852956524392854,0.8360961833206051,-0.6817967780932291,-0.6903129756381671,0.26649588796521523,0.5730601731723385,1.0193102873028277
2021-08-26 09:20:00,1.44,243,-7.5,-26.3,22.833027777777776,36.08222222222222,3.003833333333333,-7.5,-26.3,-27.5,14.53,14.53,16.01,15.27,1.225,1.869371355976162,-1.4617168493900492,-1.3937824663586835,1.688325495580351,-1.4640532235091692,-1.4527436190151857,1.944597335957538,0.44231001376237283,1.4835860179639087
2021-08-26 17:15:00,1.06,126,-7.5,-24.4,22.836972222222222,36.08444444444444,3.0036666666666663,-7.5,-24.4,-27.1,14.18,14.18,16.09,15.135,1.225,-0.668740404109575,0.36550210867457456,-0.6445530213672864,-0.6661265197716789,0.2721417154501065,-0.5399695613750813,-0.6712233960448619,-0.6655211804240826,-0.679608238960933
2021-08-27 01:10:00,0.82,73,-7.6,-25.3,22.839138888888886,36.030277777777776,2.9993333333333334,-7.6,-25.3,-29.0,15.02,15.02,16.48,15.75,1.225,-0.36257590640904236,0.40516774078417106,-0.48851136060861483,-0.36931608922667536,0.5070586681998386,0.8225301214345059,-0.4214433613564794,-0.3439915069858949,-0.34942375904218076
2021-08-27 09:05:00,1.42,296,-10.4,-26.6,22.841611111111114,36.0875,3.0015,-10.4,-26.6,-31.3,14.97,14.97,16.05,15.510000000000002,1.225,1.7737236914796302,-1.5588917830594347,-1.3318461827608081,1.6064993805830874,-1.5437721303693457,-1.6125045944507075,-0.15016403111696627,1.3712205134225222,2.306568739281798
2021-08-27 17:00:00,1.05,218,-2.4,-17.1,22.83377777777778,36.12305555555555,3.002,-2.4,-17.1,-18.6,14.01,14.01,17.16,15.585,1.225,0.3474521820656684,-0.7880651723949792,-0.6567693473805347,0.3662564763802426,-0.7556722561628758,-0.8114232317641241,0.8916791648209228,-0.1455418395821998,0.1481250628074194
2021-08-28 00:55:00,0.54,125,-2.9,-20.2,22.826777777777775,36.05027777777778,2.9975,-2.9,-20.2,-22.0,13.99,13.99,17.21,15.600000000000001,1.225,-0.17325788060493558,0.10396577206421236,-0.17084982147729028,-0.1724321116439496,0.080218614925006,-0.13185013373522786,-0.1728109830831393,-0.17227256217580303,-0.17612244760446402
2021-08-28 08:50:00,0.93,60,-2.8,-20.9,22.839194444444445,36.03388888888889,3.012833333333333,-2.8,-20.9,-22.5,14.46,14.46,16.47,15.465,1.225,-0.4796820285529749,0.3690555589772581,-0.5974277648818566,-0.48335407425128285,0.473650244503053,0.7800209865279519,-0.5465620801916335,-0.43728673102034643,-0.44366388619281955
2021-08-28 16:45:00,2.42,261,-19.7,-41.7,22.832583333333336,36.07694444444444,3.0036666666666663,-19.7,-41.7,-28.8,13.73,13.73,16.080000000000002,14.905000000000001,1.225,5.532631988876202,-3.9335747283061773,-5.401563551745667,5.548659563943781,-3.86372768899689,-3.859491005175266,4.571928388410797,4.070232282629146,6.576500952440721
2021-08-29 00:40:00,0.41,161,-10.1,-23.4,22.822388888888888,36.07361111111111,2.988,-10.1,-23.4,-25.6,14.05,14.05,16.34,15.195,1.225,-0.13543324649295962,-0.031758892533085115,-0.10642790622224678,-0.1344909197317639,-0.024897636879273294,-0.12233282138347204,-0.13740254816087674,-0.13519718878200512,-0.13249397931027262
2021-08-29 08:35:00,0.18,186,-6.9,-25.3,22.82875,36.165277777777774,2.996,-6.9,-25.3,-27.5,14.98,14.98,16.18,15.58,1.225,-0.024186404699681873,-0.020831118921016894,-0.02026150547176184,-0.019221757753982965,-0.012853058874117872,-0.024912227606580913,-0.009964649685281816,-0.01689482007562493,-0.017715491699238247
2021-08-29 16:30:00,3.1,208,-4.6,-17.4,22.825833333333332,36.08694444444444,3.000333333333333,-4.6,-17.4,-21.0,13.99,13.99,16.93,15.46,1.225,-0.10129280947871308,-7.827108604973294,-6.163109812738576,0.2851133904811046,-7.148865644415551,-7.941793271746792,4.819968332290281,-3.0679294879283945,-1.6940749733661669
2021-08-30 00:25:00,0.77,225,-2.1,-16.6,22.850416666666668,36.17333333333333,3.0115,-2.1,-16.6,-20.8,14.46,14.46,17.47,15.965,1.225,0.32806184222978363,-0.4361790533066529,-0.3547408188056273,0.3338227021736241,-0.4273544146733167,-0.4450984790845348,0.6781367461501224,-0.012068927274691955,0.18878741016584966
2021-08-30 08:20:00,1.48,56,1.8,-13.3,22.83469444444444,36.131388888888885,3.0043333333333333,1.8,-13.3,-15.2,13.85,13.85,16.13,14.989999999999998,1.225,-1.2528767089402981,0.6405261695819359,-1.4613801578263184,-1.2577833896324688,0.8913345869545722,2.1233098010754374,-1.3553986099512845,-1.191776052399048,-1.2022432194369908
2021-08-30 16:15:00,3.74,123,6.0,-4.0,13.89725,36.13805555555555,0.0,6.0,-4.0,-7.2,12.59,12.59,16.54,14.565,1.225,-8.28255208158592,5.8610220107359705,-8.538232795669632,-8.22879955413109,4.768150106670019,-5.529870130554694,-8.156420030244718,-8.220911167313455,-8.424193110359033
2021-08-31 00:10:00,1.62,81,-5.8,-19.0,13.893333333333333,36.096666666666664,0.0,-5.8,-19.0,-20.5,11.69,11.69,16.330000000000002,14.010000000000002,1.225,-1.3811355385435373,1.9449075247063792,-2.034999860166606,-1.4115781902400213,2.2296637738552056,2.7702977778428854,-1.4833318010615395,-1.4058544159959585,-1.4097641807830885
2021-08-31 08:05:00,1.71,315,-24.4,-27.8,13.897055555555555,36.10305555555556,0.0,-24.4,-27.8,-37.3,12.9,12.9,16.77,14.835,1.225,1.5363957995777648,-2.750257510482079,-1.6571469323146457,1.3536146955653379,-2.7203251237943866,-2.8808336485522665,-1.7662532041642949,1.5975056491476396,2.5502988408283196
2021-08-31 16:00:00,2.78,242,-12.6,-23.3,13.883000000000001,36.11638888888889,0.0,-12.6,-23.3,-21.8,12.02,12.02,16.74,14.379999999999999,1.225,6.672455498403133,-5.448238724412784,-5.138567761287162,5.967311235957969,-5.454637926120056,-5.4147526992775665,7.041516519273589,1.2725356995317543,5.09821434735421
2021-08-31 23:55:00,0.68,239,-12.3,-26.0,15.885305555555556,36.131388888888885,3.0035000000000003,-12.3,-26.0,-27.7,12.96,12.96,17.4,15.18,1.225,0.3612504143565842,-0.3296414184584725,-0.2990475003625607,0.32018568549362875,-0.32934989856839275,-0.32822358704320437,0.422367431290961,0.03033750145860204,0.2481682315674351
2021-09-01 07:50:00,0.36,44,-8.8,-27.6,15.876027777777777,36.178333333333335,2.988833333333333,-8.8,-27.6,-30.0,14.5,14.5,17.21,15.855,1.225,-0.07564416323569446,0.005823214624847651,-0.08034159115595749,-0.07559749419985885,0.020514794393389126,0.14060544527041607,-0.08124495922669207,-0.07609691608920925,-0.07668318533258378
2021-09-01 15:45:00,0.77,87,-3.8,-17.0,6.945444444444444,36.08166666666666,0.0,-3.8,-17.0,-19.4,13.06,13.06,17.41,15.235,1.225,-0.29150029475819467,0.3592508233059214,-0.45416224592915994,-0.2977490740290988,0.4222024551917663,0.4403221133029939,-0.31651285180587285,-0.2969586559591642,-0.3026804752239443
2021-09-01 23:40:00,1.54,268,-20.8,-30.0,8.944444444444445,36.077777777777776,2.9971666666666663,-20.8,-30.0,-42.7,14.21,14.21,18.880000000000003,16.545,1.225,2.5263296006351874,-1.7705113103523262,-2.1111160402620945,2.392883484478611,-1.7587405005239047,-1.9203877565624055,0.6683243298104266,2.195364088378708,3.502391511881481
2021-09-02 07:35:00,3.48,305,-27.1,-37.7,8.949555555555555,36.04222222222222,3.0021666666666667,-27.1,-37.7,-48.4,15.6,15.6,18.01,16.805,1.225,9.460041826820387,-10.491385579071551,-7.420111710684181,8.633560080717007,-10.367580589080188,-11.15305833641705,-4.877949878901567,8.63858231097943,14.184802596076285
2021-09-02 15:30:00,3.1,333,-28.4,-29.9,8.940972222222221,36.12305555555555,2.9971666666666663,-28.4,-29.9,-58.6,16.66,16.66,18.0,17.33,1.225,-0.8332182785611505,-8.48206384828745,-5.751984528607809,-0.2852031078740792,-7.019171982074376,0.6748494250134461,-7.750454782147953,1.9720703257368883,2.974811823107007
2021-09-02 23:25:00,1.94,295,-22.6,-34.4,8.943916666666667,36.055277777777775,2.997,-22.6,-34.4,-42.8,15.35,15.35,16.02,15.684999999999999,1.225,3.365770432907602,-2.8812895185582588,-2.5021383406837177,3.0291982303252993,-2.8533369280968657,-2.9586987565467875,-0.0729563384910592,2.459863382980681,4.216275608645134
2021-09-03 07:20:00,1.89,272,-27.7,-38.4,8.94038888888889,36.077777777777776,2.9941666666666666,-27.7,-38.4,-44.6,16.08,16.08,15.23,15.655,1.225,3.860046702225706,-2.693054025090848,-3.0725465495306405,3.5971025560442724,-2.6750458499044445,-2.951289592484471,0.6319600603634018,3.385480938435441,5.366067800409474
2021-09-03 15:15:00,3.53,258,-32.9,-46.7,8.9405,36.10444444444445,3.0011666666666663,-32.9,-46.7,-34.0,14.77,14.77,14.969999999999999,14.87,1.225,12.158080764447188,-8.345050809984151,-11.042130937929352,12.120372713029928,-8.224260248553911,-8.100244112293256,11.295073180908117,7.980079800039421,13.446915661663784
2021-09-03 23:10:00,2.85,280,-45.4,-42.3,8.940666666666665,36.06166666666667,2.9944999999999995,-45.4,-42.3,-34.0,13.52,13.52,14.62,14.07,1.225,8.157698332026984,-5.667925606289521,-6.310052935250038,7.544087435072529,-5.559799589129063,-5.8465790447520325,2.660128745740126,6.273724941748447,9.742666520054994
2021-09-04 07:05:00,1.29,214,-9.7,-29.3,8.95311111111111,36.13527777777778,3.0115,-9.7,-29.3,-35.9,15.92,15.92,15.66,15.79,1.225,0.31563459334283844,-1.278973502137571,-1.0347014210259173,0.3488905902854977,-1.2034764327392462,-1.312668846616505,1.130837985517943,-0.3576517180680955,-0.003820664431042633
2021-09-04 15:00:00,2.84,322,-16.1,-25.9,8.952722222222222,36.109722222222224,3.01,-16.1,-25.9,-31.7,15.38,15.38,15.62,15.5,1.225,2.0810475004151807,-7.569546197067604,-4.538017775045447,1.8142073964516694,-7.314447848157405,-6.300370661693121,-5.7657348830105075,3.478980214538831,4.836330967136
2021-09-04 22:55:00,0.4,321,-13.2,-33.0,8.94286111111111,36.06722222222222,2.995333333333333,-13.2,-33.0,-38.2,15.9,15.9,15.91,15.905000000000001,1.225,0.045410149533407565,-0.15121861338223658,-0.08911194175794356,0.03912558915196625,-0.14806356399302772,-0.14108666436079917,-0.1129727054642906,0.07065134083399273,0.09918286759605209
2021-09-05 06:50:00,1.06,276,-21.7,-40.4,8.942805555555555,36.106944444444444,2.9981666666666666,-21.7,-40.4,-45.8,16.77,16.77,15.11,15.94,1.225,1.1713211783704909,-0.8155757030537464,-0.9196734872612436,1.0875258388061166,-0.8052648445351517,-0.8685462807017731,0.28338135116169666,0.9663774073928041,1.517805538536919
2021-09-05 14:45:00,2.52,207,-12.5,-25.6,8.9325,36.11527777777778,2.983833333333333,-12.5,-25.6,-34.0,16.6,16.6,15.52,16.060000000000002,1.225,-0.3042393997845186,-5.147282283897476,-4.051936412678514,0.006020779018079754,-4.669810042127617,-5.1996455706612705,3.0302630102037704,-2.095305102343056,-1.2380164463792647
2021-09-05 22:40:00,0.82,249,-6.7,-29.4,8.945305555555555,36.13194444444444,3.000333333333333,-6.7,-29.4,-31.7,15.96,15.96,14.94,15.45,1.225,0.7600547350260538,-0.4738013868440034,-0.48125451138771846,0.7172056705859282,-0.47576412126682127,-0.4709137951736909,0.7381496226057049,0.33969322910590516,0.7061621906148465
2021-09-06 06:35:00,1.52,238,-12.0,-37.9,8.933194444444444,36.143055555555556,2.98,-12.0,-37.9,-39.5,17.01,17.01,14.92,15.965,1.225,1.7915237418925025,-1.6651735930604294,-1.4857892716527599,1.6101261508795823,-1.661727664963841,-1.6610410629447392,2.2389125239334486,0.14753543354594378,1.2136573584351769
2021-09-06 14:30:00,4.24,280,-32.4,-30.8,6.943638888888889,36.10305555555556,0.0,-32.4,-30.8,-43.2,10.69,10.69,9.4,10.045,1.225,18.055504774865902,-12.544869114143488,-13.966095124499978,16.697394431857173,-12.305552858544367,-12.940284325630547,5.887686123658686,13.885690060052553,21.563528671091493
2021-09-06 22:25:00,0.48,254,-13.9,-28.2,6.945305555555555,36.1275,0.0,-13.9,-28.2,-30.8,10.02,10.02,9.18,9.6,1.225,0.24701198505560815,-0.15831880203464732,-0.1853718471619083,0.23977501292414563,-0.1575727834575173,-0.1555614948520129,0.23395859748722608,0.13757795133095244,0.25172714767301935
2021-09-07 06:20:00,0.43,168,-14.6,-32.4,6.949083333333333,36.094166666666666,0.0,-14.6,-32.4,-37.1,10.12,10.12,8.96,9.54,1.225,-0.16231483421594972,-0.05751414611208964,-0.1146839728513114,-0.16163144771224427,-0.031181849084281843,-0.13372098282235398,-0.17017051619871615,-0.14575158552289194,-0.15397609824332967
2021-09-07 14:15:00,1.83,288,3.0,-10.8,20.831166666666665,36.06388888888889,0.0,3.0,-10.8,-15.6,14.07,14.07,13.54,13.805,1.225,3.264809258250959,-2.417433676386404,-2.3593276363512574,2.887602153453546,-2.3895740168822526,-2.40662085482333,0.9053382236150486,1.9141949089956871,3.4882372574576794
2021-09-07 22:10:00,0.7,196,-9.1,-21.2,13.891055555555557,36.138888888888886,0.0,-9.1,-21.2,-23.3,8.09,8.09,9.02,8.555,1.225,-0.20644268333830332,-0.3683292213076134,-0.30308904489827837,-0.131119563233667,-0.29275714873417025,-0.3772841359397539,0.11602709850723149,-0.2111732576487722,-0.19089709565445698
2021-09-08 06:05:00,1.12,199,-22.1,-38.3,13.89172222222222,36.07805555555556,0.0,-22.1,-38.3,-33.5,9.24,9.24,9.68,9.46,1.225,-0.42328878624218275,-0.9724042067184797,-0.7727781375847653,-0.27216504297262595,-0.8229355671457116,-0.9616037288703702,0.3626225789922519,-0.5160658319357326,-0.42852675880988556
2021-09-08 14:00:00,3.82,260,-18.6,-24.7,13.892694444444444,36.06166666666667,0.0,-18.6,-24.7,-22.9,8.55,8.55,9.73,9.14,1.225,13.534412389253573,-9.645204807729685,-13.526145559327812,13.697352148875114,-9.456650779638302,-9.302498745512501,12.431836896739576,9.660914695508703,15.649039755622434
2021-09-08 21:55:00,0.64,204,-10.8,-17.7,13.875555555555556,36.10305555555556,0.0,-10.8,-17.7,-18.8,7.01,7.01,9.92,8.465,1.225,-0.06554162387741905,-0.32716886257978145,-0.25734038952670735,-0.034903180467964166,-0.29070602546297264,-0.32601420220874866,0.16549237683479623,-0.1483013177215325,-0.10279166435173608
2021-09-09 05:50:00,0.42,213,-22.6,-27.6,13.88413888888889,36.1575,0.0,-22.6,-27.6,-29.3,7.65,7.65,9.97,8.81,1.225,0.027924776627051704,-0.13794656996937385,-0.11083136139485421,0.03157915934389626,-0.12923861868864742,-0.14147701741469393,0.1141734534460468,-0.041568629784307136,-0.006431256046967109
2021-09-09 13:45:00,1.98,273,-21.5,-21.5,13.889222222222221,36.18944444444445,0.0,-21.5,-21.5,-22.4,7.74,7.74,10.54,9.14,1.225,4.199043845986372,-2.9281464132441104,-3.3313207997888568,3.9095133671215483,-2.904329344988154,-3.1869131299794735,0.7673742582573424,3.6296454019905022,5.74092715269188
2021-09-09 21:40:00,0.84,239,-22.0,-20.5,13.894861111111112,36.07527777777778,0.0,-22.0,-20.5,-20.7,5.99,5.99,10.24,8.115,1.225,0.5512506322880747,-0.5030168357791914,-0.45633199882314607,0.4885878453380284,-0.5025719905490005,-0.5008532937233671,0.644512239443992,0.046293557589077834,0.3786926993814492
2021-09-10 05:35:00,1.28,253,-25.0,-24.2,13.896972222222221,36.10722222222222,0.0,-25.0,-24.2,-28.8,6.76,6.76,10.24,8.5,1.225,1.7960160059447832,-1.1329695778703106,-1.2847858549043911,1.7329268593440765,-1.1303087864225347,-1.116507177567502,1.7083536610980157,0.9606033568497719,1.7955635027248862
2021-09-10 13:30:00,1.75,293,-8.7,-12.4,13.879888888888889,36.0675,0.0,-8.7,-12.4,-16.1,7.07,7.07,11.01,9.04,1.225,2.828491187661659,-2.298373798509561,-2.0624819654561333,2.514828227775948,-2.2760647547086226,-2.324487276679837,0.2780398913406966,1.8396794469349327,3.2861334340038275
2021-09-10 21:25:00,0.5,227,-6.3,-13.0,13.890277777777778,36.096111111111114,0.0,-6.3,-13.0,-15.1,5.8,5.8,11.11,8.455,1.225,0.15587230077675718,-0.1886933166102698,-0.1511427103578361,0.15771385586060563,-0.18562276082874118,-0.19179307328286455,0.31297742301679965,0.0019309959608341787,0.09117688567442303
2021-09-11 05:20:00,0.24,252,-12.4,-22.8,13.88797222222222,36.12722222222222,0.0,-12.4,-22.8,-25.8,6.0,6.0,10.959999999999999,8.48,1.225,0.06452937915409049,-0.04008222293534437,-0.04399354363248789,0.06190266656659394,-0.040081640680955134,-0.03961403720971174,0.061628967424147696,0.033147935695761466,0.06331877186708869
2021-09-11 13:15:00,1.63,195,-7.3,-10.3,13.885777777777779,36.12583333333333,0.0,-7.3,-10.3,-15.4,6.98,6.98,11.52,9.25,1.225,-1.1936594103782143,-1.9763567394860178,-1.6456327455801059,-0.7557954796701363,-1.535524428359366,-2.0487230956458427,0.5828171305377995,-1.162357267320224,-1.077571977941093
2021-09-11 21:10:00,0.26,221,-7.1,-12.7,13.884,36.12972222222222,0.0,-7.1,-12.7,-14.8,4.98,4.98,11.309999999999999,8.145,1.225,0.027917013331091988,-0.0471486365168004,-0.039600254746124684,0.0288915884453238,-0.04579074694609133,-0.04852315595740006,0.0626968309164493,-0.005172429775861203,0.015265813766881242
2021-09-12 05:05:00,0.22,210,-10.7,-20.4,13.894722222222223,36.15111111111111,0.0,-10.7,-20.4,-22.5,5.97,5.97,11.0,8.485,1.225,0.003107102512749223,-0.039801113159933565,-0.031355825004243734,0.004216077141372836,-0.03683153662252648,-0.04073573313222831,0.026635454441258116,-0.014415130879036349,-0.006724970295382802
2021-09-12 13:00:00,3.13,309,-5.5,-10.0,13.884777777777776,36.07222222222222,0.0,-5.5,-10.0,-12.2,6.24,6.24,11.879999999999999,9.059999999999999,1.225,7.340043480163674,-8.981325295021328,-5.763370660065757,6.582898873943726,-8.862050206187394,-9.547682040535458,-4.792329825443528,6.42027222568478,10.948953940966584
2021-09-12 20:55:00,0.58,155,-6.0,-10.3,13.886861111111111,36.13527777777778,0.0,-6.0,-10.3,-12.3,4.97,4.97,11.76,8.365,1.225,-0.26357485453287516,-0.047935378856785005,-0.20145372610288054,-0.2627390952916211,-0.05475298516592752,-0.2538200444218024,-0.26445416163185426,-0.2697674850635825,-0.26289451695464383
2021-09-13 04:50:00,0.55,201,-23.0,-21.6,13.88438888888889,36.13861111111111,0.0,-23.0,-21.6,-24.7,5.07,5.07,11.0,8.035,1.225,-0.0823159254167429,-0.23805528943081256,-0.18709166440994007,-0.05184056855052726,-0.20694211957272926,-0.23385548301505715,0.10009468824213469,-0.11923914890375692,-0.09285584892946835
2021-09-13 12:45:00,2.11,287,-12.5,-15.4,13.888472222222223,36.130833333333335,0.0,-12.5,-15.4,-15.9,5.97,5.97,11.9,8.935,1.225,4.356693568704274,-3.200402493040137,-3.1768063038577066,3.8758681984190595,-3.1605866677934866,-3.200064971718745,1.2353876955538674,2.656519363786513,4.725188806852268
2021-09-13 20:40:00,0.99,270,-22.3,-19.1,13.878666666666666,36.10194444444444,0.0,-22.3,-19.1,-24.8,4.98,4.98,11.6,8.29,1.225,1.077795430539539,-0.7526583378404808,-0.8634425422362361,1.006123651686553,-0.7497438162027793,-0.8358362288240124,0.13649768246297264,0.9718656905060314,1.5465037967802275
2021-09-14 04:35:00,1.22,286,-30.8,-32.3,13.890777777777778,36.05111111111111,0.0,-30.8,-32.3,-38.0,6.01,6.01,11.58,8.795,1.225,1.4619822241996563,-1.0654646718272105,-1.0755124989384508,1.3081363822795888,-1.0512247556569554,-1.0700446939964783,0.42364261578672124,0.9254707007609009,1.609067231354771
2021-09-14 12:30:00,2.56,232,-17.4,-19.9,13.888333333333334,36.14055555555556,0.0,-17.4,-19.9,-25.9,6.7,6.7,11.01,8.855,1.225,4.8523807802222,-5.031545586929158,-4.07134596415381,4.742623223564864,-4.98791367794097,-5.070059888310659,8.538439914899795,0.34961469095211356,2.994581185304605
2021-09-14 20:25:00,0.9,316,-19.1,-22.0,13.89175,36.09972222222222,0.0,-19.1,-22.0,-30.3,6.08,6.08,11.049999999999999,8.565,1.225,0.39063261178257186,-0.7636564303960436,-0.45653900845635953,0.3427604328788249,-0.7557579665004253,-0.797567545980633,-0.5043766630776648,0.42721047440967735,0.6688693239403074
2021-09-15 04:20:00,0.52,274,-22.9,-35.0,13.893222222222223,36.098055555555554,0.0,-22.9,-35.0,-39.1,7.3,7.3,11.0,9.15,1.225,0.2870406324309845,-0.20006529115707286,-0.226954487923759,0.2670056045483871,-0.19814302179490706,-0.21621303746979445,0.05801755810454632,0.24441847225976968,0.38573345421845073
2021-09-15 12:15:00,1.5,240,-7.6,-18.9,20.83416666666667,36.000277777777775,0.0,-7.6,-18.9,-28.1,13.57,13.57,15.99,14.780000000000001,1.225,1.770940485332883,-1.5863740071307022,-1.4633338157770612,1.5479607400748931,-1.5868928263514308,-1.5766004020737954,1.930028293668555,0.15156106046548967,1.2332028837300737
2021-09-15 20:10:00,0.6,252,-12.0,-19.9,13.892444444444445,36.106944444444444,0.0,-12.0,-19.9,-22.5,6.83,6.83,10.34,8.585,1.225,0.4033086197130655,-0.2505138933459023,-0.27495964770304926,0.38689166604121206,-0.2505102542559695,-0.24758773256069833,0.38518104640092304,0.20717459809850913,0.39574232416930427
2021-09-16 04:05:00,0.56,259,-19.1,-32.1,13.884222222222222,36.202777777777776,0.0,-19.1,-32.1,-35.2,8.05,8.05,11.01,9.530000000000001,1.225,0.29842110143145706,-0.20864959196175759,-0.2842898724541169,0.299697447190554,-0.20510356748045,-0.20188661484337384,0.2757140397563029,0.2042258378426451,0.3373613225291488
2021-09-16 12:00:00,1.9,38,-8.2,-18.6,13.888527777777776,36.168055555555554,0.0,-8.2,-18.6,-21.1,8.02,8.02,10.31,9.165,1.225,-2.2041917521742924,-0.1485063249491504,-2.2145118450038184,-2.193204242463124,0.28146976987371397,3.8261913341846783,-2.3792805758443096,-2.2391801242452383,-2.2573699163806094
2021-09-16 19:55:00,1.74,89,-6.2,-15.1,13.889111111111111,36.120555555555555,0.0,-6.2,-15.1,-17.1,7.0,7.0,10.77,8.885,1.225,-1.4535907756589128,1.6980791397295318,-2.3096454592461293,-1.4844294439077348,2.017188006721562,1.932658808035272,-1.5845914068136884,-1.481248877675573,-1.518702792888053
2021-09-17 03:50:00,1.21,167,-9.7,-20.1,13.887083333333333,36.064166666666665,0.0,-9.7,-20.1,-25.7,8.18,8.18,11.01,9.594999999999999,1.225,-1.270165877028456,-0.4298725302067028,-0.9107987063369245,-1.2643551517879228,-0.24261438316277958,-1.0597951966699761,-1.3259338075351441,-1.1574550161668364,-1.2099125175181316
2021-09-17 11:45:00,1.03,128,-8.5,-18.4,13.89086111111111,36.18694444444444,0.0,-8.5,-18.4,-22.9,8.12,8.12,10.03,9.075,1.225,-0.6335738096676726,0.27882105691437586,-0.5825828467722708,-0.6321783729185468,0.18716314233066972,-0.5701181724923257,-0.6438589197642559,-0.6316246404382531,-0.6435141955296441
2021-09-17 19:40:00,1.0,77,-3.8,-13.3,13.88775,36.165277777777774,0.0,-3.8,-13.3,-14.7,7.39,7.39,10.0,8.695,1.225,-0.535117878992306,0.6945949687522771,-0.7553562791553204,-0.546143395103804,0.8217613714203627,1.157259900356214,-0.5945813141683458,-0.5286750977944958,-0.5322115651525872
2021-09-18 03:35:00,1.96,77,-7.8,-18.5,13.889333333333333,36.16638888888889,0.0,-7.8,-18.5,-21.6,8.01,8.01,10.03,9.02,1.225,-2.055708843936843,2.6683560319587483,-2.9017766820030797,-2.0980644666307744,3.1568784844484656,4.445729633208433,-2.2841435765091176,-2.0309582556873353,-2.0445439486901793
2021-09-18 11:30:00,2.67,123,-3.7,-13.5,13.887472222222222,36.06055555555555,0.0,-3.7,-13.5,-14.4,7.91,7.91,9.96,8.935,1.225,-4.221273523293334,2.9871200071731856,-4.35158338650299,-4.193878087838165,2.4301284920529533,-2.8183456185272204,-4.156989244302922,-4.189857704013617,-4.293462085306879
2021-09-18 19:25:00,2.63,255,-25.8,-39.6,13.88925,36.18555555555555,0.0,-25.8,-39.6,-36.2,8.74,8.74,10.01,9.375,1.225,7.24891177866687,-4.722758363920187,-5.706162806198761,7.0807316475416116,-4.689198689209006,-4.626702637418063,6.835240993432799,4.205110609867936,7.533932445114279
2021-09-19 03:20:00,0.69,183,-17.9,-34.9,13.886388888888888,36.07972222222222,0.0,-17.9,-34.9,-33.9,9.43,9.43,10.02,9.725,1.225,-0.41162567990236243,-0.28405171864692313,-0.2983799766749562,-0.36259064524957196,-0.15901245934892877,-0.36327268041885474,-0.3034522601450912,-0.2665981570581478,-0.2821917676110279
2021-09-19 11:15:00,2.08,135,-12.4,-26.6,13.885222222222223,36.18888888888889,0.0,-12.4,-26.6,-30.8,9.95,9.95,9.85,9.899999999999999,1.225,-2.670804114136415,0.5988319366456943,-2.3441743123637506,-2.671938422310672,0.24046409856718248,-2.7755162442208685,-2.711957305515518,-2.716239347645815,-2.694313282326589
2021-09-19 19:10:00,2.18,272,-23.9,-31.6,13.886972222222221,36.11833333333333,0.0,-23.9,-31.6,-34.6,9.56,9.56,9.540000000000001,9.55,1.225,5.135490593112583,-3.582898000851531,-4.087783158923162,4.785663947634391,-3.558939530552305,-3.9264602500834824,0.8407734920273878,4.504117917141346,7.139134014911676
2021-09-20 03:05:00,1.97,313,-25.9,-32.7,13.886,36.07666666666667,0.0,-25.9,-32.7,-45.3,10.32,10.32,9.89,10.105,1.225,2.374142919736134,-3.632808419432434,-2.223383889432545,2.1051088869298122,-3.5893153562389366,-3.8277627714519453,-2.1994024321242396,2.26695381886583,3.7449404288877663
2021-09-20 11:00:00,1.94,320,-26.6,-37.8,13.88086111111111,36.12083333333333,0.0,-26.6,-37.8,-47.9,11.02,11.02,9.55,10.285,1.225,1.165254429879181,-3.581950120435148,-2.0747247196908787,0.9941111995587474,-3.5525557537238277,-3.697519944935597,-2.6243724662462915,1.7004177590831018,2.4093114245356086
2021-09-20 18:55:00,1.58,222,-25.8,-35.9,13.880749999999999,36.14805555555556,0.0,-25.8,-35.9,-46.2,11.02,11.02,9.129999999999999,10.075,1.225,1.1185357578681212,-1.7649957628430073,-1.4702064190903716,1.1515923287979588,-1.7180976259394476,-1.8124542681218627,2.450320307484751,-0.15596349827781986,0.6215352734875017
2021-09-21 02:50:00,1.62,274,-30.2,-42.6,13.885305555555556,36.11361111111111,0.0,-30.2,-42.6,-45.0,11.24,11.24,8.969999999999999,10.105,1.225,2.7859076765971733,-1.9417579515999337,-2.202734312526306,2.5914552831981776,-1.9231011331307475,-2.098481862188345,0.5630964478164622,2.372233130911759,3.7437828300699043
2021-09-21 10:45:00,2.63,293,-33.7,-42.5,13.88711111111111,36.19,0.0,-33.7,-42.5,-48.7,11.27,11.27,8.370000000000001,9.82,1.225,6.388372472142671,-5.191060155725969,-4.65827967571054,5.679939712229699,-5.1406734046837785,-5.2500395245932285,0.6279752242986006,4.15506245436873,7.421993910093412
2021-09-21 18:40:00,2.71,271,-27.0,-38.0,13.885055555555555,36.159444444444446,0.0,-27.0,-38.0,-44.4,11.98,11.98,8.879999999999999,10.43,1.225,8.00613009562901,-5.58832303378739,-6.3934989695971876,7.467302554355597,-5.558891407945288,-6.165419132633886,1.1610460096145192,7.121408473448389,11.310357053153908
2021-09-22 02:35:00,2.43,290,-32.3,-42.3,13.888666666666666,36.155833333333334,0.0,-32.3,-42.3,-52.8,12.51,12.51,8.940000000000001,10.725000000000001,1.225,5.713163127540366,-4.298013665643954,-4.053241831966421,4.993302646683839,-4.256261112693369,-4.241712328148944,1.5119403293144689,3.0787518794769664,5.917548120476403
2021-09-22 10:30:00,2.52,324,-22.8,-35.9,13.886555555555555,36.129444444444445,0.0,-22.8,-35.9,-46.4,12.11,12.11,7.970000000000001,10.04,1.225,1.3108417522645628,-5.875771839383599,-3.6452342829461974,1.179425466215517,-5.5236693642287475,-3.682213558397826,-4.651073149271815,2.609156872971764,3.5504292996616806
2021-09-22 18:25:00,2.28,329,-22.4,-35.7,13.886999999999999,36.12888888888889,0.0,-22.4,-35.7,-44.8,12.23,12.23,8.9,10.565000000000001,1.225,0.4024999496594475,-4.6378379146337,-3.131834468054232,0.45593796906155143,-4.040073144994952,-0.39812595075306695,-4.035437488977901,1.8698043829870281,2.379542366251959
2021-09-23 02:20:00,1.38,298,-20.8,-35.8,13.888277777777779,36.09888888888889,0.0,-20.8,-35.8,-43.1,12.29,12.29,8.77,10.53,1.225,1.6194165142648889,-1.501018426767873,-1.2414197519236219,1.486223131223834,-1.4864672057870787,-1.5745842591931796,-0.35163719167739393,1.3957643278226588,2.268442212768876
2021-09-23 10:15:00,1.46,301,-18.8,-33.7,13.882611111111112,36.147777777777776,0.0,-18.8,-33.7,-38.9,12.19,12.19,8.129999999999999,10.16,1.225,1.7331601478852598,-1.739113530168613,-1.358098553619382,1.6069542134106671,-1.7214824641834081,-1.848813522155585,-0.6744645084477134,1.644106327527424,2.6111850366280467
2021-09-23 18:10:00,0.66,259,-16.9,-33.2,13.882083333333334,36.10027777777778,0.0,-16.9,-33.2,-35.6,12.08,12.08,8.45,10.265,1.225,0.41451604522813357,-0.28982067046728827,-0.39488733558996597,0.41628892855932825,-0.2848951339109822,-0.2804266882199415,0.3829752414472115,0.28367594057479656,0.46860520438041203
2021-09-24 02:05:00,2.35,195,-6.3,-29.9,13.885944444444444,36.01694444444445,0.0,-6.3,-29.9,-30.6,12.27,12.27,8.86,10.565,1.225,-2.4810809943218373,-4.107956676507032,-3.420530256112814,-1.5709588379232668,-3.1916645924252323,-4.258373779857792,1.2114146574560571,-2.416017918919018,-2.2397874395647883
2021-09-24 10:00:00,3.49,242,-30.7,-59.3,13.885194444444444,36.03916666666667,0.0,-30.7,-59.3,-38.0,12.05,12.05,8.71,10.38,1.225,10.515912118433315,-8.586524052484366,-8.098476940796774,9.404591841143274,-8.596609311621412,-8.533749463339204,11.097559049273364,2.0055395779031526,8.034879221081859
2021-09-24 17:55:00,2.39,299,-37.1,-34.7,13.882777777777777,36.12388888888889,0.0,-37.1,-34.7,-44.1,11.39,11.39,8.66,10.025,1.225,4.773650483629206,-4.545251828462987,-3.698872469106884,4.411253919484152,-4.501199575275306,-4.800296590390078,-1.3693687983936123,4.337519121457413,6.938976515898606
2021-09-28 05:00:00,1.12,95,-14.2,-34.9,13.88655555555555,36.11194444444445,0.0,-14.2,-34.9,-34.8,10.05,10.05,4.595000000000001,7.322500000000001,1.225,-0.7176454698071238,0.8281714024615668,-0.9705732687540913,-0.727066983955902,0.9771391017232631,0.9520748582893768,-0.7568659936352715,-0.7474713738066959,-0.7244921225222888
2021-10-02 04:00:00,0.44,88,-9.0,-25.6,13.61141666666667,36.12,0.0,-9.0,-25.6,-29.2,10.04,10.04,4.470000000000001,7.255,1.225,-0.09406684425991514,0.1129450640279037,-0.1479941225655752,-0.0960730430420213,0.1334255959471531,0.1336812960232666,-0.102338947275665,-0.09584230447803001,-0.09797397508588146
2021-10-06 03:00:00,2.47,134,-10.7,-26.7,13.61105555555556,36.10583333333334,0.0,-10.7,-26.7,-29.2,10.16,10.16,4.96,7.56,1.225,-3.744171284574636,0.9200027705918595,-3.284665316201818,-3.745079603018275,0.4062660605252283,-3.856173795818215,-3.811559373652148,-3.794440220152473,-3.781756180753363
2021-10-10 02:00:00,0.45,274,-15.2,-36.0,13.61111111111111,36.11361111111111,0.0,-15.2,-36.0,-41.0,11.08,11.08,4.609999999999999,7.845,1.225,0.2149620120831152,-0.1498270024382665,-0.1699640673245607,0.1999579693825755,-0.1483874331119403,-0.1619198967737921,0.04344879998583813,0.1830426798543024,0.2888721319498382
2021-10-14 01:00:00,1.9,312,-24.1,-29.5,13.61105555555556,33.33388888888889,0.0,-24.1,-29.5,-42.6,10.19,10.19,4.305,7.2475,1.225,2.364237052723218,-3.371149260171805,-2.079346009476802,2.101683079239108,-3.32894039256536,-3.562565520047915,-1.978535253735889,2.17695451695525,3.651037759308332
2021-10-18 00:00:00,1.65,244,-33.0,-39.3,13.61061111111111,33.335,0.0,-33.0,-39.3,-37.9,10.17,10.17,3.82,6.995,1.225,2.558202356001323,-1.91901287117771,-1.849714597506388,2.331202492319424,-1.922893620868834,-1.907246545886334,2.625725938493238,0.7131688628062213,2.09974225838907
2021-10-21 23:00:00,3.29,229,-22.8,-41.3,13.61127777777778,33.34111111111111,0.0,-22.8,-41.3,-22.3,8.83,8.83,4.49,6.66,1.225,7.508256904837183,-8.376511314549973,-6.6116517395432,7.562550914117202,-8.271727645102954,-8.482093118005317,14.72139245163045,0.3875430772009129,4.448721420403702
2021-10-25 22:00:00,1.24,174,-7.7,-27.8,13.61119444444445,33.3325,0.0,-7.7,-27.8,-29.1,10.97,10.97,3.675,7.3225,1.225,-1.433273996964531,-0.657620057729321,-0.9551168324301584,-1.397920308564829,-0.3278414459474592,-1.13167843440303,-1.471065200135556,-1.091101986936236,-1.172811658064042
2021-10-29 21:00:00,1.71,154,0.8,-7.5,13.61105555555556,33.33194444444445,0.0,0.8,-7.5,-18.6,8.99,8.99,4.41,6.7,1.225,-2.284153807103939,-0.3997181586551234,-1.729984543377626,-2.278874081036501,-0.4862135249387273,-2.221570742545552,-2.289045268411244,-2.342202459719672,-2.284976075540825
2021-11-02 20:00:00,1.33,82,-2.4,-15.9,13.61122222222222,33.33,0.0,-2.4,-15.9,-18.7,10.04,10.04,3.53,6.785,1.225,-0.9207087678573342,1.271059062263467,-1.368856727587122,-0.9409150917876401,1.462304469824323,1.774979820170838,-0.9905481406963503,-0.9373071081412334,-0.9423483072780093
2021-11-06 19:00:00,2.07,236,-27.3,-37.5,13.61127777777778,33.33277777777778,0.0,-27.3,-37.5,-31.2,8.75,8.75,4.33,6.54,1.225,3.272590677989661,-3.155417589525826,-2.724358011034121,3.024388310285515,-3.141647817773658,-3.158701947244191,4.629090781147741,0.2586096538465215,2.1532200895462
2021-11-10 18:00:00,1.6,177,-5.1,-20.7,13.61044444444444,33.33555555555556,0.0,-5.1,-20.7,-28.8,11.82,11.82,2.995,7.407500000000001,1.225,-2.450960032226227,-1.25184090988407,-1.599043514571187,-2.354001040424188,-0.6201551851165812,-1.911222316527811,-2.462616224217166,-1.674359880328956,-1.793806004498286
2021-11-14 17:00:00,1.14,98,-3.2,-19.5,13.61119444444445,33.32916666666667,0.0,-3.2,-19.5,-22.5,11.05,11.05,2.94,6.995,1.225,-0.8197327528163059,0.9530457259808583,-1.015246750558636,-0.8275456622177128,1.118098320470319,1.12112146092156,-0.8505856420010196,-0.8620780321137771,-0.8132795538282575
2021-11-18 16:00:00,2.09,234,-13.9,-38.5,13.61102777777778,33.33583333333333,0.0,-13.9,-38.5,-32.6,12.86,12.86,2.88,7.869999999999999,1.225,3.285169715562033,-3.285153983763957,-2.745443522314801,3.122081098712448,-3.263594662129508,-3.299663308846539,5.205003892064034,0.2483279876151283,2.095487481944442
2021-11-22 15:00:00,1.93,299,-11.0,-23.1,13.61108333333333,33.33222222222222,0.0,-11.0,-23.1,-29.4,9.86,9.86,3.575,6.717499999999999,1.225,3.112930566073849,-2.963990220031473,-2.412060373623752,2.876609254860125,-2.935263440405979,-3.130306676974141,-0.8929748843921443,2.828526282018298,4.524954679377236
2021-11-24 05:10:00,1.42,232,-14.6,-33.1,13.614,33.32472222222222,0.0,-14.6,-33.1,-33.3,11.98,11.98,5.97,8.975,1.225,-0.4830432794065642,-4.568982945465681,-3.595746949163764,-0.1573129516999697,-4.116971219403503,-4.594798146200374,2.564816818217885,-1.9295982717822528,-1.2100255232748467
2021-11-24 13:05:00,2.27,259,-23.5,-32.0,13.606333333333334,33.43055555555556,0.0,-23.5,-32.0,-32.8,11.24,11.24,5.94,8.59,1.225,9.178368929719204,-6.904888624322987,-6.511655288788337,8.021891349134036,-6.837811888339238,-6.814438827033843,2.428977754070141,4.9461077798896325,9.50671958713735
2021-11-24 21:00:00,3.02,240,-24.0,-42.3,13.611583333333332,33.339166666666664,0.0,-24.0,-42.3,-33.1,11.42,11.42,5.97,8.695,1.225,-0.47325424155066304,-0.2496237831362528,-0.3066308432080921,-0.4522649851752944,-0.12344343550221387,-0.36754601515716406,-0.47221458473977407,-0.3114070275150665,-0.3332109697351097
2021-11-25 04:55:00,1.44,214,-11.6,-32.6,13.614666666666668,33.350833333333334,0.0,-11.6,-32.6,-27.7,11.14,11.14,5.97,8.555,1.225,4.992425673117554,-3.484740698728604,-3.9868285945408273,4.656426080517273,-3.4663878612527403,-3.8446036219291884,0.7239997148228718,4.440735045138853,7.0528602770419315
2021-11-25 12:50:00,2.29,214,-3.2,-26.0,15.11188888888889,33.341944444444444,2.246,-3.2,-26.0,-22.1,11.57,11.57,6.199999999999999,8.885,1.225,14.925984825771945,-9.415665935815388,-10.67735148862529,14.401675664987106,-9.393553141362228,-9.27885338163871,14.197457449265556,7.983197855958359,14.922224248933299
2021-11-25 20:45:00,3.34,182,0.3,-7.3,13.610444444444443,33.26722222222222,0.0,0.3,-7.3,-27.8,11.13,11.13,6.17,8.65,1.225,17.54727198787991,-10.938582999422326,-11.11065219062818,16.558021933235747,-10.983896360644895,-10.871917594821996,17.041551876088523,7.8424476670857075,16.303062733831993
2021-11-26 04:40:00,3.74,202,-2.5,-23.6,13.612194444444444,33.36944444444445,0.0,-2.5,-23.6,-25.2,11.09,11.09,5.99,8.54,1.225,18.778576861055292,-13.25685165446135,-14.29194019357665,17.18098893390738,-13.029624681799195,-13.552362824181026,5.899510876544918,13.602855648180853,21.849325790998623
2021-11-26 12:35:00,2.52,184,-2.1,-10.7,13.608916666666666,33.28138888888889,0.0,-2.1,-10.7,-23.4,11.08,11.08,5.9,8.49,1.225,11.179580424138074,-8.21245664775898,-8.151907175892724,9.945748892886215,-8.110286455277265,-8.21159054444052,3.1700912353913,6.816814496449461,12.125164979448588
2021-11-26 20:30:00,2.91,143,1.4,-14.8,13.611194444444445,33.335277777777776,0.0,1.4,-14.8,-16.0,11.06,11.06,6.130000000000001,8.595,1.225,5.468171515194699,-3.79340684880525,-3.735069155832619,5.061704826492466,-3.804294695526713,-3.7702037981172065,5.478130190220321,1.933628638524661,4.7517856457262795
2021-11-27 04:25:00,5.78,120,7.2,-9.1,13.614527777777779,33.34305555555556,0.0,7.2,-9.1,-8.9,10.66,10.66,6.01,8.335,1.225,4.446012692287984,-4.7796121090249555,-3.7456778743138597,4.469445850724579,-4.728487953298035,-4.831054752170894,8.627469265394387,0.30409077318045624,2.64869652463601
2021-11-27 12:20:00,1.94,204,-3.7,-22.5,13.609916666666665,33.38,0.0,-3.7,-22.5,-15.2,10.04,10.04,5.95,7.994999999999999,1.225,1.9666040007306576,-7.968817294371249,-6.446847072751111,2.17380998516685,-7.498422597928974,-8.178760693022399,7.045838933383956,-2.228397376129585,-0.023805166208053872
2021-11-27 20:15:00,1.62,231,-19.6,-34.9,13.613333333333333,33.32083333333333,0.0,-19.6,-34.9,-26.5,10.01,10.01,6.23,8.120000000000001,1.225,-8.66213309058362,-1.7517401386704587,-6.798454279074754,-8.612601506429172,-1.6676517687493233,-8.094792344688504,-8.721702141585114,-8.81638104248118,-8.564259639628887
2021-11-28 04:10:00,1.6,169,-6.2,-20.8,13.610166666666666,33.371944444444445,0.0,-6.2,-20.8,-24.5,10.06,10.06,5.96,8.01,1.225,-6.898332657134839,6.080512498250439,-7.555535249124892,-6.826347128701114,5.362670501823334,-3.142251404070491,-6.588638345666071,-6.893967145545708,-7.028207479414346
2021-11-28 12:05:00,3.32,109,-1.0,-15.2,13.605805555555555,33.29555555555555,0.0,-1.0,-15.2,-17.7,10.04,10.04,5.97,8.004999999999999,1.225,-4.880663708319929,4.51684616091931,-5.280999522859026,-4.803772688531277,4.400093655280848,-0.8468577455795313,-4.457204986952388,-5.061282757612821,-4.989382542747705
2021-11-28 20:00:00,3.73,152,1.7,-13.1,13.614916666666666,33.30888888888889,0.0,1.7,-13.1,-14.9,10.06,10.06,6.32,8.190000000000001,1.225,-1.0248732493400958,0.12337280820873352,-0.9016593912993673,-1.0262098337992096,0.0008516458708145079,-1.1110449828648896,-1.027848514303199,-1.0600557176516912,-1.0277773951245563
2021-11-29 03:55:00,2.07,130,0.8,-11.5,13.61561111111111,33.36,0.0,0.8,-11.5,-12.9,10.05,10.05,6.09,8.07,1.225,2.5503517729860956,-1.7775771523848654,-2.0164872678876886,2.37234084662537,-1.7604978175379595,-1.9210496395014098,0.5154851455109931,2.17165451037018,3.427236034614748
2021-11-29 11:50:00,3.82,152,5.1,-4.0,13.611083333333333,33.32083333333333,0.0,5.1,-4.0,-12.5,9.28,9.28,6.71,7.994999999999999,1.225,0.27075678554249816,-3.1198167520165025,-2.1067466819288327,0.3067038865826676,-2.7177077140529486,-0.26781445005932597,-2.714589365036708,1.2577945034755578,1.6006890005668044
2021-11-29 19:45:00,5.78,280,-64.0,-48.1,13.60672222222222,33.31944444444444,0.0,-64.0,-48.1,-39.4,8.87,8.87,6.91,7.89,1.225,-8.602256563338255,-3.8667489328326963,-7.550067247791171,-8.592878484097406,-2.2592561715316837,11.050182886749836,-8.337923549858518,-9.358758478369902,-8.830778744591234
2021-11-30 03:40:00,5.37,251,-73.1,-77.3,13.599944444444445,33.3,0.0,-73.1,-77.3,-55.3,10.2,10.2,7.46,8.83,1.225,-2.3240217857588816,2.8060262077081966,-3.2055925556395146,-2.3695562444823985,3.408909200217937,5.149573133236885,-2.6420375006030414,-2.250296283137227,-2.275422644829162
2021-11-30 11:35:00,3.74,310,-37.7,-37.5,13.613972222222223,33.38861111111111,0.0,-37.7,-37.5,-49.5,10.56,10.56,6.790000000000001,8.675,1.225,-4.235105926592357,-1.9511592661426418,-3.6546394460684613,-4.260563778074735,-1.0994190328679665,5.348052148246186,-4.207049081703165,-4.566730147189003,-4.397925792797825
2021-11-30 19:30:00,3.07,275,-28.6,-31.9,13.604694444444444,33.32694444444444,0.0,-28.6,-31.9,-39.2,10.92,10.92,6.630000000000001,8.775,1.225,3.0302755722831884,-2.116136430724649,-2.4276117430733306,2.8287667937837617,-2.1079421078750924,-2.349995216965053,0.3837700375420542,2.7324488284444644,4.348072505262314
2022-01-05 03:20:00,2.4,192,3.4,-4.0,13.612055555555555,33.38361111111111,0.0,3.4,-4.0,-14.3,8.26,8.26,7.62,7.9399999999999995,1.225,-3.0708638884494874,-4.149249212691605,-3.582004797303197,-1.930105716209402,-2.991529341939009,-4.46099510289629,0.9623193203274203,-2.632594055086329,-2.612401406461725
2022-01-05 11:15:00,6.13,284,-35.2,-22.5,13.61525,33.333888888888886,0.0,-35.2,-22.5,-31.8,7.35,7.35,7.08,7.215,1.225,37.18654133178234,-26.67329687548847,-27.832630606382295,33.65091753849322,-26.266884639381175,-27.025883089567447,11.232490980991342,25.25125540134382,42.1062947256611
2022-01-05 19:10:00,1.7,185,-3.3,-14.1,13.606333333333334,33.3775,0.0,-3.3,-14.1,-13.7,6.92,6.92,7.26,7.09,1.225,-2.271122050201154,-1.813468743792262,-1.808588242701714,-1.87668249114135,-1.0860507469124687,-2.21644641736508,-1.2065486809534,-1.544081386962784,-1.6244345109507845
2022-01-06 03:05:00,2.08,231,-14.0,-25.7,13.616944444444444,33.38166666666667,0.0,-14.0,-25.7,-21.3,7.88,7.88,7.48,7.68,1.225,3.178090302665996,-3.3555132438648094,-2.6719696324126385,3.1501704440765383,-3.3229841806875458,-3.3864660230058465,5.877399511691742,0.2232218208505663,1.9275957570809934
2022-01-06 11:00:00,2.87,264,-25.9,-26.7,13.607555555555555,33.34777777777778,0.0,-25.9,-26.7,-29.3,7.75,7.75,7.49,7.62,1.225,8.20700029872903,-5.796807839760961,-7.483619614904832,8.02124864463113,-5.723150920851247,-5.960356017443127,4.669260951933775,6.539028375238988,10.498817009793862
2022-01-06 18:55:00,1.34,237,-17.8,-29.6,13.6065,33.31138888888889,0.0,-17.8,-29.6,-25.7,8.03,8.03,7.58,7.805,1.225,1.3818638955875182,-1.3082145358631942,-1.1481890584829602,1.259369507436381,-1.303990348422152,-1.307296832910143,1.8399377118740308,0.11151646999017956,0.9227726059329072
2022-01-07 02:50:00,3.28,278,-31.2,-28.9,13.619055555555555,33.31111111111111,0.0,-31.2,-28.9,-34.4,8.48,8.48,7.44,7.960000000000001,1.225,11.010174072624118,-7.658178905341539,-8.581798507949959,10.202637059537418,-7.537208546427646,-8.030088771295805,3.1183740111632687,8.781333524418867,13.718616849518291
2022-01-07 10:45:00,4.92,271,-52.2,-45.1,13.608555555555556,33.36138888888889,0.0,-52.2,-45.1,-52.4,9.74,9.74,7.13,8.435,1.225,26.388473406793764,-18.419300211744268,-21.073187110422975,24.61247975269309,-18.322292585515836,-20.321428315544303,3.8268466016438905,23.472401257020067,37.27931631806004
2022-01-07 18:40:00,0.98,243,-21.9,-34.4,13.613833333333334,33.318333333333335,0.0,-21.9,-34.4,-33.8,9.8,9.8,6.48,8.14,1.225,0.8658103058832495,-0.6770027305913404,-0.6455385227097221,0.7819578539522422,-0.6780848359655701,-0.6728467263224269,0.9006516596516299,0.2048584766673336,0.6871315642614477
2022-01-08 02:35:00,2.07,235,-25.1,-40.2,13.604888888888889,33.29972222222222,0.0,-25.1,-40.2,-36.2,10.05,10.05,6.02,8.035,1.225,3.2475935824200906,-3.1889993221123536,-2.7087542841011927,3.0435012795072387,-3.171540097591154,-3.1977579826279032,4.867477005819079,0.2511038464205323,2.1043972189888622
2022-01-08 10:30:00,2.88,189,-4.9,-17.3,13.614083333333333,33.31444444444445,0.0,-4.9,-17.3,-29.9,10.93,10.93,5.98,8.455,1.225,-5.212281803628099,-5.716911641719357,-5.175649090698212,-3.5246488800202678,-3.8105226173484876,-6.426287334682535,0.18470811254811328,-4.005594730425275,-4.154113734313889
2022-01-08 18:25:00,3.99,158,6.2,-2.7,13.615694444444445,33.37305555555555,0.0,6.2,-2.7,-26.1,10.91,10.91,6.25,8.58,1.225,-12.586780425096547,-2.545420193467344,-9.878704280564982,-12.514807024625831,-2.4232329865249587,-11.762388405242325,-12.673339077249127,-12.810915182811822,-12.444562379757015
2022-01-09 02:20:00,1.86,166,-0.8,-16.3,13.607083333333334,33.28666666666667,0.0,-0.8,-16.3,-24.3,10.88,10.88,6.0,8.440000000000001,1.225,-2.9656686605479163,-0.9554101593430893,-2.158537526825682,-2.9509943238974965,-0.5631401369813751,-2.5064861242952814,-3.082237746277767,-2.7429168701644695,-2.836940112100237
2022-01-09 10:15:00,2.89,116,0.3,-17.4,13.610777777777779,33.306666666666665,0.0,0.3,-17.4,-20.2,10.98,10.98,5.97,8.475,1.225,-4.943173648844564,4.5204981535464395,-5.364947674769982,-4.871848088591091,4.303560961447753,-1.204976658663119,-4.565851590891019,-5.079753193190256,-5.049038240144452
2022-01-09 18:10:00,2.51,121,-4.0,-20.2,13.608916666666666,33.4,0.0,-4.0,-20.2,-24.0,11.05,11.05,5.99,8.52,1.225,-3.7177382989056174,3.0334700850304688,-4.000085386752775,-3.6871583398080747,2.562061805609134,-2.1327149733787545,-3.61377236144679,-3.6834994962611503,-3.7834404827043517
2022-01-10 02:05:00,1.3,254,-15.2,-26.4,13.608222222222222,33.34166666666667,0.0,-15.2,-26.4,-31.0,10.09,10.09,5.93,8.01,1.225,1.811850063992959,-1.1612794072853905,-1.3597153719775392,1.7587663708411723,-1.155807309215296,-1.1410543676211016,1.7161025596936288,1.0091438270369342,1.8464361092335184
2022-01-10 10:00:00,1.45,325,-16.5,-29.0,13.610972222222221,33.34888888888889,0.0,-16.5,-29.0,-38.6,11.01,11.01,5.99,8.5,1.225,0.3797547010685696,-1.9314434941372292,-1.2188306748957414,0.3492697155067218,-1.789830443792081,-1.0074947674711443,-1.5583350886523217,0.8423238596637386,1.1328670193402077
2022-01-10 17:55:00,3.05,140,-12.8,-29.5,13.614111111111113,33.294444444444444,0.0,-12.8,-29.5,-35.0,11.36,11.36,5.99,8.675,1.225,-5.91101953127053,0.711560263104807,-5.20037602304071,-5.918728364385358,0.0049119199660561455,-6.408020306963006,-5.928179555028524,-6.1139365822151746,-5.927769370789375
2022-01-11 01:50:00,2.48,165,-11.9,-29.7,13.606027777777777,33.314166666666665,0.0,-11.9,-29.7,-34.5,11.95,11.95,5.97,8.959999999999999,1.225,-5.208879300774855,-1.5912028147261645,-3.848711465194683,-5.181113610771763,-0.9831000968287351,-4.4599566899795775,-5.389076906528209,-4.890349390566597,-5.004290466675695
2022-01-11 09:45:00,1.81,326,-15.8,-30.0,13.612055555555555,33.335277777777776,0.0,-15.8,-30.0,-39.0,12.04,12.04,5.95,8.995,1.225,0.5072134212232045,-2.987877361870454,-1.9178105396210239,0.4800066469360258,-2.728202250093582,-1.2401292410678675,-2.456936120441355,1.2789709452943834,1.6988234964707492
2022-01-11 17:40:00,2.54,337,-22.9,-38.7,13.613944444444444,33.28194444444444,0.0,-22.9,-38.7,-53.2,12.48,12.48,5.97,9.225,1.225,-1.749330991476217,-5.669261062289593,-3.7788963005049507,-1.0325998232850155,-4.469293824640016,0.8501229176323825,-5.387627691398183,0.0831376496128054,0.8967073740967654
2022-01-12 01:35:00,3.23,322,-36.5,-50.2,13.61875,33.37416666666667,0.0,-36.5,-50.2,-67.8,14.04,14.04,5.3500000000000005,9.695,1.225,2.691846913692911,-9.791251552195327,-5.8699520984516536,2.346687704131203,-9.461280370343362,-8.149565695841373,-7.458011240448366,4.500080921476664,6.255821928564917
2022-01-12 09:30:00,2.28,306,-28.9,-48.1,13.611583333333332,33.40222222222222,0.0,-28.9,-48.1,-65.6,15.05,15.05,4.83,9.940000000000001,1.225,4.0192361897272475,-4.568988046298311,-3.1533525410046104,3.6527217525222886,-4.5133081522090945,-4.857135367096811,-2.206120964142676,3.6327654910839087,6.01905417512595
2022-01-12 17:25:00,1.6,310,-33.8,-48.7,13.612694444444443,33.35805555555555,0.0,-33.8,-48.7,-63.5,15.08,15.08,4.99,10.035,1.225,1.8975711351408608,-2.3791659058391805,-1.4903807590716798,1.693939209130621,-2.346749353794374,-2.529189725758259,-1.3075518513288995,1.64055441653342,2.826673668646511
2022-01-13 00:40:00,2.54,303,-35.0,-54.2,13.60008333333333,33.38055555555555,0.0,-35.0,-54.2,-63.2,16.04,16.04,2.325,9.1825,1.225,5.142666111728598,-5.426390515563125,-4.031708426368623,4.731529009068772,-5.366731559993299,-5.768649263108956,-2.320003350868464,4.789089921823291,7.729917748706349
2022-01-13 04:35:00,1.72,246,-31.7,-50.5,13.61063888888889,33.333333333333336,0.0,-31.7,-50.5,-52.7,15.56,15.56,4.17,9.865,1.225,3.0055437370972053,-2.08502058960788,-2.052955668589332,2.7821320523735347,-2.0910050214116804,-2.072267188679761,3.0110174559207414,1.0628059906754157,2.6117870567621555
2022-01-13 08:35:00,1.86,251,-25.4,-52.4,13.61061111111111,33.37638888888889,0.0,-25.4,-52.4,-45.2,15.89,15.89,3.79,9.84,1.225,3.9591740841135326,-2.422529891680431,-2.571806250369191,3.776857526764511,-2.4280784017976598,-2.401050629293839,3.7958675011722414,1.9535123688630938,3.8147053770116814
2022-01-13 14:25:00,3.41,262,-29.2,-39.2,13.61419444444444,33.27777777777778,0.0,-29.2,-39.2,-35.9,14.82,14.82,1.62,8.22,1.225,11.18546116326898,-7.934639833062287,-10.6715661567033,11.11926767762541,-7.807523209312988,-7.913536614082248,8.249034025768875,8.464798564568273,13.64568047785689
2022-01-13 22:20:00,3.99,286,-42.0,-29.6,13.61727777777778,33.32277777777778,0.0,-42.0,-29.6,-39.9,13.76,13.76,2.235,7.9975,1.225,15.63753238879397,-11.39633440066942,-11.50380713138272,13.99197931975899,-11.2440225964353,-11.44532285198423,4.531330830143901,9.898942557903533,17.21077078063093
2022-01-14 06:15:00,4.76,294,-41.2,-36.4,13.6145,33.39027777777778,0.0,-41.2,-36.4,-52.8,12.78,12.78,2.86,7.82,1.225,20.59444912800116,-17.17510447284554,-15.16121168866063,18.42103222513225,-17.00843885726808,-17.50471274434341,0.8089195311507265,14.20976890079984,24.84746216202236
2022-01-14 14:10:00,4.99,268,-110.2,-60.8,13.60466666666667,33.34777777777778,0.0,-110.2,-60.8,-58.3,11.57,11.57,2.985,7.2775,1.225,26.52464989406993,-18.58909962848033,-22.16520514173139,25.12356133069062,-18.46551456278263,-20.16269487990367,7.016926397669338,23.04974925663631,36.77260030570082
2022-01-14 22:05:00,6.72,313,-72.4,-44.0,13.60080555555556,33.35333333333333,0.0,-72.4,-44.0,-84.9,12.6,12.6,3.945,8.2725,1.225,27.62567848349924,-42.27159054036372,-25.87143678851571,24.49518131349203,-41.76550248220267,-44.54009181847909,-25.59238702126806,26.37841926714697,43.57636575636716
2022-01-15 06:00:00,4.67,310,-48.7,-36.7,13.61305555555556,33.36388888888889,0.0,-48.7,-36.7,-58.8,11.42,11.42,3.44,7.43,1.225,16.16560122233341,-20.26835598588129,-12.69670505332748,14.43084016328468,-19.99219608670552,-21.54642414456613,-11.13916701970579,13.97604969325613,24.08072006724409
2022-01-15 13:55:00,7.92,325,-53.5,-34.4,13.62905555555555,33.28166666666667,0.0,-53.5,-34.4,-72.6,11.22,11.22,3.535,7.3775,1.225,11.32967670920691,-57.62306644026139,-36.36283493259465,10.42018163270433,-53.39815474410445,-30.0577977561484,-46.49167662537028,25.13005629051679,33.79817826489494
2022-01-15 21:50:00,3.61,339,-40.2,-27.7,13.60072222222222,33.30166666666667,0.0,-40.2,-27.7,-53.8,9.86,9.86,3.17,6.515,1.225,-4.735456473703222,-11.42643290403976,-7.549812991034592,-2.935364118323919,-8.782481232542489,2.118265434819716,-11.06915916151537,-1.085255602831234,0.6999279171658295
2022-01-16 05:45:00,2.37,305,-22.7,-23.9,13.61166666666667,33.3675,0.0,-22.7,-23.9,-35.9,10.03,10.03,3.005,6.5175,1.225,4.387642764654133,-4.865988213360995,-3.44150692526605,4.004313946474052,-4.808566472685007,-5.172877309570366,-2.262432015028588,4.006643296880399,6.579024450216415
2022-01-16 13:40:00,2.65,289,-17.0,-24.9,13.61472222222222,33.31277777777778,0.0,-17.0,-24.9,-31.3,9.97,9.97,2.995,6.4825,1.225,6.820319532825309,-5.090369411893568,-4.883896996071956,5.996772961662955,-5.036331697843271,-5.045553751367971,1.848277780755616,3.837720707404882,7.176113126558673
2022-01-16 21:35:00,2.01,221,-16.6,-37.7,13.60955555555556,33.34083333333334,0.0,-16.6,-37.7,-29.2,10.41,10.41,3.135,6.7725,1.225,1.668454520102733,-2.817828496916053,-2.366701023665951,1.726699799969714,-2.73667450794236,-2.899976366619702,3.74706311517081,-0.3091291943410775,0.912358198218593
2022-01-17 05:30:00,2.67,235,-13.2,-39.6,13.60641666666667,33.34416666666667,0.0,-13.2,-39.6,-27.1,10.59,10.59,3.08,6.835,1.225,5.403106231117317,-5.3056214304667,-4.506625222509041,5.063552538327416,-5.276574062806035,-5.320193442637182,8.09814857447866,0.4177680250991464,3.501140594751266
2022-01-17 13:25:00,3.49,235,-22.4,-51.7,13.59855555555556,33.31055555555555,0.0,-22.4,-51.7,-30.6,10.5,10.5,3.55,7.025,1.225,9.231490721658608,-9.064932820663422,-7.69980584279235,8.651345407016759,-9.015303867691202,-9.089829868656476,13.83611208629769,0.7137786085525277,5.981882556653889
2022-01-17 21:20:00,5.77,291,-54.4,-38.2,13.62116666666667,33.3175,0.0,-54.4,-38.2,-43.0,9.77,9.77,3.125,6.4475,1.225,31.72422005093401,-24.48397797916298,-22.70912732544108,27.88179138415331,-24.24619732693981,-24.36698104802387,6.690600897134811,18.23885300849566,34.15082588028515
2022-01-18 05:15:00,9.71,344,-65.8,-39.0,13.61119444444445,33.33888888888889,0.0,-65.8,-39.0,-92.2,11.87,11.87,3.95,7.91,1.225,-53.85411211803467,-77.84423505707565,-60.88696461031077,-30.73248680025704,-54.01308473855645,40.56879099835691,-81.74131644237907,-18.83505749265314,0.3884352933988686
2022-01-18 13:10:00,8.84,345,-44.9,-32.5,13.60997222222222,33.41333333333333,0.0,-44.9,-32.5,-73.5,11.84,11.84,3.69,7.765,1.225,-47.79520171884948,-63.53931992754292,-51.82592701138231,-26.80288654810452,-42.97779623834645,38.55476425067815,-67.95381699616328,-16.94761926430563,0.1862242293546044
2022-01-18 21:05:00,2.13,201,-28.4,-30.8,13.60794444444444,33.37611111111111,0.0,-28.4,-30.8,-54.1,11.72,11.72,3.13,7.425000000000001,1.225,-1.234575609994119,-3.570357165681499,-2.806003875244486,-0.7775057039897092,-3.103721329882695,-3.507368399639711,1.501221788713193,-1.788350726153569,-1.392653557051587
2022-01-19 05:00:00,1.98,292,-29.1,-38.6,13.60102777777778,33.29388888888889,0.0,-29.1,-38.6,-49.1,12.04,12.04,2.995,7.5175,1.225,3.678259252342139,-2.91266274225987,-2.657177939550606,3.251262193969351,-2.884383586383534,-2.922488596403373,0.5718889959204524,2.251371566416353,4.114052463326034
2022-01-19 12:55:00,4.28,268,-18.0,-28.6,13.60988888888889,33.32638888888889,0.0,-18.0,-28.6,-30.9,11.52,11.52,2.805,7.1625,1.225,19.51354197852742,-13.6755500031869,-16.3064041456979,18.48279508436203,-13.58463146601328,-14.83320588624252,5.162182662843362,16.95714180998336,27.05271068951329
2022-01-19 20:50:00,1.32,197,-7.5,-25.8,13.60938888888889,33.31194444444444,0.0,-7.5,-25.8,-24.3,11.04,11.04,2.75,6.895,1.225,-0.6853825802948335,-1.32339883238812,-1.076310764323233,-0.4368488342380452,-1.075041246460807,-1.339626731214455,0.4429532147650353,-0.7395536565412922,-0.6509552545249184
2022-01-20 04:45:00,3.56,201,-2.3,-20.4,13.61022222222222,33.38333333333333,0.0,-2.3,-20.4,-22.2,11.01,11.01,2.87,6.94,1.225,-3.448724338385563,-9.973611623571392,-7.838429481209311,-2.17192274241971,-8.67008808798989,-9.79765570095745,4.193586912084358,-4.995667033212079,-3.89030706443805
2022-01-20 12:40:00,4.26,251,-22.3,-55.3,13.60616666666667,33.33027777777778,0.0,-22.3,-55.3,-30.3,10.61,10.61,2.985,6.797499999999999,1.225,20.76815458690563,-12.70756834959527,-13.49060906150998,19.81179895152955,-12.73667348955464,-12.59489721360067,19.9115172460034,10.24730057381775,20.01033278409561
2022-01-20 20:35:00,1.8,196,-5.1,-28.8,13.60608333333333,33.39277777777778,0.0,-5.1,-28.8,-21.5,10.04,10.04,2.97,6.505,1.225,-1.3650495796247,-2.435483014360545,-2.004098990755964,-0.8669946630144515,-1.935781963058596,-2.494695102948578,0.767199590129449,-1.396329295473515,-1.26225834677641
2022-01-21 04:30:00,2.63,211,-30.3,-52.2,13.60591666666667,33.40805555555556,0.0,-30.3,-52.2,-37.2,11.17,11.17,3.065,7.1175,1.225,0.6610167491609649,-5.595043822729827,-4.436017661879383,0.8144378639328037,-5.198302941137847,-5.730233559770192,4.029971342560977,-1.916710788457552,-0.7247751515615782
2022-01-21 12:25:00,6.18,256,-59.3,-74.8,13.61355555555556,33.23694444444445,0.0,-59.3,-74.8,-47.9,10.97,10.97,2.93,6.95,1.225,39.10518070510797,-25.91061139198239,-32.28609117957992,38.44757290319598,-25.66366899163421,-25.30691429279191,36.700729060513,23.63223706491898,41.47111275584921
2022-01-21 20:20:00,4.5,279,-38.1,-43.2,13.61811111111111,33.34722222222222,0.0,-38.1,-43.2,-38.4,10.16,10.16,2.91,6.535,1.225,20.53082692997316,-14.27258541843225,-15.94226271423906,19.00594466876147,-14.02395405651976,-14.84529731067314,6.25072993320375,16.08476591902507,25.05553245781931
2022-01-22 04:15:00,3.69,264,-33.0,-30.7,13.6195,33.38361111111111,0.0,-33.0,-30.7,-35.8,10.61,10.61,2.995,6.8025,1.225,13.56667396320513,-9.582478265727309,-12.37088140423044,13.25961510643105,-9.460718869162264,-9.852833416589666,7.718574226666037,10.80941425294608,17.35518730190415
2022-01-22 12:10:00,2.2,324,-13.6,-24.4,13.60677777777778,33.36722222222222,0.0,-13.6,-24.4,-35.0,11.03,11.03,2.975,7.0025,1.225,0.9990668431847574,-4.478258960477548,-2.778239784810341,0.8989070383728744,-4.209901694832947,-2.806423787894539,-3.544846630523364,1.988586430017532,2.705983530228416
2022-01-22 20:05:00,1.57,285,-20.3,-30.4,13.61291666666667,33.3925,0.0,-20.3,-30.4,-36.6,11.04,11.04,2.975,7.007499999999999,1.225,2.430222095947611,-1.757076779059792,-1.803420664984496,2.186870418726869,-1.731956065015981,-1.772433355282545,0.7191957698448628,1.594516393200597,2.713372340084148
2022-01-23 04:00:00,2.03,341,-17.1,-32.8,13.61116666666667,33.33611111111111,0.0,-17.1,-32.8,-41.8,11.56,11.56,2.985,7.2725,1.225,-1.85402214216227,-3.557459824474725,-2.445904939880356,-1.132692274559516,-2.64393279562135,0.9932070413540388,-3.540405706846002,-0.6117875828927544,0.03844894428764477
2022-01-23 11:55:00,3.72,148,-8.3,-30.1,13.60719444444445,33.35777777777778,0.0,-8.3,-30.1,-28.2,11.88,11.88,2.85,7.365,1.225,-10.30162602916472,-1.04491722398943,-7.777172511870147,-10.31399096736992,-1.995074828327013,-10.54888755671209,-10.28357763613789,-10.64568372948811,-10.41173308062925
2022-01-23 19:50:00,2.27,20,-8.4,-30.9,13.61144444444444,33.3475,0.0,-8.4,-30.9,-30.2,11.86,11.86,2.32,7.09,1.225,-4.301891343548441,-1.896499373678243,-3.824672353358482,-4.273617799974155,-1.139920100120056,5.598394405848491,-4.089653194841468,-4.712219446433485,-4.376719297786346
2022-01-24 03:45:00,2.35,95,-9.1,-37.7,13.60525,33.32361111111111,0.0,-9.1,-37.7,-33.8,12.13,12.13,2.49,7.31,1.225,-3.159436469236162,3.646027240189734,-4.272951910630157,-3.200914715319251,4.301858011213904,4.191512599571973,-3.332104950455028,-3.29074510670239,-3.189578879647114
2022-01-24 11:40:00,2.25,273,-13.0,-30.9,13.61238888888889,33.33583333333333,0.0,-13.0,-30.9,-39.6,13.03,13.03,2.535,7.7825,1.225,5.422319015994801,-3.781180802226381,-4.301808884024868,5.048441848039189,-3.750425290532224,-4.115332037680106,0.9909275029149565,4.687042099677817,7.413387335604182
2022-01-24 19:35:00,1.89,6,-12.4,-28.8,13.60141666666667,33.38555555555556,0.0,-12.4,-28.8,-36.8,12.55,12.55,2.6,7.575,1.225,-3.279127178471643,-1.640955359081888,-2.779885999202587,-3.224806491599973,-0.8924318017640919,3.649038617515803,-3.284808282122537,-3.293376549370991,-3.530854020107187
2022-01-25 03:30:00,1.51,319,-16.3,-31.7,13.60605555555556,33.27111111111111,0.0,-16.3,-31.7,-41.6,13.02,13.02,2.76,7.89,1.225,0.8043608255119858,-2.164949782890444,-1.263979400303257,0.6929088019375619,-2.146035379398681,-2.241325916067816,-1.547389036385565,1.073265240978468,1.565430461453899
2022-01-25 11:25:00,1.58,218,-9.5,-33.5,13.61427777777778,33.34,0.0,-9.5,-33.5,-36.0,13.05,13.05,2.445,7.7475,1.225,0.786738890982979,-1.784422581738618,-1.487128343583461,0.829317612367925,-1.711075029736964,-1.837312431542821,2.019036614112427,-0.3295516084653092,0.3354008224874755
2022-01-25 19:20:00,1.16,253,-10.4,-32.4,13.61391666666667,33.33027777777778,0.0,-10.4,-32.4,-33.3,12.79,12.79,2.355,7.5725,1.225,1.475048301757385,-0.9304955224501279,-1.055180570287688,1.423233875691766,-0.9283102435364762,-0.9169751331389345,1.403052176741632,0.7889330303815019,1.474676665812137
2022-01-26 03:15:00,1.37,276,-16.1,-27.1,13.60855555555556,33.35166666666667,0.0,-16.1,-27.1,-33.6,12.29,12.29,2.455,7.3725,1.225,1.956615094058004,-1.36236564352223,-1.536254154717541,1.816640483139196,-1.345142031602017,-1.450849514283693,0.4733699341361592,1.6142699857027,2.53539446002131
2022-01-26 11:10:00,3.81,346,-4.8,-22.6,13.60225,33.3075,0.0,-4.8,-22.6,-23.3,11.97,11.97,2.605,7.287500000000001,1.225,-9.465148465220027,-11.6207620806836,-9.87983322613053,-5.226040159674413,-7.650938299290616,8.077619682959268,-12.6608108151202,-3.396411781560897,0.009380953424357808
2022-01-26 19:05:00,1.24,139,-5.5,-20.5,13.61713888888889,33.39833333333333,0.0,-5.5,-20.5,-25.4,11.06,11.06,2.63,6.845000000000001,1.225,-0.9714611772627216,0.1366553142011805,-0.8542751821195418,-0.9725611513953147,0.01774166835060124,-1.044623072619086,-0.9766554304079312,-1.001522657332368,-0.9753470562060899
2022-01-27 03:00:00,0.86,166,-10.6,-26.9,13.60555555555556,33.35277777777777,0.0,-10.6,-26.9,-28.3,11.33,11.33,2.84,7.085,1.225,-0.6340063999714529,-0.2042494374639117,-0.461456340282193,-0.6308692918125186,-0.1203891910369479,-0.535841466507339,-0.658926765275476,-0.5863860900605973,-0.6064865611369337
2022-01-27 10:55:00,1.72,187,-3.1,-16.0,13.61186111111111,33.21861111111111,0.0,-3.1,-16.0,-26.5,11.71,11.71,2.63,7.17,1.225,-2.091980976545833,-1.947732763286956,-1.848707514194462,-1.589125719120377,-1.235435501472367,-2.280498470309085,-0.584612203006598,-1.504659727643361,-1.572273643294422
2022-01-27 18:50:00,1.28,212,-3.4,-21.6,13.59988888888889,33.34055555555555,0.0,-3.4,-21.6,-19.2,11.04,11.04,2.775,6.9075,1.225,0.2079696364389417,-1.303269166524518,-1.04007763180981,0.2431109186734872,-1.215841688477686,-1.335675669303666,1.007508360287078,-0.4200491363222413,-0.1157051200778839
2022-01-28 02:45:00,2.55,230,-9.6,-29.9,13.60377777777778,33.24944444444444,0.0,-9.6,-29.9,-22.9,10.06,10.06,2.865,6.4625,1.225,4.738677495386352,-5.094236545253119,-3.992242190123729,4.763653173193553,-5.039747072779503,-5.149065470011181,9.195384106972245,0.3241079599085243,2.823050558351333
2022-01-28 10:40:00,3.1,241,-20.1,-36.6,13.60580555555556,33.38805555555555,0.0,-20.1,-36.6,-26.6,10.3,10.3,3.015,6.657500000000001,1.225,7.930426429170854,-6.775138702384513,-6.319846934044824,7.015829457868162,-6.780225263438084,-6.733447264649271,8.499624634870708,1.114844285873652,5.803300501379612
2022-01-28 18:35:00,2.26,209,-3.9,-18.8,13.60758333333333,33.33472222222223,0.0,-3.9,-18.8,-18.4,9.04,9.04,2.98,6.01,1.225,0.1370266369319893,-4.180091634556713,-3.292282818998704,0.2982262231166652,-3.843164515184751,-4.259883119322741,2.686283190036372,-1.575890542085998,-0.8050297329759456
2022-01-29 02:30:00,4.09,316,-47.4,-32.3,13.61197222222222,33.30638888888889,0.0,-47.4,-32.3,-58.9,10.13,10.13,3.53,6.83,1.225,8.067335053283998,-15.77101374482476,-9.428432330072624,7.078679996592926,-15.60789486347625,-16.47134526656621,-10.41637439213516,8.822740169101879,13.81347276272328
2022-01-29 10:25:00,3.2,301,-44.0,-34.5,13.61433333333333,33.37611111111111,0.0,-44.0,-34.5,-49.9,10.19,10.19,3.43,6.81,1.225,8.325933530843056,-8.354533002874179,-6.524173948706357,7.719652441980314,-8.269835069073986,-8.88152114227491,-3.240062191079276,7.898127600807288,12.54388007837831
2022-01-29 18:20:00,1.89,290,-22.7,-23.9,13.60761111111111,33.36027777777777,0.0,-22.7,-23.9,-35.0,9.26,9.26,3.215,6.2375,1.225,3.456111027771331,-2.600032958229059,-2.4519611082266,3.020639872685283,-2.574775241012038,-2.56597412443578,0.9146305695852956,1.86245484067125,3.579751332140044
2022-01-30 02:15:00,3.17,208,-3.6,-25.5,13.60219444444444,33.33083333333333,0.0,-3.6,-25.5,-23.8,9.92,9.92,3.195,6.5575,1.225,-0.1059189711936149,-8.184581858534452,-6.444586284831288,0.2981348542773747,-7.475362744450305,-8.304504308892437,5.040101953626618,-3.208045435092991,-1.771445369392224
2022-01-30 10:10:00,4.14,264,-34.1,-46.6,13.60063888888889,33.31416666666667,0.0,-34.1,-46.6,-33.3,10.13,10.13,3.145,6.6375,1.225,17.07738376332068,-12.06217966108208,-15.57215053619965,16.6908658924498,-11.90891203280628,-12.40249584146563,9.715944713637915,13.60661544273284,21.84626789460391
2022-01-30 18:05:00,1.03,206,-10.4,-29.6,13.61925,33.32444444444445,0.0,-10.4,-29.6,-21.4,9.1,9.1,3.12,6.109999999999999,1.225,-0.09047041436382036,-0.8557365311144235,-0.6734566659077463,-0.02946354608758172,-0.7710780959439973,-0.8605715262523794,0.4803711182909672,-0.3613994079750357,-0.2266287828617832
2022-01-31 02:00:00,3.81,236,-23.2,-29.6,13.61894444444444,33.29027777777777,0.0,-23.2,-29.6,-27.8,9.21,9.21,3.2,6.205,1.225,11.08666562598094,-10.68971440904475,-9.229399361472243,10.2458221080855,-10.64306608966001,-10.7008409382696,15.68212669799032,0.8761006315670125,7.294536194978086
2022-01-31 09:55:00,4.93,284,-49.7,-33.9,13.60608333333333,33.28333333333333,0.0,-49.7,-33.9,-50.2,9.99,9.99,3.43,6.71,1.225,24.05241434005563,-17.25240275885078,-18.00226478568113,21.76555771448214,-16.98953358237894,-17.48045703353996,7.265223316556087,16.33262023754278,27.23453192460582
2022-01-31 17:50:00,2.67,260,-24.1,-27.5,13.60897222222222,33.35111111111111,0.0,-24.1,-27.5,-31.3,9.0,9.0,3.035,6.0175,1.225,6.612035887294055,-4.712021364122704,-6.607997250479153,6.691637683596653,-4.619906097897775,-4.544597414193968,6.073389028067128,4.719696196157725,7.645105638130584
2022-02-01 01:45:00,2.92,266,-26.3,-32.7,13.60688888888889,33.34111111111111,0.0,-26.3,-32.7,-31.8,9.38,9.38,3.155,6.2675,1.225,8.789067413758248,-6.182953275184877,-7.668274874418173,8.453043901603024,-6.123671149745589,-6.537020102803266,3.618068226332807,7.330824325603257,11.7298244514663
2022-02-01 09:40:00,3.91,272,-26.5,-29.7,13.61558333333333,33.35361111111111,0.0,-26.5,-29.7,-33.5,9.88,9.88,3.065,6.4725,1.225,16.52047254788411,-11.52590331765388,-13.15007947814434,15.39510752416238,-11.44883078803061,-12.63111626742304,2.704702723563652,14.48939591133923,22.96603710406765
2022-02-01 17:35:00,2.76,258,-17.9,-34.0,13.61963888888889,33.31944444444444,0.0,-17.9,-34.0,-28.8,9.99,9.99,2.985,6.4875,1.225,7.432480481446195,-5.101498210412993,-6.750277799578735,7.409428787549599,-5.027656499079862,-4.951842928665273,6.90490650457717,4.878384056109935,8.220371300972644
2022-02-02 01:30:00,1.42,198,-5.8,-28.7,13.616,33.29666666666667,0.0,-5.8,-28.7,-25.0,10.07,10.07,2.995,6.532500000000001,1.225,-0.7367912535785667,-1.547305812068624,-1.243888306120333,-0.4715200554844768,-1.283466802943408,-1.548015037989812,0.5477557298630702,-0.8427038861185325,-0.7210805873573773
2022-02-02 09:25:00,1.82,221,-3.1,-12.0,13.60869444444445,33.3475,0.0,-3.1,-12.0,-27.2,10.19,10.19,2.96,6.574999999999999,1.225,1.367933653223508,-2.310283189323219,-1.94041248256011,1.415687833820866,-2.243746600358476,-2.377634641912603,3.072144714906017,-0.253449059017199,0.7480248745771809
2022-02-02 17:20:00,2.82,174,1.5,2.6,13.61361111111111,33.36555555555555,0.0,1.5,2.6,-24.2,10.1,10.1,3.08,6.59,1.225,-7.412830471813693,-3.401182197637,-4.939822514449525,-7.229982740524806,-1.695581630302142,-5.852991403321184,-7.60828492296956,-5.643131790395241,-6.065730638390015
2022-02-03 01:15:00,1.9,198,-2.8,-15.3,13.60388888888889,33.33555555555556,0.0,-2.8,-15.3,-19.2,9.07,9.07,2.985,6.0275,1.225,-1.319091661088388,-2.770171583796733,-2.226957342340012,-0.8441714938995047,-2.297815492276186,-2.771441324708997,0.9806576992688373,-1.508709099825383,-1.29096455086299
2022-02-03 09:10:00,2.04,315,-19.4,-23.9,13.61547222222222,33.37722222222222,0.0,-19.4,-23.9,-36.2,9.75,9.75,3.22,6.485,1.225,2.186609472837053,-3.914186127568215,-2.358463347190804,1.926474100429092,-3.871586141097336,-4.100023019669338,-2.51374417237787,2.273581447109475,3.629603521080378
2022-02-03 17:05:00,4.69,310,-29.7,-31.7,13.6145,33.27472222222222,0.0,-29.7,-31.7,-47.2,10.05,10.05,3.485,6.7675,1.225,16.30436111159059,-20.44233249274579,-12.8056891463346,14.55470946795237,-20.16380213320174,-21.73137114326221,-11.23478174883422,14.09601523496514,24.28742057926387
2022-02-04 01:00:00,3.45,316,-25.2,-33.9,13.61991666666667,33.29555555555555,0.0,-25.2,-33.9,-43.3,10.71,10.71,3.16,6.935,1.225,5.740129212027236,-11.22150699109742,-6.708587096483727,5.036674138691621,-11.1054434521868,-11.7198119951043,-7.41153485466902,6.277620582297758,9.828663121233962
2022-02-04 08:55:00,1.36,300,-22.1,-38.5,13.61247222222222,33.34083333333334,0.0,-22.1,-38.5,-45.5,11.31,11.31,3.03,7.17,1.225,1.518635810549556,-1.485714207719186,-1.189721010713508,1.413305682747785,-1.471318131710939,-1.57943422070819,-0.5452951244502016,1.45341026811253,2.290567962885968
2022-02-04 16:50:00,0.7,350,-7.9,-23.1,13.60716666666667,33.31194444444444,0.0,-7.9,-23.1,-27.9,10.38,10.38,2.985,6.6825,1.225,-0.3987399902488195,-0.3676760791314427,-0.367633523554469,-0.209787650908989,-0.2133682265998519,0.3963184813450346,-0.4324918370274203,-0.148170189689319,-0.003087462240556691
2022-02-05 00:45:00,2.16,165,-0.7,-16.9,13.60666666666667,33.26916666666666,0.0,-0.7,-16.9,-30.3,11.16,11.16,2.99,7.075,1.225,-3.951376701628377,-1.207062280890088,-2.919574045917716,-3.930314071022493,-0.7457647976983851,-3.383255387091687,-4.088071867699338,-3.70974475101254,-3.796178720298214
2022-02-05 08:40:00,2.11,186,-1.4,-8.2,13.616,33.26166666666666,0.0,-1.4,-8.2,-29.4,11.05,11.05,2.98,7.015000000000001,1.225,-3.323465813686842,-2.862414337909237,-2.784143472556508,-2.64127122520085,-1.766145167082104,-3.423201497754903,-1.369247434069234,-2.321525569712646,-2.43429446278329
2022-02-05 16:35:00,2.99,225,-9.2,-31.8,13.61002777777778,33.32694444444444,0.0,-9.2,-31.8,-23.6,10.94,10.94,2.95,6.945,1.225,4.946712220810405,-6.576968045988881,-5.348993749711906,5.033577904709761,-6.443904878766944,-6.71146047033842,10.22535052160012,-0.181982487314005,2.846649225204441
2022-02-06 00:30:00,1.99,257,-30.1,-28.7,13.6165,33.27166666666667,0.0,-30.1,-28.7,-30.4,10.02,10.02,2.98,6.5,1.225,3.959303987491763,-2.669349190824538,-3.428448945445274,3.919219064583598,-2.637352942106697,-2.599151028140468,3.697514589386748,2.493234686508472,4.286760776582735
2022-02-06 08:25:00,2.74,255,-24.9,-32.5,13.60755555555555,33.3025,0.0,-24.9,-32.5,-26.9,9.86,9.86,2.985,6.422499999999999,1.225,7.867965428084748,-5.126079702318553,-6.193466420479957,7.685422793026272,-5.089654047204028,-5.021820862045115,7.418967352758619,4.564225074042493,8.177326725113847
2022-02-06 16:20:00,3.55,209,-8.1,-31.5,13.60461111111111,33.38166666666667,0.0,-8.1,-31.5,-20.0,9.49,9.49,3.16,6.325,1.225,0.3380997321511856,-10.31396444993754,-8.123383629577724,0.7358438360145223,-9.482629963704252,-10.51084208067681,6.628139224378062,-3.888354717800689,-1.986331586230198
2022-02-07 00:15:00,2.27,198,-3.2,-24.4,13.61161111111111,33.3425,0.0,-3.2,-24.4,-17.9,9.04,9.04,2.975,6.007499999999999,1.225,-1.882866321446636,-3.954132175663764,-3.178750274056469,-1.204967116596886,-3.279892922479214,-3.955944598917727,1.399786996831688,-2.153525518141335,-1.842717793391108
2022-02-07 08:10:00,4.02,191,-2.2,-20.9,13.61277777777778,33.33833333333333,0.0,-2.2,-20.9,-19.6,8.88,8.88,3.185,6.032500000000001,1.225,-9.067474631584622,-11.51463463865167,-10.06320265915236,-5.68784688414115,-8.077574322980364,-12.53410303274976,2.418228662175051,-7.491444562146253,-7.587807337038747
2022-02-07 16:05:00,1.18,230,-0.2,-12.1,13.60436111111111,33.33638888888889,0.0,-0.2,-12.1,-11.7,8.06,8.06,2.99,5.525,1.225,1.014707350184691,-1.090844285368773,-0.8548708997352221,1.020055467643938,-1.079176289755968,-1.102584968926347,1.969035421845161,0.06940221812789378,0.6045083579313182
2022-02-08 00:00:00,1.0,200,-9.6,-16.0,13.61677777777778,33.32305555555556,0.0,-9.6,-16.0,-24.1,8.06,8.06,3.35,5.705,1.225,-0.3094871055544945,-0.7830288106734763,-0.6152223095768143,-0.2000940927966401,-0.6755644047149685,-0.7654569322586391,0.3065106674613346,-0.4048840848644965,-0.325629908153734
2022-02-08 07:55:00,1.98,308,-23.3,-24.4,13.61744444444444,33.2725,0.0,-23.3,-24.4,-38.6,8.79,8.79,3.79,6.289999999999999,1.225,2.968539932925443,-3.544597643793292,-2.330247693980317,2.674413960290782,-3.498780549857079,-3.768125240847483,-1.833075254019198,2.626011999355286,4.434043137307711
2022-02-08 15:50:00,2.75,285,-20.8,-21.1,13.62355555555556,33.32416666666666,0.0,-20.8,-21.1,-29.1,8.34,8.34,3.64,5.99,1.225,7.456105562336729,-5.39084471647518,-5.53303127061757,6.709484174458172,-5.313772462040389,-5.437959856109474,2.206547125421629,4.892097133181677,8.32483196960784
2022-02-08 23:45:00,1.96,232,-18.3,-30.8,13.61136111111111,33.35111111111111,0.0,-18.3,-30.8,-26.2,8.87,8.87,3.595,6.2325,1.225,2.844376526687865,-2.949399647025613,-2.386548256819653,2.780038662055478,-2.923823423031314,-2.971976023396947,5.005076717693945,0.2049377131289122,1.75536851218661
2022-02-09 07:40:00,4.81,302,-45.0,-27.5,13.59661111111111,33.35888888888889,0.0,-45.0,-27.5,-43.5,9.14,9.14,3.645,6.3925,1.225,18.62680803236148,-19.16784905944793,-14.59936979467398,17.20470697318439,-18.96519487879893,-20.37687105094134,-7.820158685138413,17.50953867215426,28.03086512273912
2022-02-09 15:35:00,6.0,305,-37.5,-23.3,13.61175,33.39055555555556,0.0,-37.5,-23.3,-46.6,8.7,8.7,4.065,6.3825,1.225,28.12140852205822,-31.1872341827335,-22.0574069877651,25.66456623280918,-30.81920508049997,-33.15415676699481,-14.50044553775733,25.67949557366062,42.16647620712331
2022-02-09 23:30:00,2.26,237,-17.1,-27.4,13.61527777777778,33.35111111111111,0.0,-17.1,-27.4,-21.8,7.96,7.96,3.69,5.825,1.225,3.930724010415907,-3.721227758618205,-3.266033880100003,3.582287645456705,-3.709212020272323,-3.718617344493118,5.233719011565938,0.3172095801525066,2.624834797317284
2022-02-10 07:25:00,3.04,258,-28.6,-21.5,13.61538888888889,33.37222222222222,0.0,-28.6,-21.5,-24.7,7.38,7.38,3.5,5.44,1.225,9.01701475757892,-6.189089196249833,-8.189372940635746,8.989048661391829,-6.099505133099201,-6.007528829231385,8.376967017525256,5.918409222451374,9.972876419747534
2022-02-10 15:20:00,4.16,285,-30.7,-20.4,13.61111111111111,33.37111111111111,0.0,-30.7,-20.4,-25.4,7.3,7.3,4.015000000000001,5.657500000000001,1.225,17.06213294804291,-12.33610609261923,-12.66147781246935,15.35360652290953,-12.15973827690396,-12.44392173036537,5.049338437513593,11.19480015180018,19.05007763745395
2022-02-10 23:15:00,2.95,236,-21.5,-28.9,13.60027777777778,33.3075,0.0,-21.5,-28.9,-23.1,7.8,7.8,4.185,5.9925,1.225,6.646530928424241,-6.408555992636585,-5.533087257818023,6.142439559910312,-6.380590010076142,-6.415226422061794,9.401540881453062,0.5252282463066476,4.373123720337888
2022-02-11 07:10:00,3.46,251,-23.0,-34.6,13.60991666666667,33.32861111111111,0.0,-23.0,-34.6,-23.7,7.37,7.37,4.035,5.702500000000001,1.225,13.70032618377083,-8.38292254920842,-8.899478467718755,13.06943796028848,-8.402122613874692,-8.308595708652485,13.13522007660817,6.759934291560127,13.20040666303418
2022-02-11 15:05:00,2.77,196,-11.8,-13.1,13.61577777777778,33.30861111111111,0.0,-11.8,-13.1,-23.8,7.06,7.06,4.07,5.565,1.225,-3.232681765278506,-5.767659759533034,-4.74606516857143,-2.053198564766539,-4.584278217392685,-5.907884585004365,1.816865967624768,-3.306757731863806,-2.989253724994048
2022-02-11 23:00:00,1.36,178,-5.5,-15.8,13.61594444444444,33.38194444444444,0.0,-5.5,-15.8,-18.5,6.97,6.97,3.775,5.3725,1.225,-1.786389888106341,-0.9422533658955377,-1.157437566525893,-1.707161870571888,-0.4659611802140711,-1.387373693132022,-1.782465501907523,-1.175466200187484,-1.257769407391958
2022-02-12 06:55:00,1.01,331,-22.0,-23.5,13.61238888888889,33.3275,0.0,-22.0,-23.5,-35.0,8.04,8.04,3.905,5.9725,1.225,0.005629463466700584,-0.9023547101814506,-0.6171067533445179,0.03622378387334577,-0.7642929949082652,0.04024380218518818,-0.8081297730761154,0.3074297472283807,0.4027719068500918
2022-02-12 14:50:00,2.63,290,-19.1,-24.6,13.62044444444444,33.33722222222222,0.0,-19.1,-24.6,-29.2,7.73,7.73,3.69,5.710000000000001,1.225,6.692302670135642,-5.034620522598635,-4.747898936057941,5.849070276693496,-4.985712288165551,-4.968670087990215,1.77106133276351,3.606397885680405,6.9317157944289
2022-02-12 22:45:00,2.9,253,-31.9,-33.4,13.61113888888889,33.3225,0.0,-31.9,-33.4,-34.7,7.86,7.86,3.59,5.725000000000001,1.225,9.219051885983655,-5.815597015313299,-6.59487856429805,8.895211723073537,-5.801939022102976,-5.731094582118341,8.769076104635202,4.930831439884387,9.216729161325858
2022-02-13 06:40:00,1.12,234,-21.1,-34.8,13.61708333333333,33.32472222222222,0.0,-21.1,-34.8,-34.1,9.02,9.02,3.59,6.305,1.225,0.9434117559582004,-0.943407238211925,-0.7884170129785691,0.8965771228279793,-0.9372159850221508,-0.9475739233573178,1.494736128340726,0.07131307151036309,0.6017672437332271
2022-02-13 14:35:00,3.17,255,-7.2,-32.8,13.61269444444444,33.30694444444445,0.0,-7.2,-32.8,-22.1,8.93,8.93,3.695,6.3125,1.225,10.53124804068954,-6.861242250603242,-8.289936159726281,10.28691527316875,-6.812486620883976,-6.721692106745849,9.930265468476751,6.109201521997123,10.94532720549796
2022-02-13 22:30:00,2.43,195,-4.7,-24.5,13.60936111111111,33.34888888888889,0.0,-4.7,-24.5,-22.0,8.75,8.75,3.535,6.1425,1.225,-2.652880971185336,-4.392408036053669,-3.657381459360898,-1.679738314541077,-3.412668221242509,-4.553240621581218,1.295297856190543,-2.583312668071509,-2.394879285085762
2022-02-14 06:25:00,1.55,218,-10.4,-34.6,13.60941666666667,33.26666666666667,0.0,-10.4,-34.6,-28.1,9.04,9.04,3.425,6.2325,1.225,0.7571463650002433,-1.717303017395862,-1.431191253588875,0.7981235233592134,-1.646714372273296,-1.768203459694611,1.943092238986183,-0.3171558000872879,0.3227850008116328
2022-02-14 14:20:00,3.86,245,-4.8,-28.0,13.60344444444445,33.31277777777778,0.0,-4.8,-28.0,-17.8,9.07,9.07,3.555,6.3125,1.225,14.56873555945958,-10.50162090977568,-10.23124894159349,13.38498515179067,-10.52731003281215,-10.4373083196553,14.76728971469357,4.627845081520555,12.32266123460928
2022-02-14 22:15:00,3.61,189,-3.4,-17.5,13.60775,33.37361111111111,0.0,-3.4,-17.5,-21.9,8.27,8.27,3.64,5.955,1.225,-8.189498660911187,-8.982369334255743,-8.13194161300253,-5.537902279768534,-5.987064983789934,-10.09693518208868,0.2902120217903968,-6.293560846640532,-6.526912808274504
2022-02-15 06:10:00,1.25,164,1.2,-4.7,13.61738888888889,33.38277777777778,0.0,1.2,-4.7,-25.5,9.08,9.08,3.535,6.3075,1.225,-1.307196168281645,-0.3769822591592263,-0.9806330895905309,-1.299716047475113,-0.2451726138638462,-1.134056841800599,-1.346106564688868,-1.245956086967674,-1.261384382817883
2022-02-15 14:05:00,4.58,137,6.1,11.9,13.61305555555556,33.26194444444445,0.0,6.1,11.9,-16.3,9.5,9.5,3.785,6.6425,1.225,-13.10113270834745,2.383854288855326,-11.50996285628754,-13.11138562360559,0.7039594895875093,-13.8540275207248,-13.23632839626828,-13.41633214352783,-13.18463056325221
2022-02-15 22:00:00,1.85,180,0.2,-7.8,13.61705555555556,33.30611111111111,0.0,0.2,-7.8,-23.4,9.04,9.04,3.745,6.3925,1.225,-3.363162143034516,-1.88342969641511,-2.149600197312319,-3.182603230788293,-0.9284554486992371,-2.591309222299847,-3.310210435373432,-2.048297736137347,-2.185800915103585
2022-02-16 05:55:00,1.76,160,-2.2,-13.5,13.62127777777778,33.27166666666667,0.0,-2.2,-13.5,-25.1,9.04,9.04,3.46,6.25,1.225,-2.463704343697109,-0.5311822633736409,-1.966857418850482,-2.445494867593906,-0.4497072524912685,-2.256247579673134,-2.486376285483422,-2.498373275416849,-2.421761417101952
2022-02-16 13:50:00,1.74,200,-4.7,-15.4,13.61469444444444,33.35694444444444,0.0,-4.7,-15.4,-20.2,9.02,9.02,3.29,6.154999999999999,1.225,-0.937003160776788,-2.370698027195017,-1.862647064474763,-0.6058048753511076,-2.045338791715039,-2.317497408106256,0.927991696805937,-1.22582705533575,-0.9858771099262454
2022-02-16 21:45:00,3.02,171,-1.6,-3.5,13.60902777777778,33.41083333333334,0.0,-1.6,-3.5,-23.1,8.64,8.64,3.595,6.1175,1.225,-8.271235504784913,-3.341575339606157,-5.633864650768124,-8.197260481651794,-1.679836886994077,-6.616258020195663,-8.678031716760161,-6.978752433576569,-7.522542130386142
2022-02-17 05:40:00,3.65,175,0.7,-3.1,13.61152777777778,33.36333333333334,0.0,0.7,-3.1,-18.9,8.99,8.99,3.63,6.31,1.225,-12.53072813445491,-5.970191701988441,-8.290920237077403,-12.15831917168071,-2.969499991416929,-9.852332939625331,-12.76924214659129,-9.207065081407512,-9.886249385163623
2022-02-17 13:35:00,4.15,195,4.4,-4.0,13.60516666666667,33.33138888888889,0.0,4.4,-4.0,-16.6,8.68,8.68,3.95,6.315,1.225,-7.737513340825322,-12.81109712288681,-10.66728516720741,-4.899201192599994,-9.953543402995667,-13.28018875936638,3.777924660577083,-7.534607262758314,-6.98501388463641
2022-02-17 21:30:00,2.0,232,-13.6,-28.2,13.60813888888889,33.26361111111111,0.0,-13.6,-28.2,-17.7,8.26,8.26,3.745,6.0025,1.225,2.961658191053587,-3.07101171077219,-2.484952370699346,2.894667494851601,-3.04438090694639,-3.094518974798986,5.211450143371454,0.213387872895577,1.827747305483767
2022-02-18 05:25:00,2.43,281,-44.5,-30.3,13.61111111111111,33.34972222222222,0.0,-44.5,-30.3,-42.5,8.13,8.13,3.745,5.9375,1.225,5.908755967134773,-4.138226176822456,-4.533881698693365,5.435295017616832,-4.063305955463043,-4.249485870084286,1.89166984796977,4.412663931275165,6.966211491745448
2022-02-18 13:20:00,5.76,282,-24.9,-18.3,13.61102777777778,33.36944444444445,0.0,-24.9,-18.3,-26.0,7.26,7.26,3.675,5.467499999999999,1.225,33.07715770484339,-23.35102260883948,-25.17425911393364,30.26311763116681,-22.95077809270004,-23.87154499116293,10.39157829098392,23.96048459051398,38.48606847477308
2022-02-18 21:15:00,1.82,243,-25.2,-32.8,13.60525,33.30194444444444,0.0,-25.2,-32.8,-26.0,7.48,7.48,3.745,5.612500000000001,1.225,2.986162075393248,-2.334968601427277,-2.226449190570266,2.696956679957732,-2.338700760779211,-2.320634627520207,3.106329193492357,0.7065527052403956,2.369902742044585
2022-02-19 05:10:00,4.54,190,-5.6,-24.9,13.60247222222222,33.35444444444445,0.0,-5.6,-24.9,-22.1,7.94,7.94,3.67,5.805,1.225,-12.14122872954464,-14.52473697696552,-12.8521408568355,-7.602304719588809,-9.90000531269209,-16.0097235585859,2.725038842849569,-9.689275148454469,-10.00734220821614
2022-02-19 13:05:00,3.45,237,-18.7,-42.1,13.59830555555556,33.32472222222222,0.0,-18.7,-42.1,-20.2,7.94,7.94,3.935,5.9375,1.225,9.159966037664528,-8.671766269275823,-7.611004827686251,8.347987058510542,-8.643765383211555,-8.665683088501321,12.1964015457678,0.7392096146458632,6.116786000287607
2022-02-19 21:00:00,5.28,263,-65.3,-60.5,13.60852777777778,33.37638888888889,0.0,-65.3,-60.5,-36.2,7.53,7.53,4.02,5.775,1.225,27.29718723855987,-19.32152322075993,-25.4569870974764,26.90349257480638,-19.04449334554777,-19.57299618854253,17.79027056245251,21.21310196207285,34.12479030510128
2022-02-20 04:55:00,3.73,280,-34.0,-28.4,13.61680555555555,33.33944444444445,0.0,-34.0,-28.4,-29.1,7.52,7.52,3.81,5.664999999999999,1.225,13.97319065849901,-9.708498881840002,-10.80838848665315,12.922146392788,-9.523291560922587,-10.01451149174891,4.556491871542971,10.7461628491292,16.6880572516926
2022-02-20 12:50:00,3.39,255,-25.9,-28.2,13.61552777777778,33.37277777777778,0.0,-25.9,-28.2,-23.3,7.63,7.63,4.045,5.8375,1.225,12.04372176142745,-7.846638146280442,-9.480517802066935,11.7642984815037,-7.790880344700491,-7.687046130415667,11.35642744880352,6.986591050855631,12.51727002739635
2022-02-20 20:45:00,2.1,229,-12.8,-30.5,13.61052777777778,33.31833333333334,0.0,-12.8,-30.5,-21.6,7.74,7.74,4.28,6.01,1.225,3.059045366389075,-3.412793201944308,-2.693746747663595,3.081166058264139,-3.370101801988529,-3.455809780989039,5.997851157296247,0.1578944180537898,1.812516649326995
2022-02-21 04:40:00,1.53,223,-9.8,-25.7,13.60763888888889,33.33666666666667,0.0,-9.8,-25.7,-20.4,7.4,7.4,3.855,5.6275,1.225,1.130995178505452,-1.677413516906323,-1.385950141722757,1.15924188525195,-1.63648173275651,-1.718820356707971,2.424271557693567,-0.1133826486054023,0.6370048009604244
2022-02-21 12:35:00,3.9,236,-6.8,-28.1,13.61036111111111,33.28888888888889,0.0,-6.8,-28.1,-12.4,7.1,7.1,3.895,5.4975,1.225,11.61663147616578,-11.20070515920741,-9.6705839921186,10.73559387603974,-11.15182695239967,-11.21236355984601,16.43176521768469,0.917980077716071,7.643230311558662
2022-02-21 20:30:00,1.34,224,-1.0,-18.9,13.6195,33.31861111111111,0.0,-1.0,-18.9,-10.6,6.61,6.61,3.795,5.202500000000001,1.225,0.9305362776834312,-1.303819549036591,-1.068717262251717,0.9500930658265437,-1.274758349342034,-1.33320647735558,1.956645213798112,-0.06176078382569176,0.5301806981047866
2022-02-22 04:25:00,1.31,233,-19.6,-24.7,13.60844444444444,33.31361111111111,0.0,-19.6,-24.7,-21.7,6.95,6.95,3.955,5.452500000000001,1.225,1.280636727899657,-1.30409133451434,-1.0723559745541,1.234229988733732,-1.294143677627435,-1.311984083323234,2.140368851082425,0.09455480375149833,0.8037028194776755
2022-02-22 12:20:00,5.95,247,-40.5,-51.7,13.61286111111111,33.40777777777778,0.0,-40.5,-51.7,-31.4,8.0,8.0,4.62,6.31,1.225,37.31697399698871,-24.94934280942684,-24.82433843142123,34.78261477277766,-25.03153231087708,-24.79691996044542,36.97620082302905,14.44062900366581,33.22981164711491
2022-02-22 20:15:00,2.17,273,-13.7,-12.7,13.61216666666667,33.30805555555555,0.0,-13.7,-12.7,-17.7,6.43,6.43,4.04,5.234999999999999,1.225,5.043586768280081,-3.517076993501985,-4.001340810663644,4.695823766564293,-3.488469659375247,-3.827888796490241,0.9217142752545654,4.35966667519464,6.895585111037338
2022-02-23 04:10:00,3.61,280,-37.3,-30.7,13.60925,33.35555555555555,0.0,-37.3,-30.7,-38.7,7.72,7.72,4.455,6.0875,1.225,13.0885737682744,-9.093871750535625,-10.12412937611228,12.10406917360525,-8.920389563002626,-9.380511267357706,4.268028787609712,10.06584312876084,15.63156717217712
2022-02-23 12:05:00,3.05,183,-9.3,-17.3,13.61488888888889,33.30444444444444,0.0,-9.3,-17.3,-21.1,8.02,8.02,4.115,6.0675,1.225,-8.04273868366252,-5.550075851109016,-5.83003514601718,-7.084644985158881,-3.106938464804474,-7.09797124468892,-5.929142302036779,-5.209051367429994,-5.513734337747504
2022-02-23 20:00:00,1.94,227,-13.0,-25.9,13.61111111111111,33.35055555555556,0.0,-13.0,-25.9,-22.6,7.86,7.86,4.44,6.15,1.225,2.346563964813614,-2.840664665577648,-2.275362818811009,2.374287471667902,-2.794439290620201,-2.887329642429557,4.71168731706411,0.02906998559278207,1.372613307697035
2022-02-24 03:55:00,0.18,197,-7.4,-16.6,13.60988888888889,33.34444444444444,0.0,-7.4,-16.6,-19.8,7.41,7.41,3.795,5.6025,1.225,-0.01274471740217665,-0.02460865597415925,-0.02001404313824192,-0.00812322212426117,-0.01999043640113071,-0.02491041442340929,0.008236733332407679,-0.01375203080345378,-0.01210453985686832
2022-02-24 11:50:00,1.4,149,-4.7,-13.7,13.61036111111111,33.36833333333333,0.0,-4.7,-13.7,-16.9,7.05,7.05,3.84,5.445,1.225,-1.485774600981598,-0.1852366728992342,-1.102246343912726,-1.487541793128431,-0.3180230521422345,-1.512083549880458,-1.482446840282745,-1.535252262390969,-1.502877833149147
2022-02-24 19:45:00,0.9,162,-2.4,-9.0,13.61391666666667,33.30083333333334,0.0,-2.4,-9.0,-16.0,7.03,7.03,3.965,5.4975,1.225,-0.6609456817350958,-0.1671639619131484,-0.5113395927653203,-0.6566260112615965,-0.1223463387691145,-0.5889437465170096,-0.6739955308974116,-0.649605090128328,-0.6435873809437158
2022-02-25 03:40:00,2.25,169,-2.2,-7.5,13.61216666666667,33.42111111111111,0.0,-2.2,-7.5,-19.4,7.49,7.49,4.26,5.875,1.225,-4.496328271202991,-1.663041913972684,-3.13069809899849,-4.478998552405333,-0.8685958979486028,-3.657958546690509,-4.733668273299697,-3.979062492958298,-4.248046073909244
2022-02-25 11:35:00,5.12,194,-0.8,-7.5,13.62161111111111,33.33527777777778,0.0,-0.8,-7.5,-15.7,7.52,7.52,3.915,5.717499999999999,1.225,-12.51013676753619,-19.29442825961705,-16.25849730283753,-7.899430824546822,-14.63846570322518,-20.24336183580289,5.293464923658866,-11.63936937992931,-11.051044966799
2022-02-25 19:30:00,0.97,161,-2.3,-8.1,13.61169444444444,33.2975,0.0,-2.3,-8.1,-14.4,6.61,6.61,4.04,5.325,1.225,-0.7580555718335856,-0.1777628910433063,-0.5957050384563475,-0.7527811206163988,-0.1393586349774434,-0.6847290400934495,-0.7690782722460971,-0.7567342946162321,-0.7416037188163922
2022-02-26 03:25:00,1.54,314,-20.7,-22.7,13.60816666666667,33.36555555555555,0.0,-20.7,-22.7,-33.4,7.94,7.94,4.48,6.210000000000001,1.225,1.34846305733848,-2.225298458546971,-1.351366767686437,1.192137753210848,-2.199870878280271,-2.337818391478071,-1.388284772098276,1.340493338610177,2.178471597334469
2022-02-26 11:20:00,3.09,263,-8.9,-12.3,13.61286111111111,33.38527777777778,0.0,-8.9,-12.3,-24.1,8.07,8.07,4.255,6.1625,1.225,9.34903988293781,-6.617447050911742,-8.718787968657253,9.214203019309169,-6.522566822795594,-6.703574269248699,6.093006856826533,7.265295671346554,11.6874322167749
2022-02-26 19:15:00,1.93,318,-17.5,-15.6,13.61094444444445,33.43694444444444,0.0,-17.5,-15.6,-27.5,7.76,7.76,4.470000000000001,6.115,1.225,1.474825992122901,-3.528450244323411,-2.076425189388371,1.28006077922023,-3.495743084007863,-3.663613510969951,-2.458417252284159,1.823760439811474,2.73021386381733
2022-02-27 03:10:00,1.26,287,-17.5,-24.9,13.61136111111111,33.28472222222222,0.0,-17.5,-24.9,-31.4,8.05,8.05,4.48,6.265000000000001,1.225,1.553578470760968,-1.141249971463024,-1.132835670358819,1.382118180591204,-1.127051816847991,-1.141129612789623,0.4405340188812742,0.9473035515706004,1.684982311663858
2022-02-27 11:05:00,2.58,17,-7.8,-15.0,13.61191666666667,33.44111111111111,0.0,-7.8,-15.0,-23.0,8.03,8.03,4.3,6.164999999999999,1.225,-5.626916066882669,-2.52932140962722,-4.938657012823885,-5.62078166896414,-1.477826748969006,7.228155911140969,-5.454010310165804,-6.12175980340419,-5.776397208704423
2022-02-27 19:00:00,1.5,41,-3.6,-18.1,13.61191666666667,33.26305555555555,0.0,-3.6,-18.1,-17.4,7.95,7.95,4.48,6.215,1.225,-1.29709535152331,0.04926446693158799,-1.381436098466214,-1.296744276133841,0.3138905774418898,2.457137945192924,-1.441799231869184,-1.304622618043612,-1.318892497964981
2022-02-28 02:55:00,1.94,64,-4.5,-16.8,13.60830555555556,33.30972222222222,0.0,-4.5,-16.8,-22.4,8.2,8.2,3.985,6.092499999999999,1.225,-2.068809833254092,1.766792144085263,-2.6209901423627,-2.092357061823019,2.29551373118949,3.952653600430925,-2.40693507292208,-1.892579482711509,-1.926520610388618
2022-02-28 10:50:00,2.96,14,6.1,-26.9,13.60902777777778,33.22638888888889,0.0,6.1,-26.9,0.9,9.01,9.01,3.64,6.325,1.225,-7.49843895688244,-3.43386129657422,-6.498000470620191,-7.530364132394074,-1.952195708108209,9.50928206446093,-7.40413229272867,-8.103441210820924,-7.764721387264197
2022-02-28 18:45:00,1.79,18,-6.5,-22.3,13.61741666666667,33.35194444444444,0.0,-6.5,-22.3,-22.1,8.75,8.75,4.08,6.415,1.225,-2.69734708801746,-1.204754233352315,-2.37756945599317,-2.689518321895816,-0.7105102136360694,3.479915781221443,-2.597870644492755,-2.941192566637741,-2.760825683398397
2022-03-01 02:40:00,2.49,25,-6.5,-25.5,13.61219444444444,33.35638888888889,0.0,-6.5,-25.5,-20.4,9.07,9.07,3.9,6.485,1.225,-4.933362236126315,-1.954885034831117,-4.22063180605816,-4.870266820368852,-1.129506878302461,6.225272912117529,-4.672762006669091,-5.289577852644861,-5.079677488922179
2022-03-01 10:35:00,2.79,18,-3.5,-23.1,13.6085,33.33055555555556,0.0,-3.5,-23.1,-17.7,9.04,9.04,3.635,6.337499999999999,1.225,-6.552985071576016,-2.926852291700557,-5.776111358071358,-6.533965721877975,-1.726126698281742,8.454171977343353,-6.311315153645659,-7.14538780249207,-6.707201149196798
2022-03-01 18:30:00,2.05,23,-3.0,-18.6,13.61655555555556,33.33777777777778,0.0,-3.0,-18.6,-19.2,9.05,9.05,3.59,6.32,1.225,-3.409714727248244,-1.413710049141123,-2.96417621442562,-3.37483113219762,-0.831225123557481,4.358068493178793,-3.234494812362451,-3.688441886674392,-3.49362991647244
2022-03-02 02:25:00,1.38,151,-5.9,-21.3,13.60713888888889,33.36666666666667,0.0,-5.9,-21.3,-22.5,9.06,9.06,3.585,6.3225,1.225,-1.474085407917878,-0.2272060107047198,-1.085438987210699,-1.474525138969599,-0.3367500751441338,-1.476719071680372,-1.471894616095789,-1.520136859395695,-1.48778192039363
2022-03-02 10:20:00,2.38,43,-3.3,-17.5,13.60844444444444,33.28916666666667,0.0,-3.3,-17.5,-19.3,9.04,9.04,3.435,6.237499999999999,1.225,-3.29259303094817,0.2110172939291198,-3.500242284284895,-3.290938583047208,0.8611648807794976,6.158899150618147,-3.577219449747268,-3.312101939279466,-3.341159430882228
2022-03-02 18:15:00,1.08,29,-2.9,-15.7,13.61022222222222,33.31722222222222,0.0,-2.9,-15.7,-17.6,9.01,9.01,3.635,6.3225,1.225,-0.8915547249205436,-0.3185462530711834,-0.7366229614370938,-0.8753088800332034,-0.176057292885417,1.094251253968191,-0.8417419418317087,-0.9378740477828753,-0.9275506669839679
2022-03-03 02:10:00,0.98,72,-4.3,-19.2,13.614,33.34722222222222,0.0,-4.3,-19.2,-20.8,9.06,9.06,3.695,6.3775,1.225,-0.5188596244461772,0.5566124487928777,-0.6908249901092542,-0.5282462907591694,0.7079954087819146,1.19068355583959,-0.6096841485806929,-0.4872260312928414,-0.4960756443879138
2022-03-03 10:05:00,1.64,12,-10.3,-19.4,4.162666666666667,33.3225,0.0,-10.3,-19.4,-22.7,6.13,6.13,1.86,3.995,1.225,-2.320650414426216,-1.075518863900528,-1.994199252554617,-2.338636632400092,-0.600705700593794,2.918117295780161,-2.318977086808793,-2.496887143882013,-2.416621101742157
2022-03-03 18:00:00,1.11,141,-5.2,-15.0,13.60958333333333,33.35694444444444,0.0,-5.2,-15.0,-18.3,8.04,8.04,3.415,5.727499999999999,1.225,-0.7996917326787293,0.07083505071668558,-0.6892381239156458,-0.8007227403813283,-0.02163464750981731,-0.8600421244322395,-0.8014795791378038,-0.8270373840083339,-0.8028583297199242
2022-03-04 01:55:00,2.33,283,-8.9,-19.4,13.61597222222222,33.28111111111111,0.0,-8.9,-19.4,-24.1,9.02,9.02,3.745,6.3825,1.225,5.392483822212692,-3.837285520279556,-4.070201991215955,4.906847483072324,-3.775181136206939,-3.905342286298566,1.661598385731101,3.784424812396543,6.190407081035652
2022-03-04 09:50:00,2.06,272,-19.1,-23.1,13.60652777777778,33.36,0.0,-19.1,-23.1,-39.7,9.34,9.34,3.845,6.5925,1.225,4.585676264820417,-3.199306867354085,-3.65013816454977,4.273302653013485,-3.177913431498139,-3.506086759795946,0.7507588567392098,4.021899417805952,6.374806225418561
2022-03-04 17:45:00,4.44,349,-17.8,-21.6,13.61719444444445,33.3275,0.0,-17.8,-21.6,-35.1,9.04,9.04,3.865,6.4525,1.225,-15.24506955326257,-15.03960905648063,-14.44725757031006,-8.104413785549221,-9.035737301752183,14.70091962602091,-17.34846153075595,-5.623994023428009,-0.08997575496104093
2022-03-05 01:40:00,4.49,12,-3.0,-24.6,13.60966666666667,33.30333333333333,0.0,-3.0,-24.6,-15.4,8.99,8.99,3.52,6.255,1.225,-17.39461050709174,-8.061632900104488,-14.9476711598105,-17.52942756277851,-4.502634962277271,21.87296865506307,-17.382067953515,-18.71560622745976,-18.1139660444795
2022-03-05 09:35:00,3.38,11,-6.6,-23.5,13.60702777777778,33.29944444444445,0.0,-6.6,-23.5,-21.7,9.64,9.64,3.665,6.6525,1.225,-9.897191922713542,-4.613858684198656,-8.469475390465686,-9.990975972997877,-2.554604063918316,12.39292440100039,-9.948014467443455,-10.62563564049647,-10.33505739955658
2022-03-05 17:30:00,2.17,14,-5.6,-17.9,13.60922222222222,33.29,0.0,-5.6,-17.9,-20.2,9.07,9.07,3.575,6.3225,1.225,-4.030017257585798,-1.845520162919825,-3.492334096067318,-4.047175363293286,-1.049202699268484,5.110739854973986,-3.979332376875232,-4.355174205354575,-4.173130083602125
2022-03-06 01:25:00,2.3,18,-8.6,-23.5,13.60291666666667,33.3475,0.0,-8.6,-23.5,-26.4,9.33,9.33,3.515,6.422499999999999,1.225,-4.453346055245579,-1.989060857786506,-3.925390100871966,-4.440420686878956,-1.173059214798167,5.745374514734694,-4.289109487646039,-4.855937292067553,-4.558149828400336
2022-03-06 09:20:00,2.08,77,-9.5,-22.9,13.61775,33.36305555555555,0.0,-9.5,-22.9,-28.6,10.05,10.05,3.585,6.817500000000001,1.225,-2.315133991672313,3.005095672809852,-3.26797340613758,-2.362834784577099,3.555268397313058,5.006769232901124,-2.572396597617932,-2.287259943098107,-2.302560115476154
2022-03-06 17:15:00,1.54,292,-14.4,-22.6,13.60977777777778,33.31444444444445,0.0,-14.4,-22.6,-27.7,9.69,9.69,3.645,6.6675,1.225,2.225119794626726,-1.761981165070785,-1.607428630098515,1.966812932154299,-1.744874021392508,-1.767925200293398,0.345957540742002,1.361940824128411,2.488747786456489
2022-03-07 01:10:00,1.1,268,-15.3,-27.2,13.61380555555555,33.31472222222222,0.0,-15.3,-27.2,-28.1,9.58,9.58,3.48,6.53,1.225,1.288943673793463,-0.9033220971185335,-1.077100020541885,1.220858920652352,-0.8973165818999512,-0.9797896717155127,0.340981800923687,1.120083718560565,1.78693444483749
2022-03-07 09:05:00,2.57,314,-15.1,-24.1,13.60791666666667,33.37805555555556,0.0,-15.1,-24.1,-34.0,10.06,10.06,3.515,6.7875,1.225,3.755466203160282,-6.197450577187083,-3.763553029133135,3.320100626658091,-6.126634830474513,-6.510818305731787,-3.866369578019862,3.733270556664848,6.0670378871793
2022-03-07 17:00:00,0.82,330,-7.8,-18.6,13.60177777777778,33.33805555555556,0.0,-7.8,-18.6,-23.4,9.1,9.1,3.175,6.137499999999999,1.225,0.03471563450895999,-0.5954422601163741,-0.4089201819871747,0.0457930756169308,-0.5101153518322009,0.01618092119614026,-0.5278744566659709,0.2349722874455319,0.2941593154536863
2022-03-08 00:55:00,1.23,275,-12.6,-23.2,13.61341666666667,33.38444444444445,0.0,-12.6,-23.2,-28.4,9.98,9.98,3.315,6.6475,1.225,1.591580239946414,-1.108763489136666,-1.254069177703737,1.479117614231393,-1.096444238164253,-1.189598963288349,0.3530884455839383,1.334367906168125,2.100941969641471
2022-03-08 08:50:00,3.27,18,-7.0,-26.0,13.60586111111111,33.32305555555556,0.0,-7.0,-26.0,-19.4,9.71,9.71,3.37,6.540000000000001,1.225,-9.00173611231294,-4.020572560723125,-7.93455648574931,-8.97560952036446,-2.371154041193822,11.61336770295021,-8.669757814829929,-9.81551075053859,-9.213580396994699
2022-03-08 16:45:00,3.03,15,-10.0,-27.3,13.60969444444444,33.35,0.0,-10.0,-27.3,-26.5,10.04,10.04,3.695,6.8675,1.225,-7.825183932959074,-3.561659203474568,-6.809877403497401,-7.844665627963951,-2.043182691093353,9.966075541956236,-7.679810084995763,-8.475326887154353,-8.079925532886554
2022-03-09 00:40:00,1.5,339,-16.0,-30.2,13.61791666666667,33.28972222222222,0.0,-16.0,-30.2,-38.3,10.68,10.68,3.4,7.04,1.225,-0.8175794435150321,-1.97278059822204,-1.303479809840918,-0.5067924023164968,-1.51630073228571,0.3657198170935122,-1.911097069037958,-0.1873700406204892,0.1208429810715937
2022-03-09 08:35:00,2.6,157,-11.0,-28.9,13.61069444444444,33.37138888888889,0.0,-11.0,-28.9,-34.3,11.48,11.48,3.035,7.2575,1.225,-5.328592768215669,-1.041647450191517,-4.145879153182883,-5.302620287730671,-1.052725542450598,-5.029882253122394,-5.358985745985771,-5.433521463650003,-5.283776485238774
2022-03-09 16:30:00,3.98,44,-9.5,-23.1,12.31916666666667,23.72333333333333,0.0,-9.5,-23.1,-22.9,4.44,4.44,-0.025,2.2075,1.225,-9.24563119844672,0.7117442048104689,-9.819775775824299,-9.239927061137688,2.507427076458651,17.18554394491897,-9.93019021708714,-9.3009690557061,-9.37262599492485
2022-03-10 00:25:00,2.48,51,-18.4,-30.4,12.31916666666667,33.31694444444445,0.0,-18.4,-30.4,-34.4,5.27,5.27,-0.015,2.6275,1.225,-3.651521802897487,0.7661904672703649,-3.922165737805173,-3.649880579529302,1.421004853920663,6.481021003244209,-3.704740213832502,-3.642350208055025,-3.651793330765133
2022-03-10 08:20:00,4.38,26,-19.4,-37.6,12.31916666666667,33.32805555555556,0.0,-19.4,-37.6,-37.6,6.05,6.05,-0.025,3.0125,1.225,-15.11460572160818,-5.846440749212283,-12.82354224783058,-14.90138195018461,-3.345123987613619,18.94615049073191,-14.30501788282758,-16.13171929466601,-15.60216420024992
2022-03-10 16:15:00,4.59,34,-14.8,-38.5,12.31916666666667,33.40166666666666,0.0,-14.8,-38.5,-37.6,6.01,6.01,-0.01,3.0,1.225,-14.40122974170122,-3.199089163481017,-12.98504416362915,-14.21256759863905,-0.6864258419850369,20.87376652625183,-14.46049349180076,-14.87492448698299,-14.90061721951908
2022-05-10 16:50:00,3.86,334,-12.3,-7.5,13.60366666666667,36.12138888888889,0.0,-12.3,-7.5,-17.3,4.26,4.26,6.02,5.140000000000001,1.225,-1.978877747898813,-13.13632158624937,-8.870308572030892,-0.9278223819995333,-10.74242782685121,1.275555918667225,-12.12298791977781,2.341163182943763,3.976894178836469
2022-05-11 00:45:00,0.68,231,-10.1,-14.5,13.60852777777778,36.13888888888889,0.0,-10.1,-14.5,-16.9,3.85,3.85,5.46,4.655,1.225,0.3396701543899679,-0.3586328873805216,-0.2855766360085993,0.3366861162493048,-0.3551562234536618,-0.361941080121557,0.6281688087569947,0.02385765762788967,0.2060189252205648
2022-05-11 08:40:00,2.27,310,-17.3,-12.5,13.60305555555555,36.00361111111111,0.0,-17.3,-12.5,-18.7,4.93,4.93,5.365,5.1475,1.225,3.819529024323182,-4.788907811015124,-2.999915239617367,3.409648183878585,-4.723658103580872,-5.09088349135146,-2.631907786997143,3.30219252068557,5.689674510612736
2022-05-11 16:35:00,2.76,346,-10.5,-3.4,13.60986111111111,36.08194444444445,0.0,-10.5,-3.4,-13.1,5.06,5.06,6.29,5.675,1.225,-4.96701696383051,-6.098216271988716,-5.184630691671448,-2.742464127440277,-4.014975619393376,4.238884803556775,-6.644001657832312,-1.782331782449713,0.004922834012261422
2022-05-12 00:30:00,0.76,215,-16.0,-12.7,13.61733333333333,36.10166666666667,0.0,-16.0,-12.7,-10.6,3.09,3.09,5.955,4.5225,1.225,0.1276738488150984,-0.4361604063345125,-0.3553748016327011,0.1387939731898146,-0.4122642776811621,-0.4479913316888985,0.4111684847205109,-0.1121665657413884,0.01840608971727475
2022-05-12 08:25:00,2.78,239,-4.5,-12.8,13.61544444444444,36.09277777777778,0.0,-4.5,-12.8,-4.2,4.16,4.16,5.965,5.0625,1.225,6.037819425418302,-5.509517167851334,-4.998180583481862,5.351477188081659,-5.504644801245598,-5.485820004551687,7.059308944613019,0.5070509218699392,4.14780138591212
2022-05-12 16:20:00,7.97,244,-86.8,-63.7,13.61763888888889,36.13916666666667,0.0,-86.8,-63.7,-28.1,4.31,4.31,7.105,5.7075,1.225,59.68753573381982,-44.77407702067666,-43.15722166271571,54.39121410261632,-44.86462200251501,-44.49954715026309,61.26298430355745,16.63953278877051,48.99082388279386
2022-05-13 00:15:00,2.46,273,-37.9,-19.0,13.60611111111111,36.11027777777777,0.0,-37.9,-19.0,-43.0,4.08,4.08,6.984999999999999,5.5325,1.225,6.48171965574205,-4.519939504741366,-5.142286744210348,6.034795197549423,-4.483175049517986,-4.919376466019738,1.184532716373363,5.602785969463757,8.861798479040447
2022-05-13 08:10:00,3.14,286,-27.3,-23.5,13.61688888888889,36.12611111111111,0.0,-27.3,-23.5,-28.7,3.68,3.68,6.015,4.8475,1.225,9.684600871888563,-7.057951812918279,-7.124511579235122,8.665480700566944,-6.963622413917848,-7.088291228787745,2.806333468564068,6.130590514124013,10.65893528236059
2022-05-13 16:05:00,3.88,317,-34.0,-12.2,6.157694444444445,36.03694444444444,0.0,-34.0,-12.2,-32.2,0.22,0.22,4.84,2.53,1.225,6.610383680638024,-14.22675508872608,-8.438540320529231,5.771937737272619,-14.08726198602383,-14.81502074513081,-9.65500953720592,7.655415320150738,11.73285434150502
2022-05-14 00:00:00,0.92,170,-2.3,-3.3,13.61194444444445,36.04083333333333,0.0,-2.3,-3.3,-8.2,3.04,3.04,5.96,4.5,1.225,-0.7604694274029219,-0.2928110631215881,-0.5218651575932285,-0.757802988316702,-0.1477029816465881,-0.6110266382300049,-0.8038709912866199,-0.663326053630769,-0.7156202421294393
2022-05-14 07:55:00,2.61,8,-16.9,-13.3,0.0,21.09861111111111,0.0,-16.9,-13.3,-12.6,-4.13,-4.13,1.46,-1.335,1.225,-6.089337577434711,-2.95379680521737,-5.175400630362243,-6.07068586793566,-1.613476544434465,7.173581086970183,-6.127177942162215,-6.314096054251151,-6.468916519947429
2022-05-14 15:50:00,2.28,302,-14.9,-12.7,13.62494444444444,36.16805555555555,0.0,-14.9,-12.7,-14.3,3.55,3.55,6.035,4.7925,1.225,4.185216993159086,-4.306782325051937,-3.280300653119291,3.865688198503711,-4.261248397869491,-4.578434847325757,-1.757094450180606,3.934180170094644,6.29819413185658
2022-05-14 23:45:00,2.57,280,-28.6,-23.1,13.60611111111111,36.03694444444444,0.0,-28.6,-23.1,-25.7,3.95,3.95,5.96,4.955,1.225,6.633521909905202,-4.608935898674253,-5.131088782029296,6.134557476135491,-4.521012041395941,-4.75420990245401,2.163112878145762,5.101548275500684,7.922356183233145
2022-05-15 07:40:00,1.83,260,-20.6,-19.5,13.60666666666667,36.18166666666666,0.0,-20.6,-19.5,-20.8,4.75,4.75,5.67,5.21,1.225,3.106095888981339,-2.213537620994898,-3.104198683124976,3.143489940747779,-2.170265192561245,-2.134887890192622,2.853059029596994,2.217142980167012,3.59139478342178
2022-05-15 15:35:00,3.17,297,-27.0,-18.3,13.60133333333333,36.06194444444444,0.0,-27.0,-18.3,-26.9,4.75,4.75,5.78,5.265000000000001,1.225,8.692318415258141,-7.844627801180551,-6.593968394248048,7.924221062697353,-7.768561734500554,-8.172311288870965,-1.301915178140954,7.099294136115222,11.73240646510322
2022-05-15 23:30:00,2.38,289,-36.8,-24.6,13.61519444444444,36.10472222222222,0.0,-36.8,-24.6,-30.0,4.79,4.79,5.955,5.3725,1.225,5.501319752472149,-4.105929298217147,-3.939387133435384,4.837041048635618,-4.062342081774784,-4.069780657778388,1.490834412433194,3.09553366678878,5.788305474414942
2022-05-16 07:25:00,2.35,277,-16.5,-22.4,13.60505555555556,36.09305555555556,0.0,-16.5,-22.4,-23.3,5.05,5.05,5.54,5.295,1.225,5.704395234648209,-3.969826993708065,-4.462703702500077,5.291205585014914,-3.913439789664489,-4.195456683271415,1.496772027187272,4.628691350740988,7.251030160331038
2022-05-16 15:20:00,3.84,313,-47.7,-25.8,13.61738888888889,36.05972222222222,0.0,-47.7,-25.8,-50.7,5.84,5.84,6.140000000000001,5.99,1.225,9.020629708897712,-13.8029683397106,-8.447816094209212,7.998426551344337,-13.63771509622945,-14.54370345093195,-8.356697802863042,8.613361393354113,14.22901738983418
2022-05-16 23:15:00,1.38,259,-24.0,-19.1,13.61544444444444,36.12638888888889,0.0,-24.0,-19.1,-23.9,5.05,5.05,5.92,5.484999999999999,1.225,1.812223040708121,-1.267067228737152,-1.726408268818942,1.819973910808964,-1.245533271395947,-1.225997669986356,1.674329774591528,1.240203079041879,2.048695480307752
2022-05-17 07:10:00,1.69,258,-14.4,-20.2,13.60655555555556,36.01277777777778,0.0,-14.4,-20.2,-21.0,5.29,5.29,5.465,5.3775,1.225,2.786692331319376,-1.912726979463421,-2.530911103677907,2.778049459163045,-1.885041184496691,-1.856616071802259,2.588886718615162,1.829073816248633,3.082099673480883
2022-05-17 15:05:00,5.86,334,-48.5,-20.8,13.60586111111111,36.10333333333333,0.0,-48.5,-20.8,-58.1,6.38,6.38,6.145,6.262499999999999,1.225,-4.560784874207767,-30.2757140287772,-20.44369300116191,-2.138382873963809,-24.75842805195708,2.939815835637536,-27.94025047450951,5.3957560764729,9.165679303039868
2022-05-17 23:00:00,1.92,145,-13.3,-18.8,13.60755555555555,36.08416666666667,0.0,-13.3,-18.8,-19.9,5.49,5.49,5.895,5.6925,1.225,-2.593559376191328,-0.06823008527081395,-2.06764961005841,-2.596763627560715,-0.3314365277378225,-2.708583654560591,-2.593104509824692,-2.680997187871233,-2.614380568999788
2022-05-18 06:55:00,2.26,317,-24.2,-26.0,13.60619444444445,36.10472222222222,0.0,-24.2,-26.0,-37.2,6.61,6.61,5.48,6.045,1.225,2.24274602024835,-4.826799758952684,-2.862996103540167,1.958281245808111,-4.779473065669523,-5.026384310090745,-3.27571518707042,2.59730040979394,3.980678528182526
2022-05-18 14:50:00,5.52,210,-16.7,-20.8,13.61155555555555,36.0825,0.0,-16.7,-20.8,-27.4,7.18,7.18,5.41,6.295,1.225,1.956087942241197,-25.05693881050494,-19.74017624399397,2.654247043977001,-23.18743085750064,-25.64533228992251,16.76844940096924,-9.075099254888205,-4.233730059678348
2022-05-18 22:45:00,1.86,298,-29.8,-24.0,13.61527777777778,36.15166666666666,0.0,-29.8,-24.0,-31.1,6.17,6.17,5.38,5.775,1.225,2.9418889796003,-2.726802850895891,-2.255206770507752,2.699925196797929,-2.700368591231347,-2.860445128704435,-0.6387964862041128,2.535594553946268,4.120931883687883
2022-05-19 06:40:00,1.14,324,-19.6,-23.6,13.60894444444444,36.19777777777778,0.0,-19.6,-23.6,-32.6,6.88,6.88,5.3,6.09,1.225,0.2682618325212625,-1.20246804649517,-0.7459918232106445,0.2413676832787991,-1.130410793926632,-0.7535595774272194,-0.9518352646752405,0.5339601083576001,0.7265901231167043
2022-05-19 14:35:00,4.39,191,-40.3,-16.2,13.60797222222222,36.07611111111111,0.0,-40.3,-16.2,-39.9,6.51,6.51,5.734999999999999,6.1225,1.225,-10.81342527705762,-13.73178821189814,-12.00088165933085,-6.783047074073454,-9.632918746436344,-14.94755619028345,2.883860832671456,-8.93392915683639,-9.048846673358607
2022-05-19 22:30:00,0.54,233,-19.4,-13.5,13.61577777777778,36.13472222222222,0.0,-19.4,-13.5,-17.0,5.0,5.0,5.465,5.2325,1.225,0.2176060077242236,-0.2215914184163986,-0.182214907161573,0.2097205668170598,-0.2199011108887362,-0.2229325556185858,0.3636918343777376,0.01606676812186756,0.1365653179649731
2022-05-20 06:25:00,2.23,249,-23.4,-22.6,13.61358333333333,36.12055555555555,0.0,-23.4,-22.6,-23.1,5.19,5.19,5.42,5.305,1.225,5.621172206738644,-3.504114986074575,-3.559236406424727,5.304271384974362,-3.518630872468436,-3.482759089856109,5.459167546484102,2.512285037211118,5.222596605753376
2022-05-20 14:20:00,1.95,243,-0.7,-4.1,13.61369444444444,36.10833333333333,0.0,-0.7,-4.1,-3.0,5.52,5.52,5.685,5.602499999999999,1.225,3.427992178385106,-2.680448649597639,-2.555872795297499,3.095996188726988,-2.684733016200624,-2.663993832612483,3.565939125182553,0.8110936667300458,2.720551617143018
2022-05-20 22:15:00,1.04,181,-4.2,-5.4,13.61169444444444,36.08722222222222,0.0,-4.2,-5.4,-0.6,4.12,4.12,5.705,4.9125,1.225,-1.020274377404977,-0.6119109811569298,-0.6788391718627687,-0.9451010072349344,-0.3160252832765467,-0.8210411840437736,-0.9272024657858579,-0.6334291200631015,-0.6742073450389692
2022-05-21 06:10:00,1.62,274,-20.6,-13.9,13.60727777777778,36.05916666666667,0.0,-20.6,-13.9,-16.2,4.05,4.05,5.52,4.785,1.225,2.785907676597173,-1.941757951599934,-2.202734312526307,2.591455283198179,-1.923101133130747,-2.098481862188345,0.5630964478164622,2.37223313091176,3.743782830069904
2022-05-21 14:05:00,0.69,103,-8.2,-15.0,13.61997222222222,36.16277777777778,0.0,-8.2,-15.0,-7.9,3.23,3.23,5.92,4.575,1.225,-0.3083682977033465,0.3440588549742213,-0.352720009398813,-0.3081376585130834,0.3946194136499131,0.3254597845079458,-0.3028138645922268,-0.3282975162742528,-0.3066567923656462
2022-05-21 22:00:00,3.36,289,-67.6,-33.4,13.60561111111111,36.14333333333333,0.0,-67.6,-33.4,-45.6,4.07,4.07,6.19,5.130000000000001,1.225,10.96456808797217,-8.183443860806495,-7.851512072175714,9.640607764754728,-8.096571069558047,-8.11139674353063,2.971351631700762,6.169644955260683,11.5365534714983
2022-05-22 05:55:00,3.44,287,-35.2,-27.6,13.61402777777778,36.05055555555555,0.0,-35.2,-27.6,-27.6,3.85,3.85,5.545,4.6975,1.225,11.5800114585519,-8.506611024379461,-8.443892787073645,10.30198645870753,-8.400781292424028,-8.50571389890859,3.283637796569316,7.060979659779451,12.55946503105658
2022-05-22 13:50:00,4.83,294,-54.1,-37.5,13.61069444444444,36.16722222222222,0.0,-54.1,-37.5,-45.0,5.14,5.14,5.645,5.3925,1.225,21.20462203685414,-17.68396894360243,-15.61040848825979,18.96681107782324,-17.51236535455306,-18.02334285809235,0.8328862214118966,14.63077632714275,25.5836434587778
2022-05-22 21:45:00,1.15,258,-10.3,-17.0,13.61308333333333,36.1275,0.0,-10.3,-17.0,-18.4,5.07,5.07,5.45,5.26,1.225,1.29036119469552,-0.8856767726411447,-1.171923229093531,1.286359164505139,-0.872857031090254,-0.8596949528932766,1.198768490377981,0.8469416764079749,1.427147795307751
2022-05-23 05:40:00,0.93,282,-24.6,-24.7,13.614,36.11944444444445,0.0,-24.6,-24.7,-32.6,5.88,5.88,5.445,5.6625,1.225,0.8622815905586615,-0.6087329841334292,-0.6562625599091317,0.7889229612508492,-0.5982990925315957,-0.6223023745797411,0.2708959075964503,0.6246209226205495,1.003285367954018
2022-05-23 13:35:00,4.02,345,-20.5,-9.2,13.60963888888889,36.02,0.0,-20.5,-9.2,-26.9,5.17,5.17,5.48,5.325,1.225,-9.883980388624503,-13.13984185618978,-10.71752870122876,-5.542799182193087,-8.88774772130707,7.973070936772627,-14.05275363148785,-3.50474379055103,0.03851090830529354
2022-05-23 21:30:00,0.56,329,-7.8,-10.5,13.61069444444444,36.13472222222222,0.0,-7.8,-10.5,-11.0,4.05,4.05,5.465,4.7575,1.225,0.02428131429155178,-0.2797833891253325,-0.1889318423326037,0.02750502983566147,-0.2437224796611297,-0.02401744732151466,-0.2434428278977127,0.1127982945723169,0.1435488777425005
2022-05-24 05:25:00,0.96,242,-14.2,-23.0,13.61688888888889,36.1575,0.0,-14.2,-23.0,-24.7,5.05,5.05,5.44,5.245,1.225,0.7956802167755717,-0.6496942198150746,-0.6127664262722232,0.711592830994626,-0.6504573149309358,-0.6457010620120861,0.8396901847940763,0.1517479556814431,0.6079543427516227
2022-05-24 13:20:00,1.93,189,-8.5,-5.2,13.60447222222222,36.10638888888889,0.0,-8.5,-5.2,-12.8,5.05,5.05,5.64,5.345,1.225,-2.340763465752111,-2.567385727025516,-2.324312222456329,-1.582870926551348,-1.711252857031417,-2.885956511979045,0.08294985151794793,-1.798857037442263,-1.865554862189647
2022-05-24 21:15:00,0.16,191,-3.2,-4.2,13.60927777777778,36.15166666666666,0.0,-3.2,-4.2,-5.1,4.04,4.04,5.915,4.9775,1.225,-0.01436396070447306,-0.01824055386930291,-0.01594131259587019,-0.009010227484097764,-0.01279584061460715,-0.01985551333125381,0.003830762465760831,-0.01186734120386526,-0.01201999132621668
2022-05-25 05:10:00,0.34,229,-16.8,-12.2,13.61369444444444,36.14972222222222,0.0,-16.8,-12.2,-15.8,3.8,3.8,5.46,4.63,1.225,0.08018722094208097,-0.08946006669949254,-0.07061159275054685,0.08076707399894208,-0.08834099054645668,-0.09058766682139069,0.1572225836243642,0.004138910368938345,0.04751177429981875
2022-05-25 13:05:00,2.42,262,-3.9,-9.1,13.60408333333333,36.14027777777778,0.0,-3.9,-9.1,-3.8,4.55,4.55,6.33,5.44,1.225,5.633468473488223,-3.996218188555823,-5.374649344270963,5.600130651374297,-3.932196912911015,-3.985589720307812,4.154560320990774,4.263228413372573,6.872538346808255
2022-05-25 21:00:00,1.32,138,-0.9,-0.5,13.60388888888889,36.11888888888889,0.0,-0.9,-0.5,-1.6,3.16,3.16,6.31,4.735,1.225,-1.094548611832653,0.1764356944224396,-0.9620662591226016,-1.095597682262811,0.03928950049385724,-1.167271463858887,-1.103106661483675,-1.124672350593403,-1.100218205700842
2022-05-26 04:55:00,2.3,157,0.4,9.4,13.60458333333333,36.09,0.0,0.4,9.4,-11.0,4.09,4.09,6.15,5.12,1.225,-4.169860317139185,-0.8151353567327105,-3.244334426085421,-4.1495356985348,-0.8238044555567551,-3.936106082694891,-4.193644171045078,-4.251971677915461,-4.134789586821467
2022-05-26 12:50:00,4.88,309,-61.8,-25.3,13.61872222222222,36.11583333333333,0.0,-61.8,-25.3,-51.7,5.03,5.03,6.29,5.66,1.225,17.84224922720552,-21.83189305859567,-14.00965756995273,16.00177473932014,-21.54195801021028,-23.2085985552703,-11.64924204544727,15.60646029778273,26.6148239475502
2022-05-26 20:45:00,3.81,294,-41.2,-19.3,13.61280555555556,36.08722222222222,0.0,-41.2,-19.3,-24.8,3.43,3.43,5.859999999999999,4.645,1.225,13.19429608550675,-11.00361618345602,-9.713370568540647,11.80184776336604,-10.89683811595179,-11.21478712079671,0.5182524541936068,9.103807390937288,15.9190843465386
2022-05-27 04:40:00,2.75,268,-32.0,-24.7,13.61644444444444,36.14527777777778,0.0,-32.0,-24.7,-24.8,4.16,4.16,5.67,4.915,1.225,8.055897961209142,-5.645763106990835,-6.73187512838678,7.630368254077203,-5.608228636874696,-6.123685448221955,2.131136255773043,7.000523241003533,11.16834028023431
2022-05-27 12:35:00,4.88,289,-33.8,-23.0,13.60605555555556,36.10555555555555,0.0,-33.8,-23.0,-20.0,3.85,3.85,5.575,4.7125,1.225,23.12877429441296,-17.26224184017062,-16.5620614629058,20.3359985786011,-17.07899146815504,-17.11026489947702,6.267800125600077,13.01431342320011,24.33532622871041
2022-05-27 20:30:00,2.57,338,-21.5,-17.3,13.60836111111111,36.15,0.0,-21.5,-17.3,-27.9,4.63,4.63,6.115,5.3725,1.225,-2.095455671809109,-5.797545422153621,-3.84753409471563,-1.272415360542555,-4.513304404829745,0.9719488701858523,-5.562846371698445,-0.2324568536528739,0.6363752213080641
2022-05-28 04:25:00,2.85,267,-31.7,-29.3,13.61319444444444,36.09805555555555,0.0,-31.7,-29.3,-28.2,4.95,4.95,5.505,5.2275,1.225,8.51257929909396,-5.97694654838014,-7.26769620377269,8.124006344180644,-5.928552657149808,-6.402249943911053,2.867812234333711,7.251234230489065,11.58476391651893
2022-05-28 12:20:00,4.71,244,-38.4,-48.0,13.60905555555556,36.09722222222222,0.0,-38.4,-48.0,-27.9,5.34,5.34,5.77,5.555,1.225,20.84533218944681,-15.63694157410227,-15.07226945915205,18.99563974650627,-15.66856359034574,-15.54106449902553,21.39554335799003,5.81120637993737,17.10960228992799
2022-05-28 20:15:00,0.52,210,-17.1,-17.7,13.61569444444445,36.05194444444444,0.0,-17.1,-17.7,-19.2,4.87,4.87,5.465,5.1675,1.225,0.0173586884183345,-0.2223599379844222,-0.17517799754437,0.02355428221130609,-0.20576957650271,-0.2275814512180689,0.1488063405147974,-0.08053411962172374,-0.0375709084270973
2022-05-29 04:10:00,1.72,255,-21.5,-27.4,13.60597222222222,36.13277777777778,0.0,-21.5,-27.4,-24.2,6.0,6.0,5.46,5.73,1.225,3.100403447499323,-2.019952340473548,-2.440560373268142,3.028471787373983,-2.00559866445314,-1.978868724795443,2.923473948585579,1.798551262593546,3.222308511851564
2022-05-29 12:05:00,3.58,285,-35.7,-25.1,13.61911111111111,36.01083333333333,0.0,-35.7,-25.1,-23.1,5.33,5.33,5.165,5.2475,1.225,12.63609009310843,-9.13602938502248,-9.376997286180897,11.37076799649927,-9.005412678676953,-9.215876852871599,3.739502886380664,8.290786604655821,14.10834729987199
2022-05-29 20:00:00,0.31,11,-3.0,-5.4,13.61161111111111,36.09305555555556,0.0,-3.0,-5.4,-6.7,5.04,5.04,5.575,5.3075,1.225,-0.08325340007114347,-0.03881095020758122,-0.07124370514195516,-0.08404229465049333,-0.0214888703601546,0.1042470532313415,-0.08368091018533282,-0.08938093773429769,-0.08693664578423264
2022-05-30 03:55:00,2.52,140,-1.6,-7.0,13.60597222222222,36.10083333333333,0.0,-1.6,-7.0,-7.3,4.59,4.59,5.465,5.0275,1.225,-4.035188221594237,0.4857503138748474,-3.550063735202122,-4.040450696607664,0.003353147707868095,-4.374468385631592,-4.046902601048444,-4.173710601633889,-4.046622586644543
2022-05-30 11:50:00,2.91,128,1.5,-4.0,13.60875,36.11333333333334,0.0,1.5,-4.0,-5.3,4.73,4.73,5.455,5.0925,1.225,-5.057183879391855,2.225548677591315,-4.650174196203475,-5.046045508258598,1.493935531690399,-4.550681210747727,-5.139279591342913,-5.041625617584288,-5.136528003736996
2022-05-30 19:45:00,2.51,158,1.9,4.0,13.59888888888889,36.10861111111111,0.0,1.9,4.0,-6.6,4.54,4.54,5.445,4.9925,1.225,-4.980997315101709,-1.007305341101099,-3.909323737789802,-4.952515105799914,-0.9589518996994925,-4.654758650502645,-5.015251381623056,-5.069694709407148,-4.924717021168656
2022-05-31 03:40:00,0.25,161,-7.1,-10.2,13.61258333333333,36.10083333333333,0.0,-7.1,-10.2,-11.5,4.04,4.04,5.27,4.654999999999999,1.225,-0.05035441942778094,-0.01180803559380023,-0.03957016144491626,-0.05000405998355288,-0.00925700359877799,-0.04548364864049376,-0.05108661070823792,-0.05026665258105483,-0.04926159254546126
2022-05-31 11:35:00,1.36,135,-5.1,-9.1,13.60733333333333,36.18138888888889,0.0,-5.1,-9.1,-11.2,4.05,4.05,5.0,4.525,1.225,-1.141808267729917,0.2560095113766356,-1.002169195670302,-1.142293201254119,0.1028019592986919,-1.186574252337028,-1.159401865819504,-1.161232502174025,-1.151858784899977
2022-05-31 19:30:00,1.05,71,0.1,0.9,13.61183333333333,36.1175,0.0,0.1,0.9,0.1,3.51,3.51,5.595,4.5525,1.225,-0.5967621127866243,0.6136038561966382,-0.785090610494715,-0.6072615982417324,0.7941014154136316,1.385051539301502,-0.7087658412298954,-0.5546058575131871,-0.5660168600100624
2022-06-01 03:25:00,0.34,220,-9.4,-13.0,13.60469444444444,36.09388888888889,0.0,-9.4,-13.0,-13.9,3.19,3.19,5.46,4.325,1.225,0.04368381015899304,-0.07952281975442575,-0.06735717708567153,0.04548623227845119,-0.07705037381984646,-0.08202619301211728,0.1009643791280822,-0.01046816989598045,0.02342965366197393
2022-06-01 11:20:00,2.14,108,-0.3,-1.1,13.61552777777778,36.01638888888889,0.0,-0.3,-1.1,-0.5,4.04,4.04,6.050000000000001,5.045,1.225,-2.797015157691381,2.855914814522513,-3.046875169356825,-2.752840747021553,3.141494852398853,1.236242067358809,-2.511634624158456,-3.014704326878758,-2.84405427059934
2022-06-01 19:15:00,1.92,130,0.2,2.9,13.60394444444444,36.08611111111111,0.0,0.2,2.9,3.9,3.76,3.76,6.955,5.3575,1.225,-2.209007308687688,0.7385171547990036,-1.933997955492636,-2.207885470123038,0.4078384742635418,-2.190499898160969,-2.272338007046319,-2.206023314370394,-2.242432633916273
2022-06-02 03:10:00,0.48,189,-5.6,-7.2,13.60436111111111,36.16333333333333,0.0,-5.6,-7.2,-7.5,3.05,3.05,6.355,4.702500000000001,1.225,-0.1447856056563361,-0.1588031011588711,-0.1437680302971726,-0.09790691333389633,-0.1058478504819024,-0.1785079815189594,0.005130780904114259,-0.111266520289591,-0.1153920481753858
2022-06-02 11:05:00,1.46,278,-3.7,-1.5,13.61747222222222,36.08277777777778,0.0,-3.7,-1.5,-2.7,3.1,3.1,6.96,5.03,1.225,2.181484891173927,-1.517342184211967,-1.700342216272506,2.021484714837705,-1.493373897379273,-1.591030006775556,0.6178545176044415,1.739876797725615,2.71811827747929
2022-06-02 19:00:00,1.8,154,-2.0,3.6,13.60694444444444,36.14222222222222,0.0,-2.0,3.6,0.5,2.19,2.19,7.455,4.8225,1.225,-2.530918345821539,-0.4429010068200814,-1.916880380473824,-2.525068233835458,-0.5387407478545455,-2.461574229967371,-2.536338247547085,-2.595238182514872,-2.531829446582631
2022-06-03 02:55:00,2.51,319,-37.6,-25.3,13.6195,36.06416666666667,0.0,-37.6,-25.3,-37.1,2.41,2.41,7.21,4.81,1.225,2.222513765540135,-5.98193067286,-3.492476917613504,1.914562845088738,-5.929668652142286,-6.192964082197641,-4.275560575471557,2.965518330199747,4.325410486472394
2022-06-03 10:50:00,2.59,317,-16.4,-9.2,13.62375,36.10722222222222,0.0,-16.4,-9.2,-21.0,2.45,2.45,6.84,4.645,1.225,2.945525213099687,-6.339309159493794,-3.760134732977875,2.571921533598048,-6.277152336090872,-6.601434840339834,-4.302182051528525,3.411181548856358,5.228050284850264
2022-06-03 18:45:00,0.92,135,-5.6,-5.0,13.60788888888889,36.12861111111111,0.0,-5.6,-5.0,-2.2,2.01,2.01,7.08,4.545,1.225,-0.522505686530386,0.1171531414517649,-0.4586051077072575,-0.5227275981517551,0.04704345715312114,-0.5429911587251626,-0.5305567361751884,-0.5313944581747916,-0.527104928384159
2022-06-04 02:40:00,0.3,74,-7.7,-9.1,13.60897222222222,36.08305555555555,0.0,-7.7,-9.1,-11.0,2.01,2.01,6.95,4.48,1.225,-0.04843794181125067,0.05630182894881729,-0.06603554727605941,-0.04936264046300719,0.06939156438386046,0.1086094114058868,-0.05568537714695904,-0.04642735317680075,-0.04705224941186896
2022-06-04 10:35:00,1.6,232,-5.8,-7.4,13.60897222222222,36.00333333333333,0.0,-5.8,-7.4,-6.0,2.96,2.96,6.885,4.922499999999999,1.225,1.895461242274296,-1.965447494894202,-1.590369517247582,1.852587196705025,-1.94840378044569,-1.980492143871351,3.335328091757731,0.1365682386531693,1.169758275509611
2022-06-04 18:30:00,2.87,140,-1.2,1.2,13.60236111111111,36.14972222222222,0.0,-1.2,1.2,1.0,2.01,2.01,7.085,4.547499999999999,1.225,-5.233913117669684,0.6300511401416807,-4.604673718267565,-5.240738905090649,0.004349260259973971,-5.673982527968136,-5.249107463242618,-5.413586050421733,-5.248744265547434
2022-06-05 02:25:00,0.81,218,-2.4,0.6,13.60511111111111,36.08166666666666,0.0,-2.4,0.6,-5.6,2.0,2.0,6.88,4.44,1.225,0.2067695026333651,-0.4689791923885224,-0.3908447789717631,0.217959976556079,-0.4497021018308053,-0.4828796211886096,0.5306400907383286,-0.0866122457595295,0.08814952717274185
2022-06-05 10:20:00,1.04,150,-5.0,-8.9,13.62083333333333,36.08944444444445,0.0,-5.0,-8.9,-7.4,2.65,2.65,6.1,4.375,1.225,-0.8346418740444461,-0.1227707767612213,-0.6086614943007607,-0.8356258419111833,-0.1950599038406146,-0.8443525689150583,-0.8323797630609456,-0.862357738727568,-0.8449123648328487
2022-06-05 18:15:00,1.13,194,-12.6,-12.5,13.60466666666667,36.16361111111111,0.0,-12.6,-12.5,-14.4,3.94,3.94,6.975,5.4575,1.225,-0.6093671279322416,-0.9398290803796767,-0.79194928001378,-0.3847802436776669,-0.7130377523974692,-0.9860515109305076,0.2578439850242615,-0.5669521622173967,-0.5382949568979508
2022-06-06 02:10:00,0.61,257,-20.6,-24.8,13.60272222222222,36.13083333333334,0.0,-20.6,-24.8,-26.1,4.0,4.0,7.035,5.5175,1.225,0.3720252048548482,-0.2508181192156285,-0.3221448581096907,0.3682587343581113,-0.2478116789368707,-0.2442221402416777,0.3474268777835935,0.2342699999620722,0.4027937892897743
2022-06-06 10:05:00,1.42,42,-6.2,-10.4,13.61711111111111,36.14194444444445,0.0,-6.2,-10.4,-6.8,4.03,4.03,6.96,5.495,1.225,-1.167258837564688,0.0596335841632335,-1.242010239417692,-1.166807051316477,0.2939286204927743,2.197231543191386,-1.282759365381038,-1.174104090070337,-1.185670174007996
2022-06-06 18:00:00,1.56,80,-3.0,-4.3,13.60588888888889,36.21861111111111,0.0,-3.0,-4.3,-0.2,4.01,4.01,7.465,5.7375,1.225,-1.294763794055134,1.858331177135063,-1.89086888356013,-1.323423334529521,2.123329046037604,2.695816902598587,-1.388213574266401,-1.317771806084678,-1.318087305813736
2022-06-07 01:55:00,0.35,243,-10.9,-14.4,13.60372222222222,36.09555555555556,0.0,-10.9,-14.4,-15.8,4.0,4.0,7.45,5.725,1.225,0.1104349879953124,-0.0863523891060383,-0.08233909728440332,0.09973952218778592,-0.08649041275071043,-0.0858222865207177,0.1148790382208712,0.0261299077381803,0.08764433217620503
2022-06-07 09:50:00,2.31,53,-6.0,-7.8,13.62113888888889,36.10194444444444,0.0,-6.0,-7.8,-7.0,4.91,4.91,7.455,6.1825,1.225,-3.121709215162311,1.023011184534784,-3.465772599157366,-3.12563618342444,1.608282992301719,5.442832298543725,-3.249315345803355,-3.057395171725565,-3.072510649097931
2022-06-07 17:45:00,0.9,84,-8.0,-5.2,13.61272222222222,36.06694444444445,0.0,-8.0,-5.2,-5.9,3.77,3.77,7.795,5.7825,1.225,-0.4122571401413301,0.5455382343540726,-0.6242737661372714,-0.4212235160498187,0.6324832990084371,0.7282917056140213,-0.4451138245807694,-0.4198002962898502,-0.4243121333839353
2022-06-08 01:40:00,0.54,264,-9.8,-11.3,13.60969444444444,36.09805555555555,0.0,-9.8,-11.3,-12.3,3.02,3.02,7.45,5.235,1.225,0.2905415006992177,-0.2052166672017747,-0.2649326178181416,0.2839655822912064,-0.2026090894050218,-0.2110065455069768,0.1652996265080175,0.2314925122582148,0.3716756352579116
2022-06-08 09:35:00,1.12,236,-8.1,-7.4,13.60419444444444,36.10611111111111,0.0,-8.1,-7.4,-7.4,4.0,4.0,7.455,5.7275,1.225,0.9580475032019956,-0.9237452039256916,-0.7975529625058233,0.8853865192704964,-0.9197141176259134,-0.9247066962176745,1.355161491720163,0.0757077060806732,0.6303529324667446
2022-06-08 17:30:00,1.58,133,-2.6,0.3,13.61377777777778,36.17833333333333,0.0,-2.6,0.3,1.6,2.99,2.99,7.775,5.3825,1.225,-1.523025964766995,0.4073683137509364,-1.33545004736466,-1.523114792859302,0.1937248667045716,-1.554265053112372,-1.554428396017727,-1.537947771401575,-1.540219200890124
2022-06-09 01:25:00,1.62,146,-8.6,-8.7,13.62069444444444,36.17194444444444,0.0,-8.6,-8.7,-8.0,2.99,2.99,7.785,5.3875,1.225,-1.882149011075433,-0.09843749906035278,-1.472962965211367,-1.884451433337538,-0.2834223378300659,-1.952371348464989,-1.880792190837638,-1.945397561592036,-1.898991405750905
2022-06-09 09:20:00,1.3,118,-8.0,-6.9,13.61391666666667,36.13555555555556,0.0,-8.0,-6.9,-7.3,3.24,3.24,7.505,5.3725,1.225,-0.9978960479650383,0.8906100944860208,-1.089649561725634,-0.9861512006188482,0.8068312900499158,-0.3839536990865993,-0.9426147953477767,-1.006687567681638,-1.017546727927024
2022-06-09 17:15:00,2.29,142,-3.6,6.0,13.61311111111111,36.18277777777778,0.0,-3.6,6.0,0.6,2.79,2.79,7.99,5.390000000000001,1.225,-3.475122506034363,0.2018524275528391,-2.935501948680478,-3.479553214337435,-0.1869330345470014,-3.708678368751723,-3.480667851367687,-3.593510759851399,-3.492635641582954
2022-06-10 01:10:00,0.95,108,-11.1,-9.3,13.60875,36.095,0.0,-11.1,-9.3,-9.6,2.25,2.25,7.885,5.0675,1.225,-0.5512066948677768,0.5628140274492461,-0.6004465106875129,-0.5425012608496268,0.6190931750130937,0.2436257458711077,-0.4949668635476911,-0.5941066152083323,-0.5604766746475464
2022-06-10 09:05:00,1.45,57,-9.4,-8.9,13.60469444444444,36.07277777777778,0.0,-9.4,-8.9,-8.9,2.98,2.98,7.545,5.2625,1.225,-1.193466181299285,0.6854024017039734,-1.415125913271667,-1.199230123717629,0.9295253193346977,2.002618124375476,-1.307916941971964,-1.123714789186351,-1.135125715121298
2022-06-10 17:00:00,1.5,80,-4.6,4.7,13.61394444444444,36.15083333333333,0.0,-4.6,4.7,1.0,2.2,2.2,7.995,5.0975,1.225,-1.19708191018411,1.718131635664814,-1.748214574297458,-1.223579266391939,1.963137061795122,2.492434266455794,-1.28348148508358,-1.218354110655212,-1.218645807889918
2022-06-11 00:55:00,0.6,274,-10.6,-10.2,13.60577777777778,36.16222222222222,0.0,-10.6,-10.2,-10.9,2.01,2.01,7.995,5.0025,1.225,0.3821546881477603,-0.266359115445807,-0.30215834191033,0.3554808344579119,-0.2637998810878938,-0.2878575942645192,0.07724231108593443,0.3254092086298709,0.5135504567997123
2022-06-11 08:50:00,0.89,225,-10.8,-9.0,13.61561111111111,36.07194444444445,0.0,-10.8,-9.0,-8.6,2.97,2.97,7.825,5.3975,1.225,0.4382826534495052,-0.5827246215621515,-0.4739251181918323,0.445979022418161,-0.5709351186755511,-0.594640757771732,0.9059742226775371,-0.01612379371611317,0.2522153948260575
2022-06-11 16:45:00,0.91,115,-5.1,0.4,13.60141666666667,36.16222222222222,0.0,-5.1,0.4,-2.7,2.12,2.12,7.995,5.0575,1.225,-0.4906794566960549,0.4541029156426911,-0.5309273761827339,-0.48294918760368,0.442365156301287,-0.08513917846694873,-0.4481068666240058,-0.5088380642692248,-0.5016095477241894
2022-06-12 00:40:00,1.46,264,-26.0,-19.6,13.61452777777778,36.05111111111111,0.0,-26.0,-19.6,-27.4,3.0,3.0,8.145,5.5725,1.225,2.1238623555914,-1.500136652288418,-1.936661070442903,2.075792301824196,-1.481075222824912,-1.542460742121645,1.208342537258196,1.692213440087828,2.716953992166544
2022-06-12 08:35:00,2.99,274,-12.8,-13.9,13.60761111111111,36.09388888888889,0.0,-12.8,-13.9,-13.2,3.36,3.36,7.78,5.57,1.225,9.490280909749425,-6.614658688880724,-7.503682756979285,8.827872800381055,-6.551103658094113,-7.14854355134508,1.918205514831563,8.081085739088639,12.75331233009753
2022-06-13 12:30:00,1.74,91,-8.8,-9.6,13.62988888888889,36.11138888888889,0.0,-8.8,-9.6,-7.5,3.1,3.1,7.88,5.49,1.225,-1.495318603370757,1.703672143523249,-2.312428241337706,-1.524109357097903,2.029928859510443,1.879384211164507,-1.620361858884872,-1.531756704709978,-1.553921712715062
2022-06-13 20:25:00,1.14,156,-8.4,-4.7,13.61522222222222,36.06083333333333,0.0,-8.4,-4.7,-7.1,2.76,2.76,7.995,5.3775,1.225,-1.021335874711845,-0.1927209592530936,-0.7876534292543698,-1.017224912437284,-0.2069549188241373,-0.9737798731606034,-1.025955872323778,-1.043383932750886,-1.01571378285403
2022-08-15 16:55:00,1.63,119,1.2,3.4,13.88741666666667,36.12611111111111,0.0,1.2,3.4,0.9,3.09,3.09,5.875,4.4825,1.225,-1.566993266025576,1.381221030111965,-1.716280360059499,-1.55064136710834,1.218159370087754,-0.713779261608263,-1.496644541961645,-1.566001616651311,-1.596495028560581
2022-08-16 00:50:00,1.94,115,-2.4,-2.8,13.89977777777778,36.11805555555556,0.0,-2.4,-2.8,-4.7,3.52,3.52,5.859999999999999,4.69,1.225,-2.23007028525694,2.06383496354647,-2.41299151431148,-2.194937281083456,2.010488470300113,-0.3869457940806765,-2.036583749820201,-2.312598645916743,-2.279746037694432
2022-08-16 08:45:00,2.27,70,1.5,-2.7,13.89158333333333,36.11527777777778,0.0,1.5,-2.7,-1.8,4.03,4.03,5.605,4.8175,1.225,-2.794458821470193,2.74933196858676,-3.632232842230531,-2.842241563206916,3.624337197444618,6.558540806064322,-3.354125036829081,-2.570122182148385,-2.629306967755634
2022-08-16 16:40:00,2.72,43,0.1,-1.3,13.90211111111111,36.14944444444444,0.0,0.1,-1.3,-3.6,4.13,4.13,5.62,4.875,1.225,-4.300529673075164,0.2756144247237485,-4.57174502437211,-4.298368761531049,1.124786783058936,8.044276441623708,-4.672286628241332,-4.326010696201754,-4.363963338295158
2022-08-17 00:35:00,2.24,76,-2.6,-7.2,13.88497222222222,36.15861111111111,0.0,-2.6,-7.2,-6.9,4.02,4.02,5.565,4.7925,1.225,-2.690161338392054,3.369762983969046,-3.75390215535003,-2.74422675057888,4.038398843538685,5.889476638352221,-3.023754684175476,-2.631245622313981,-2.654688227869354
2022-08-17 08:30:00,0.72,29,-6.6,-12.8,13.87972222222222,36.15083333333333,0.0,-6.6,-12.8,-12.8,4.96,4.96,5.5,5.23,1.225,-0.3962465444091303,-0.1415761124760815,-0.3273879828609305,-0.3890261689036458,-0.07824768572685195,0.486333890652529,-0.3741075297029815,-0.4168329101257222,-0.4122447408817633
2022-08-24 14:25:00,2.64,175,3.6,9.5,13.89091666666667,36.11833333333333,0.0,3.6,9.5,-1.3,4.83,4.83,5.95,5.390000000000001,1.225,-6.55538846356892,-3.123276268431499,-4.337353926390293,-6.360564556122791,-1.55347923739384,-5.154199261100597,-6.680165889651539,-4.816630571692836,-5.171942481879256
2022-08-24 22:20:00,1.86,90,0.3,-3.3,13.8885,36.0675,0.0,0.3,-3.3,-1.4,3.93,3.93,5.995,4.9625,1.225,-1.641040412082682,1.862437231216712,-2.633774453150542,-1.675667879147808,2.225736795643599,2.027986597791626,-1.792604807493446,-1.672522354013108,-1.720025977371157
2022-08-25 06:15:00,0.44,333,-8.5,-16.4,13.89544444444444,36.11611111111111,0.0,-8.5,-16.4,-16.8,4.97,4.97,6.0,5.484999999999999,1.225,-0.01678575012793327,-0.1708769574431269,-0.1158776487761157,-0.005745610997338369,-0.1414060037179603,0.01359530163190459,-0.1561381941544062,0.03972870083898663,0.05992961175374783
2022-08-25 14:10:00,3.14,128,3.7,15.0,13.89402777777778,36.04083333333333,0.0,3.7,15.0,2.3,4.16,4.16,5.859999999999999,5.01,1.225,-5.888193358280127,2.591256567775456,-5.414302795773289,-5.875224701317473,1.739422865607948,-5.298460866721968,-5.983779249041058,-5.870078522824961,-5.980575513473542
2022-08-25 22:05:00,0.68,30,-3.5,-5.8,13.88763888888889,36.16944444444444,0.0,-3.5,-5.8,-6.5,4.09,4.09,6.405,5.2475,1.225,-0.3498208161666433,-0.1214044368792479,-0.2863344047949572,-0.3429467255583241,-0.06618425627825993,0.426177932335812,-0.3299953530141074,-0.3661323880572928,-0.3649302839749631
2022-08-26 06:00:00,0.84,23,-9.0,-17.3,13.89719444444444,36.17166666666667,0.0,-9.0,-17.3,-16.1,5.35,5.35,6.175,5.762499999999999,1.225,-0.5724913055434527,-0.2373620013501431,-0.4976853627361611,-0.5666343478592839,-0.1395627476935535,0.7317199592592399,-0.5430718714105759,-0.6192896121921357,-0.5865806708061757
2022-08-26 13:55:00,6.63,112,10.6,11.4,13.89247222222222,36.06833333333334,0.0,10.6,11.4,11.5,3.96,3.96,5.69,4.824999999999999,1.225,-26.13685713391664,25.04427975207734,-28.0231987954873,-25.62167000484953,25.97724759639954,0.9479825217104626,-23.05507733990387,-27.83596677946808,-26.7861171017453
2022-08-26 21:50:00,0.78,78,-1.9,-5.3,13.89230555555556,36.03861111111111,0.0,-1.9,-5.3,-3.8,3.99,3.99,6.045,5.0175,1.225,-0.3249407945572072,0.4365886507538456,-0.4639449137887425,-0.3318010389315631,0.5102504994178995,0.6940360241343628,-0.3568466455488812,-0.3242449368391707,-0.3257056196437008
2022-08-27 05:45:00,1.52,78,-5.7,-12.3,13.89319444444445,36.12194444444444,0.0,-5.7,-12.3,-12.1,5.19,5.19,6.01,5.6,1.225,-1.233963201421715,1.657946118839061,-1.761831572678354,-1.26001499070921,1.937677110215508,2.635602942406364,-1.355125723004824,-1.231320680593721,-1.236867625944783
2022-08-27 13:40:00,2.25,41,-2.9,-9.0,13.04961111111111,36.17861111111111,0.0,-2.9,-9.0,-4.8,4.48,4.48,5.725,5.1025,1.225,-2.918464540927447,0.110845050596073,-3.108231221548981,-2.917674621301142,0.7062537992442522,5.528560376684081,-3.244048271705664,-2.935400890598128,-2.967508120421207
2022-08-27 21:35:00,0.81,10,-4.1,-7.3,7.358888888888889,22.24305555555556,0.0,-4.1,-7.3,-1.4,-0.05,-0.05,3.5,1.725,1.225,-0.5706871818249627,-0.2675834872703698,-0.4863348558773842,-0.5770716126271709,-0.1468844306381706,0.7115997323980735,-0.5769328209249966,-0.6113646867542675,-0.5975691052234074
2022-08-28 05:30:00,0.64,301,-14.2,-17.0,7.362694444444444,22.26638888888889,0.0,-14.2,-17.0,-18.2,-0.04,-0.04,3.0,1.48,1.225,0.3330373412337223,-0.3341813201149672,-0.2609669579482543,0.3087860976792126,-0.3307934027629595,-0.3552608456909964,-0.1296024876431711,0.3159251040322916,0.5017552031351324
2022-08-28 13:25:00,0.23,326,-10.9,-12.4,7.359722222222222,22.2275,0.0,-10.9,-12.4,-12.9,-0.04,-0.04,2.95,1.455,1.225,0.008190101029488576,-0.0482459975101331,-0.03096736288451274,0.007750786490923894,-0.04405295901527747,-0.0200246747207015,-0.03967275747728936,0.02065186136139706,0.02743132473468534
2022-08-28 21:20:00,0.8,115,-6.5,-8.4,7.363305555555556,22.22027777777778,0.0,-6.5,-8.4,-9.5,0.0,0.0,2.935,1.4675,1.225,-0.3792233453513768,0.3509550368449731,-0.4103290916036103,-0.3732489796719661,0.3418834682198088,-0.06580011377713703,-0.3463209692541525,-0.3932572891345295,-0.3876707046775525
2022-08-29 05:15:00,1.32,168,-9.0,-11.1,7.3625,22.20611111111111,0.0,-9.0,-11.1,-11.1,0.87,0.87,2.265,1.5675,1.225,-1.529569319296218,-0.5419829539518928,-1.080721223883856,-1.523129445612842,-0.2938412863410096,-1.260115957110165,-1.603597119657345,-1.373486006571589,-1.450989473116158
2022-08-29 13:10:00,3.86,266,-20.3,-5.1,7.357861111111111,22.22361111111111,0.0,-20.3,-5.1,-10.8,1.59,1.59,3.015,2.3025,1.225,15.35860255653411,-10.80450490464259,-13.40005492574604,14.77141266141917,-10.70091136502503,-11.42322489253701,6.322453713767628,12.81037133160048,20.49747752827304
2022-08-29 21:05:00,1.99,278,-30.0,-11.4,7.360777777777778,22.25277777777778,0.0,-30.0,-11.4,-12.6,-0.04,-0.04,3.02,1.49,1.225,4.052776467225496,-2.818927933804566,-3.158906554072411,3.7555271248024,-2.774399498504251,-2.955825637939519,1.147854041642592,3.232354150250145,5.049737375983175
2022-08-30 05:00:00,2.03,233,-29.4,-23.1,7.3615,22.19416666666667,0.0,-29.4,-23.1,-20.0,-0.04,-0.04,2.94,1.45,1.225,3.07521466814387,-3.131536612318713,-2.575066566948306,2.963777379274422,-3.107649135327135,-3.150489603733298,5.139703979037099,0.227056051966406,1.929945194793749
2022-08-30 12:55:00,3.59,287,-35.0,-17.5,7.363583333333334,22.20805555555556,0.0,-35.0,-17.5,-29.2,1.07,1.07,3.105,2.0875,1.225,12.61191401424441,-9.264640814570793,-9.196333713247352,11.22000335303445,-9.149380524514106,-9.263663745649998,3.576244953857237,7.690188273492728,13.67864734880006
2022-08-30 20:50:00,1.12,275,-25.2,-14.8,7.360111111111111,22.24722222222222,0.0,-25.2,-14.8,-17.9,-0.04,-0.04,2.95,1.455,1.225,1.319636627000319,-0.9193158310351207,-1.039794022414944,1.226389804542177,-0.9091014953752651,-0.9863394405108769,0.2927583753985672,1.106372596666862,1.741966823133229
2022-08-31 04:45:00,1.3,259,-28.2,-23.8,7.360083333333333,22.27166666666667,0.0,-28.2,-23.8,-25.3,0.26,0.26,2.915,1.5875,1.225,1.608200450953962,-1.124419038314318,-1.532046825406434,1.615078717321544,-1.105309403832782,-1.087973147593437,1.485831400472423,1.100579291945377,1.818050494497008
2022-08-31 12:40:00,2.32,306,-18.6,-15.6,7.363527777777778,22.25361111111111,0.0,-18.6,-15.6,-19.2,1.5,1.5,2.855,2.1775,1.225,4.161499089640648,-4.730709691519703,-3.264967050766239,3.782011688361027,-4.673058979387934,-5.029056132629631,-2.284207732648804,3.76134906494499,6.232101645159649
2022-08-31 20:35:00,0.72,259,-12.9,-11.2,7.359083333333333,13.56361111111111,0.0,-12.9,-11.2,-16.3,0.13,0.13,2.25,1.19,1.225,0.4933083513458779,-0.3449105499775992,-0.4699485646690504,0.4954182290292832,-0.3390487544064582,-0.3337309347410873,0.4557721881685823,0.3375978135766174,0.5576789209155317
2022-09-01 04:30:00,1.24,265,-21.0,-25.2,7.361305555555556,15.28944444444445,0.0,-21.0,-25.2,-27.7,0.98,0.98,1.98,1.48,1.225,1.558493214441266,-1.098549764388191,-1.389917180437078,1.510857646617819,-1.086329623892332,-1.145739858464021,0.7620409343897856,1.271325824789111,2.037561685470755
2022-09-01 12:25:00,4.61,88,-26.6,-19.5,13.89908333333333,22.24555555555555,0.0,-26.6,-19.5,-33.1,7.31,7.31,4.875,6.092499999999999,1.225,-10.32602262859578,12.39834604972837,-16.24579489760259,-10.5462495766185,14.64656047328767,14.67462950008298,-11.23407820969608,-10.52092065597904,-10.75492105331953
2022-09-01 20:20:00,0.95,338,-8.0,-15.5,13.88991666666667,22.20138888888889,0.0,-8.0,-15.5,-19.1,5.99,5.99,4.415,5.202500000000001,1.225,-0.2863251137500523,-0.7921822803515032,-0.5257308241579518,-0.1738640801359076,-0.6167023308996116,0.1328080448368229,-0.7601127724050094,-0.03176313198106234,0.08695493303918725
2022-09-02 04:15:00,0.34,234,-19.3,-31.1,13.47775,22.2225,0.0,-19.3,-31.1,-33.5,7.1,7.1,4.11,5.605,1.225,0.08694068796936225,-0.08694027163368825,-0.07265705253533372,0.08262461367898154,-0.08636971290542143,-0.08732425505429367,0.137748323051808,0.006571899766101702,0.05545622877516029
2022-09-02 12:10:00,4.07,125,-14.1,-16.7,6.943194444444444,22.22222222222222,0.0,-14.1,-16.7,-24.1,3.97,3.97,1.94,2.955,1.225,-9.842247827272624,5.905976055097637,-9.705453387479992,-9.795338429941221,4.556973025964442,-7.490000961284895,-9.816860952242434,-9.786274914903837,-10.00497507655414
2022-09-02 20:05:00,0.44,348,-4.0,-14.4,13.47366666666667,22.24055555555556,0.0,-4.0,-14.4,-13.9,6.0,6.0,3.515,4.7575,1.225,-0.1418894348858196,-0.150127345934357,-0.1385096284697632,-0.07629339267458304,-0.09317106992409076,0.1321583862260217,-0.1698672861213832,-0.05192000074064866,-0.000547374824234414
2022-09-03 04:00:00,0.12,281,-2.5,-15.9,13.47022222222222,16.66138888888889,0.0,-2.5,-15.9,-17.1,7.0,7.0,3.515,5.2575,1.225,0.01440940336444999,-0.01009169620929116,-0.01105656259397864,0.01325479656788131,-0.009908991813352945,-0.01036301995448081,0.004613125677109636,0.01076095456491429,0.01698817007589196
2022-09-03 11:55:00,2.17,99,4.8,-3.3,13.19830555555556,16.67055555555556,0.0,4.8,-3.3,-4.3,6.31,6.31,2.96,4.635,1.225,-3.062242194973191,3.567992839464269,-3.690306169511009,-3.08819819636122,4.178979379573541,4.224947496649759,-3.162219714007411,-3.229496423589114,-3.022498736902229
2022-09-03 19:50:00,0.14,249,0.1,-7.3,13.19333333333333,16.66222222222222,0.0,0.1,-7.3,-9.8,5.68,5.68,3.515,4.5975,1.225,0.02215507555995042,-0.01381098629111015,-0.01402823977275325,0.0209060546452769,-0.0138681986567961,-0.01372681496936993,0.02151655651854821,0.009901825238661125,0.02058414475914782
2022-09-04 03:45:00,0.8,272,-5.0,-19.4,13.19166666666667,16.6625,0.0,-5.0,-19.4,-21.1,6.98,6.98,3.405,5.192500000000001,1.225,0.6915903500530367,-0.4825045704370381,-0.5504968482684167,0.644479615875349,-0.4792781120178173,-0.5287716858962687,0.1132259563373302,0.606564150107411,0.9614186031359881
2022-09-04 11:40:00,0.46,172,-2.0,-9.8,13.19555555555556,16.62083333333333,0.0,-2.0,-9.8,-13.3,7.02,7.02,3.495,5.2575,1.225,-0.1936801592258644,-0.0818512541881708,-0.1309533325705836,-0.1909142189130002,-0.04102116158540284,-0.1542474624269299,-0.2017057119534536,-0.1579928835364774,-0.1701519796829176
2022-09-04 19:35:00,0.19,243,0.1,-7.9,13.19247222222222,16.67583333333333,0.0,0.1,-7.9,-8.5,5.95,5.95,3.515,4.7325,1.225,0.03254451482963901,-0.02544752038145293,-0.02426482785279151,0.02939262653860468,-0.02548819510449508,-0.02529130239508498,0.03385414922264041,0.007700323831414769,0.02582824809437553
2022-09-05 03:30:00,0.43,179,-4.0,-15.8,13.19333333333333,16.65583333333333,0.0,-4.0,-15.8,-16.8,6.82,6.82,3.51,5.165,1.225,-0.1801376606707476,-0.09797337510625503,-0.1159190036920586,-0.1713002120712351,-0.04837032775986329,-0.1393437092612956,-0.1785111513614699,-0.1140837185479111,-0.121911837295155
2022-09-05 11:25:00,1.53,47,-2.2,-11.1,13.19766666666667,16.68138888888889,0.0,-2.2,-11.1,-12.2,7.02,7.02,3.44,5.23,1.225,-1.383147393164612,0.1591088769269973,-1.465093863664716,-1.381826733080254,0.4145251906906402,2.522965392215063,-1.434926231227553,-1.391671721910111,-1.398004315256824
2022-09-05 19:20:00,1.19,354,-5.9,-12.4,13.19063888888889,16.63916666666667,0.0,-5.9,-12.4,-17.9,6.5,6.5,3.515,5.0075,1.225,-1.252321877142782,-0.9415550508329686,-1.109704962624755,-0.8948760422475189,-0.533552652924162,1.212284248155892,-1.305011556505897,-0.7708047506584595,-0.6312408180158424
2022-09-06 03:15:00,0.47,300,-12.4,-26.5,13.19802777777778,16.6525,0.0,-12.4,-26.5,-29.2,8.02,8.02,3.51,5.765,1.225,0.1813725403062267,-0.1774406728401644,-0.142089841731517,0.168792833758102,-0.1757213317987383,-0.1886337691146405,-0.06512526653927848,0.1735825736516316,0.2735653454809203
2022-09-06 11:10:00,1.52,121,-8.0,-15.6,13.19022222222222,16.6525,0.0,-8.0,-15.6,-24.2,8.28,8.28,3.08,5.68,1.225,-1.36338511544127,1.112447307892636,-1.466928664236062,-1.352170700194057,0.9395704188313433,-0.7821184861342322,-1.325258275882393,-1.350828913217531,-1.38747970528089
2022-09-06 19:05:00,0.36,320,0.0,-12.8,13.19433333333333,16.67194444444445,0.0,0.0,-12.8,-12.9,7.03,7.03,2.97,5.0,1.225,0.04012567066434845,-0.1233448654502059,-0.07144338496969334,0.03423233379286152,-0.1223326670428866,-0.1273245256838275,-0.09037056850502691,0.05855408161791104,0.0829649167339289
2022-09-07 03:00:00,0.58,230,-12.7,-20.9,13.18727777777778,16.67472222222222,0.0,-12.7,-20.9,-22.3,8.03,8.03,2.965,5.4975,1.225,0.245150497416066,-0.2635449709839522,-0.2065344517889462,0.2464425878450306,-0.260726015422226,-0.2663814877526738,0.4757135276563574,0.01676738450030412,0.1460475521460036
2022-09-07 10:55:00,2.34,289,-7.2,-14.7,13.19194444444445,16.65333333333333,0.0,-7.2,-14.7,-18.6,8.65,8.65,2.97,5.81,1.225,5.317955376851301,-3.969074653152641,-3.808083501842877,4.675817732841819,-3.926940241325827,-3.934130882305513,1.441143441268131,2.992356497752392,5.595375583593403
2022-09-07 18:50:00,0.52,250,-5.3,-10.9,13.19616666666667,16.665,0.0,-5.3,-10.9,-11.5,7.03,7.03,2.97,5.0,1.225,0.3159631607078652,-0.1905228323939597,-0.1954960334775079,0.2997946389851,-0.1913929013634092,-0.1893630949829173,0.3040511179312949,0.1497592728176288,0.2990631361636364
2022-09-15 08:35:00,1.4,218,-18.9,-21.9,13.89477777777778,16.62388888888889,0.0,-18.9,-21.9,-19.4,7.03,7.03,2.965,4.9975,1.225,0.6176927681167436,-1.401004750924407,-1.167589950898728,0.6511226246759866,-1.343417344289557,-1.442530189802887,1.585207404126084,-0.2587410481461329,0.2633334449909678
2022-09-15 16:30:00,0.52,174,4.7,0.2,13.89280555555555,16.69305555555556,0.0,4.7,0.2,-2.3,6.03,6.03,2.97,4.5,1.225,-0.252053387603544,-0.1156480642624925,-0.1679653950891746,-0.245836141672691,-0.05765369861094756,-0.1990152501707722,-0.2586992911788856,-0.1918795377650613,-0.2062488763921156
2022-09-16 00:25:00,1.82,314,-9.8,-10.2,13.88855555555556,16.68694444444445,0.0,-9.8,-10.2,-19.7,6.03,6.03,3.515,4.7725,1.225,1.883390551158703,-3.108061483425109,-1.88744614660337,1.665051903244904,-3.072546929168312,-3.265217422808215,-1.939009309790155,1.872259291116693,3.042658677268804
2022-09-16 08:20:00,1.96,280,-8.8,-15.4,13.89619444444445,16.67861111111111,0.0,-8.8,-15.4,-13.5,6.03,6.03,3.43,4.73,1.225,3.858247326847012,-2.680689813372953,-2.984388963503421,3.56803524660814,-2.629550766586421,-2.76518535651824,1.258128727563591,2.967207354413153,4.607870446715084
2022-09-16 16:15:00,2.02,265,-18.3,-14.2,13.89330555555556,16.66,0.0,-18.3,-14.2,-13.6,5.58,5.58,3.565,4.5725,1.225,4.135845286294316,-2.915272150500503,-3.688487293870612,4.009432584065653,-2.88284300034487,-3.040502678509749,2.022263156012019,3.373775946585255,5.407171371874912
2022-09-17 00:10:00,1.03,240,-20.8,-20.8,13.89130555555555,16.66833333333333,0.0,-20.8,-20.8,-21.1,6.02,6.02,3.525,4.7725,1.225,0.8350181159509581,-0.7479929707399834,-0.6899781534035041,0.7298806885090907,-0.7482375997672145,-0.7433846073600395,0.9100297852235425,0.07146272402126132,0.5814688619329934
2022-09-17 08:05:00,1.42,224,-9.2,-21.6,13.892,16.66444444444445,0.0,-9.2,-21.6,-17.3,7.02,7.02,3.465,5.2425,1.225,1.044961767832964,-1.464146657761964,-1.200134488529941,1.066923400497128,-1.431511882163776,-1.497147215938845,2.197248501393691,-0.06935533777351571,0.5953755622958852
2022-09-17 16:00:00,1.75,174,3.2,1.8,13.90269444444444,16.69111111111111,0.0,3.2,1.8,-7.5,5.53,5.53,3.465,4.4975,1.225,-2.854709687632594,-1.309808420132704,-1.902344757620552,-2.784294319055534,-0.6529750443640049,-2.254009628875702,-2.929979952793406,-2.173191880197856,-2.335936331179195
2022-09-17 23:55:00,0.65,93,0.4,-8.0,13.88327777777778,16.67361111111111,0.0,0.4,-8.0,-9.4,6.02,6.02,3.515,4.7675,1.225,-0.2251921342953919,0.2583433117720729,-0.3248006101742733,-0.2287876525042987,0.306195023110172,0.2914698103308021,-0.2405220136815763,-0.2327574904863036,-0.230434176616965
2022-09-18 07:50:00,0.84,27,1.9,-10.1,13.88077777777778,16.64555555555556,0.0,1.9,-10.1,-9.5,6.48,6.48,3.465,4.9725,1.225,-0.5503874847375841,-0.2075878802894549,-0.4629694016562314,-0.5418833432915879,-0.1175234455388835,0.6852096279377822,-0.5204919007562305,-0.584667141029978,-0.5696008218095844
2022-09-18 15:45:00,2.7,23,2.9,-5.6,13.88547222222222,16.65305555555556,0.0,2.9,-5.6,-8.6,6.52,6.52,3.4,4.96,1.225,-5.914769865946389,-2.452337003745102,-5.141902344595543,-5.854257930689031,-1.441911041221663,7.559861823979395,-5.610819079624575,-6.398272779025895,-6.060336012155643
2022-09-18 23:40:00,5.54,272,-57.6,-42.4,13.89802777777778,16.66722222222222,0.0,-57.6,-42.4,-40.4,7.51,7.51,3.305,5.4075,1.225,33.16564748076216,-23.13880824066469,-26.39942041924209,30.90642277906228,-22.98408141063444,-25.35757667945925,5.429821502379379,29.08816292099472,46.10543000001327
2022-09-19 07:35:00,3.82,261,-35.5,-44.5,13.88619444444445,16.66666666666667,0.0,-35.5,-44.5,-29.5,8.43,8.43,3.265,5.8475,1.225,13.78566679777289,-9.801293604489972,-13.45908339124607,13.82560272879128,-9.627255639798891,-9.616699088846316,11.39188030446105,10.14180342207458,16.38667654162899
2022-09-19 15:30:00,5.95,245,-26.5,-36.2,13.89277777777778,16.66138888888889,0.0,-26.5,-36.2,-28.1,7.73,7.73,3.115,5.4225,1.225,34.61634276381701,-24.95259163053595,-24.31016877330689,31.80366834252391,-25.0136307979162,-24.79978038246643,35.0881214344304,10.99608616999996,29.27951182301909
2022-09-19 23:25:00,0.94,225,-14.2,-26.6,13.61547222222222,16.66777777777778,0.0,-14.2,-26.6,-18.9,7.66,7.66,2.97,5.315,1.225,0.4889111887236242,-0.6500384744505959,-0.5286709183617004,0.4974966092774737,-0.6368870986765773,-0.6633311116867848,1.010628485239075,-0.01798634531947682,0.2813502371775084
2022-09-20 07:20:00,0.98,215,-8.4,-19.1,13.60958333333333,16.67055555555556,0.0,-8.4,-19.1,-21.1,8.05,8.05,2.97,5.510000000000001,1.225,0.212288719532584,-0.7252223930811388,-0.5908967442660078,0.2307786216265545,-0.6854892871970015,-0.7448941740893664,0.683667265799132,-0.1865041027320454,0.03060458546480379
2022-09-20 15:15:00,0.59,214,1.7,-5.5,13.33555555555555,16.6675,0.0,1.7,-5.5,-9.7,7.05,7.05,2.97,5.01,1.225,0.0660251198501545,-0.2675384148152687,-0.2164410580248314,0.07298168047496051,-0.2517457762373245,-0.2745868790981343,0.23655111036524,-0.07481435193768647,-0.0007992147638038223
2022-09-20 23:10:00,1.2,336,-1.5,-13.9,13.33116666666667,16.66277777777778,0.0,-1.5,-13.9,-14.6,7.04,7.04,2.97,5.005,1.225,-0.3240517653758017,-1.266782608368302,-0.8480634726139867,-0.1835415435247688,-1.01110633080318,0.1675913805968418,-1.192230296550682,0.08779295375800529,0.2615484753411457
2022-09-21 07:05:00,1.18,149,-6.0,-15.0,13.33708333333333,16.65638888888889,0.0,-6.0,-15.0,-21.4,7.55,7.55,2.97,5.26,1.225,-1.05550640530958,-0.1315936445637213,-0.7830448006449391,-1.056761833036749,-0.2259261723483915,-1.07419649737426,-1.053142336943722,-1.090655739874074,-1.067656681059629
2022-09-21 15:00:00,2.28,341,-0.1,-9.3,13.33144444444444,16.63916666666667,0.0,-0.1,-9.3,-10.6,7.15,7.15,2.97,5.06,1.225,-2.338797035554453,-4.487635990086973,-3.08544061721324,-1.4288595986484,-3.335247214142062,1.252902881354761,-4.466122698067959,-0.7717529109926701,0.04850226697684792
2022-09-21 22:55:00,0.88,284,-11.3,-18.9,13.33966666666667,16.66638888888889,0.0,-11.3,-18.9,-23.7,7.75,7.75,2.97,5.36,1.225,0.7663553301983996,-0.5496941232613195,-0.5735861431246979,0.693491760677681,-0.5413186150197802,-0.5569603630038943,0.2314837311135217,0.5203881156455337,0.867743604063985
2022-09-22 06:50:00,1.52,282,-12.0,-19.3,13.33466666666667,16.67361111111111,0.0,-12.0,-19.3,-22.7,8.03,8.03,2.97,5.5,1.225,2.303405465171386,-1.626103233370187,-1.753068584130024,2.107443183806176,-1.598231267643657,-1.662351030441709,0.7236419295997675,1.668544548066271,2.680067654203913
2022-09-22 14:45:00,1.43,249,-5.4,-13.6,13.27616666666667,16.62944444444445,0.0,-5.4,-13.6,-15.3,7.86,7.86,2.83,5.345000000000001,1.225,2.311475204721561,-1.440922748300569,-1.463589158739955,2.181162813475853,-1.446891807820528,-1.432141016880845,2.244857470652001,1.033073593394803,2.147577429488845
2022-09-22 22:40:00,0.88,279,-11.4,-19.5,13.27197222222222,16.6925,0.0,-11.4,-19.5,-24.0,8.05,8.05,2.97,5.510000000000001,1.225,0.7851393765220354,-0.5458118591621696,-0.6096636170818136,0.7268248667401913,-0.5363037047589583,-0.5677134932042113,0.2390402597665671,0.6151132211206427,0.9581730535968036
2022-09-23 06:35:00,0.94,335,-7.8,-16.2,13.27238888888889,16.66472222222222,0.0,-7.8,-16.2,-21.3,8.05,8.05,2.955,5.5025,1.225,-0.1580981745182197,-0.7781715582407338,-0.5232112248200455,-0.08382317147091542,-0.6287453903426536,0.08924049910551578,-0.7252513248146968,0.09635507481790347,0.1981666069624617
2022-09-23 14:30:00,1.8,301,-4.3,-14.9,13.28216666666667,16.65694444444444,0.0,-4.3,-14.9,-17.4,8.05,8.05,2.97,5.510000000000001,1.225,2.63437740624331,-2.643426457940658,-2.064289413457871,2.442546280470333,-2.616627502324191,-2.81016879892292,-1.025175927646177,2.499016936192931,3.968962056049386
2022-09-23 22:25:00,1.34,285,-13.7,-20.0,13.19111111111111,16.62555555555555,0.0,-13.7,-20.0,-22.7,8.04,8.04,2.97,5.505,1.225,1.770338267468672,-1.279973655921036,-1.313733679275492,1.593064434202591,-1.261674027482939,-1.291160425471759,0.5239108784670516,1.161553667747573,1.976604070694591
2022-09-24 06:20:00,2.05,298,-11.6,-17.8,13.19055555555556,16.67027777777778,0.0,-11.6,-17.8,-27.5,8.05,8.05,2.965,5.5075,1.225,3.573617885527305,-3.312345063270315,-2.739480417695349,3.279695814413023,-3.280234421508191,-3.474685123534626,-0.775968965566188,3.0800774982539,5.005843519828399
2022-09-24 14:15:00,2.25,286,-26.4,-25.4,13.18602777777778,16.66666666666667,0.0,-26.4,-25.4,-27.0,8.07,8.07,2.765,5.4175,1.225,4.972645129004812,-3.623968624781815,-3.658144333429125,4.449368741796843,-3.575534349310226,-3.639546669818041,1.440937074993467,3.147806653186013,5.472925865851604
2022-09-24 22:10:00,2.54,278,-30.0,-26.5,13.20180555555556,16.68527777777778,0.0,-30.0,-26.5,-27.9,7.62,7.62,2.94,5.28,1.225,6.602583938777307,-4.59245863936101,-5.146335073420765,6.118319941005318,-4.519915104302928,-4.815485640698618,1.870027306144124,5.265992281950918,8.226783579933095
2022-09-25 06:05:00,2.38,260,-31.4,-25.9,13.11022222222222,16.66833333333333,0.0,-31.4,-25.9,-33.0,8.14,8.14,2.84,5.49,1.225,5.253716012286389,-3.744024157294483,-5.250507038338889,5.316965099098722,-3.670832260367259,-3.610994345966462,4.825724138448209,3.750122337740158,6.074560784500677
2022-09-25 14:00:00,2.46,301,-12.3,-13.7,13.10855555555556,16.685,0.0,-12.3,-13.7,-22.9,8.09,8.09,2.97,5.53,1.225,4.920431577661116,-4.937333195331384,-3.855633893358533,4.562133663856256,-4.887278701563293,-5.248770834432698,-1.914800815970249,4.667608299711462,7.413139129132243
2022-09-25 21:55:00,0.69,186,-5.0,-16.6,13.11222222222222,16.66805555555555,0.0,-5.0,-16.6,-14.1,7.14,7.14,2.97,5.055,1.225,-0.3554057801703254,-0.3061017197004982,-0.2977315665156114,-0.2824530514404718,-0.1888685595668987,-0.3660713445522584,-0.1464249912087245,-0.2482599950001552,-0.2603193085804731
2022-09-26 05:50:00,1.66,162,1.9,-9.2,13.11502777777778,16.70388888888889,0.0,1.9,-9.2,-12.5,7.05,7.05,2.38,4.715,1.225,-2.248520889616334,-0.5686876709232983,-1.739564668918662,-2.233825477324019,-0.416219223595274,-2.003572083829965,-2.292916154248034,-2.209940476984717,-2.189468378924078
2022-09-26 13:45:00,1.24,163,0.3,-9.6,13.11525,16.64611111111111,0.0,0.3,-9.6,-10.8,7.05,7.05,2.62,4.835,1.225,-1.270509555094105,-0.3441486360729886,-0.9678335750509616,-1.262729142392158,-0.2367560619714403,-1.116979851444433,-1.302040794315919,-1.229613713889864,-1.231493305917671
2022-09-26 21:40:00,0.97,78,2.3,-6.9,13.11183333333333,16.67833333333333,0.0,2.3,-6.9,-7.6,6.11,6.11,2.445,4.2775,1.225,-0.5025259592354968,0.6751910938433485,-0.7174979772909726,-0.5131354331536945,0.7891102809045062,1.073337434431331,-0.5518688507510556,-0.5014498045233,-0.5037087730485832
2022-09-27 05:35:00,1.19,116,3.3,-4.6,13.11538888888889,16.67388888888889,0.0,3.3,-4.6,-7.3,6.05,6.05,2.42,4.234999999999999,1.225,-0.8381159473819499,0.7664512440269047,-0.9096278064488894,-0.8260226863009112,0.7296695055741861,-0.2043040009498021,-0.7741409271752936,-0.861273032755441,-0.8560653071525193
2022-09-27 13:30:00,1.18,73,0.8,-9.0,13.18813888888889,16.67888888888889,0.0,0.8,-9.0,-8.8,6.95,6.95,2.97,4.96,1.225,-0.7508189947708961,0.8390177904043423,-1.011605024555972,-0.7647765060071725,1.05001262582013,1.703288133678474,-0.8727212021903062,-0.7123345840677574,-0.7235836437988288
2022-09-27 21:25:00,1.19,58,2.1,-8.9,13.19327777777778,16.63972222222222,0.0,2.1,-8.9,-7.9,6.04,6.04,2.96,4.5,1.225,-0.797685705668183,0.5091781891511131,-0.9614772447600445,-0.8022779159465492,0.6758787692245516,1.324926828588192,-0.8855773844494433,-0.7432279377247082,-0.7518321200046508
2022-09-28 05:20:00,0.38,319,-0.3,-10.6,13.193,16.66277777777778,0.0,-0.3,-10.6,-12.8,7.05,7.05,2.965,5.0075,1.225,0.05094061804479224,-0.1371074727640806,-0.0800485177859701,0.04388229946045522,-0.135909613080641,-0.1419444157186933,-0.09799700752338743,0.06797048410038628,0.09913958099817684
2022-09-28 13:15:00,1.48,169,0.0,-6.3,13.19086111111111,16.68111111111111,0.0,0.0,-6.3,-10.2,6.04,6.04,2.965,4.5025,1.225,-1.945433569430722,-0.7195510139981758,-1.354564171070872,-1.93793549218541,-0.375816781208221,-1.58269479519425,-2.048123849053956,-1.721627354977946,-1.838008912650036
2022-09-28 21:10:00,2.08,248,-17.9,-16.0,13.18644444444444,16.67138888888889,0.0,-17.9,-16.0,-17.0,6.04,6.04,2.965,4.5025,1.225,4.725377071793489,-3.048762343927154,-3.065101888119023,4.432668920863505,-3.060098748467355,-3.030159080628636,4.634083145940811,1.975204360687684,4.302259605665193
2022-09-29 05:05:00,0.6,222,-14.9,-23.8,13.19141666666667,16.67694444444444,0.0,-14.9,-23.8,-19.8,6.15,6.15,2.965,4.5575,1.225,0.1613014231823921,-0.2545259071556971,-0.212015025986434,0.1660684338917101,-0.2477628366200132,-0.2613697871029766,0.3533549554135997,-0.02249113098061814,0.089630146793583
2022-09-29 13:00:00,2.92,153,5.9,9.2,13.20027777777778,16.69388888888889,0.0,5.9,9.2,-9.4,6.96,6.96,3.025,4.9925,1.225,-6.640181783771266,-1.116110042949298,-4.982894255288372,-6.63057458422883,-1.447735551524044,-6.522454727789566,-6.646420931694641,-6.821752066994177,-6.662220945878901
2022-09-29 20:55:00,1.88,140,5.9,-2.0,13.20122222222222,16.66611111111111,0.0,5.9,-2.0,-2.7,6.01,6.01,2.99,4.5,1.225,-2.245837939405812,0.2703508297680871,-1.975835422288104,-2.248766840213234,0.001866239175278564,-2.434668849549051,-2.252357733866468,-2.322934421519088,-2.25220188810728
2022-09-30 04:50:00,0.54,218,0.6,-7.0,13.19808333333333,16.70833333333333,0.0,0.6,-7.0,-9.0,6.01,6.01,2.97,4.49,1.225,0.09189755672594006,-0.2084351966171211,-0.173708790654117,0.0968711006915907,-0.1998676008136913,-0.2146131649727154,0.2358400403281461,-0.03849433144867979,0.03917756763232972
2022-09-30 12:45:00,1.17,66,0.2,-2.8,13.19144444444444,16.67222222222222,0.0,0.2,-2.8,-5.9,5.25,5.25,3.015,4.1325,1.225,-0.7491013913092255,0.6718718831457823,-0.9571810359901249,-0.7590423985555912,0.8775601435773489,1.539214244714784,-0.8806498096027887,-0.6865034740585979,-0.6999744749074266
2022-09-30 20:40:00,1.97,337,-8.6,-9.6,13.19719444444445,16.63416666666667,0.0,-8.6,-9.6,-16.1,5.02,5.02,3.965,4.4925,1.225,-1.052293794534697,-3.410291285361722,-2.273159937477473,-0.621150823700604,-2.688462149551341,0.5113835375781995,-3.240877349424515,0.05001068020062258,0.5394059842724499
2022-10-01 04:35:00,0.6,271,-2.7,-9.8,13.19541666666667,16.64416666666667,0.0,-2.7,-9.8,-11.1,5.02,5.02,3.65,4.335,1.225,0.3924520137833694,-0.2739336735833471,-0.3134025447713112,0.3660392586658699,-0.2724909664710862,-0.3022223128427171,0.05691324511665513,0.3490838973381926,0.5544217179961339
2022-10-01 12:30:00,1.13,268,-11.2,-25.7,13.19891666666667,16.68555555555556,0.0,-11.2,-25.7,-11.8,5.06,5.06,3.97,4.515,1.225,1.360208410799068,-0.953266103975748,-1.13665207952887,1.288359302298338,-0.9469285482876425,-1.033961513895486,0.3598344310739304,1.182012314239657,1.885732721167761
2022-10-01 20:25:00,0.3,214,-1.8,-8.0,13.19080555555556,16.67361111111111,0.0,-1.8,-8.0,-7.7,5.02,5.02,3.765,4.3925,1.225,0.01707055669782793,-0.06917109259802984,-0.055960055220439,0.01886915036698203,-0.06508796283067855,-0.07099344762663627,0.06115943675056477,-0.01934298096636536,-0.0002066340957838092
2022-10-02 04:20:00,1.92,103,3.1,-3.1,13.20086111111111,16.65666666666667,0.0,3.1,-3.1,-4.5,4.06,4.06,3.41,3.735,1.225,-2.38766833155559,2.664017145509283,-2.731079694702341,-2.385882512796956,3.05550305918723,2.52000619535831,-2.344660849470248,-2.541978500301209,-2.374416297787688
2022-10-02 12:15:00,1.13,295,-5.9,-9.2,13.18997222222222,16.66138888888889,0.0,-5.9,-9.2,-11.8,5.02,5.02,3.615,4.3175,1.225,1.141925886326845,-0.9775530306746302,-0.8489160503823567,1.027734940031452,-0.9680693813069629,-1.003816144711073,-0.02475235110512106,0.8345731623254412,1.430482071601384
2022-10-02 20:10:00,3.82,175,-52.3,-39.5,13.19925,16.6475,0.0,-52.3,-39.5,-51.4,6.14,6.14,3.975,5.057499999999999,1.225,-13.72515648183298,-6.539270061332041,-9.081210318448361,-13.31724951629451,-3.252552574573271,-10.79145679776233,-13.98640563707402,-10.0846820412033,-10.82860615710727
2022-10-03 04:05:00,2.56,270,-44.6,-31.8,13.18488888888889,16.68138888888889,0.0,-44.6,-31.8,-43.6,7.66,7.66,3.505,5.5825,1.225,7.206856579516299,-5.032773883145981,-5.773550703805117,6.727611431173343,-5.013285454409278,-5.588956544455717,0.9127142248641339,6.498539933986661,10.34095223199561
2022-10-03 12:00:00,2.82,271,-27.0,-28.5,13.19697222222222,16.67527777777778,0.0,-27.0,-28.5,-25.3,7.19,7.19,2.98,5.085,1.225,8.66926498447463,-6.051194849456138,-6.923062213998265,8.085807223929066,-6.019325449346293,-6.676090890695622,1.257213584626912,7.711263292200674,12.2471757505346
2022-10-03 19:55:00,1.82,257,-10.3,-20.1,13.18975,16.7175,0.0,-10.3,-20.1,-20.6,7.05,7.05,2.815,4.9325,1.225,3.31173418049234,-2.232759844369385,-2.867703918308357,3.278205406309616,-2.205996789332144,-2.174043045784825,3.092762133755376,2.08545000772472,3.585633291167559
2022-10-04 03:50:00,3.32,282,-27.2,-32.1,13.20322222222222,16.67305555555556,0.0,-27.2,-32.1,-26.0,7.98,7.98,2.705,5.3425,1.225,10.98903064374354,-7.7577736666809,-8.36349686708569,10.05413856872628,-7.624802772020188,-7.930703773346906,3.452333277709694,7.96025165625245,12.78600143338695
2022-10-04 11:45:00,2.38,250,-20.3,-34.2,13.18858333333333,16.67527777777778,0.0,-20.3,-34.2,-23.8,8.13,8.13,2.49,5.31,1.225,6.618867335479404,-3.991115132442104,-4.095294866974834,6.280165506905325,-4.009341532850941,-3.96682069238623,6.369331184948321,3.137190920666332,6.264841821321381
2022-10-04 19:40:00,2.52,276,-16.3,-21.0,13.18983333333333,16.67194444444445,0.0,-16.3,-21.0,-21.5,8.05,8.05,2.48,5.265000000000001,1.225,6.620112149451728,-4.609497992766565,-5.197841325653082,6.14651485115198,-4.55122273828411,-4.908878872346508,1.601624183354609,5.461804101021058,8.578384026277012
2022-10-05 03:35:00,3.76,279,-26.5,-25.0,13.19102777777778,16.67222222222222,0.0,-26.5,-25.0,-26.3,8.03,8.03,2.485,5.2575,1.225,14.33366018791054,-9.964449561068038,-11.13013991846055,13.26905893081886,-9.790866808368088,-10.36429013626531,4.363966395242533,11.22962897070661,17.49259731731685
2022-10-05 11:30:00,3.24,274,-23.0,-21.2,13.19202777777778,16.63944444444444,0.0,-23.0,-21.2,-22.4,8.15,8.15,2.47,5.31,1.225,11.14363070638869,-7.767031806399736,-8.810937250105226,10.36582113279271,-7.692404532522986,-8.39392744875338,2.252385791265849,9.488932523647039,14.97513132027962
2022-10-05 19:25:00,1.14,224,-6.1,-16.8,13.19216666666667,16.66277777777778,0.0,-6.1,-16.8,-12.7,7.06,7.06,2.475,4.7675,1.225,0.673493509956219,-0.9436644497259711,-0.773504652496286,0.6876481111317531,-0.9226308480758,-0.9649338037265043,1.41615956775007,-0.04470055394289875,0.383728466950869
2022-10-06 03:20:00,1.78,228,-11.6,-20.7,13.20063888888889,16.65027777777778,0.0,-11.6,-20.7,-15.6,7.07,7.07,2.685,4.8775,1.225,2.086629479787455,-2.421686182963571,-1.925433144602944,2.106245440616136,-2.386892695107602,-2.456781524793105,4.137877557163493,0.0689565930460684,1.228878277772937
2022-10-06 11:15:00,2.84,227,-2.3,-12.9,13.19083333333333,16.66166666666667,0.0,-2.3,-12.9,-12.4,7.28,7.28,2.955,5.1175,1.225,5.028814516580051,-6.087699257807171,-4.876226578648652,5.088227503317204,-5.988635758961178,-6.187704847481091,10.0974028123372,0.06229856408681662,2.941585156382506
2022-10-06 19:10:00,1.08,244,-17.7,-8.8,13.19419444444444,16.63972222222222,0.0,-17.7,-8.8,-14.1,6.05,6.05,3.02,4.535,1.225,1.0960100011166,-0.8221622086103515,-0.7924727664027369,0.9987565058003222,-0.8238248372383501,-0.817121164783038,1.124939112822227,0.3055427590733432,0.8995920551643753
2022-10-07 03:05:00,1.71,255,-17.3,-11.3,13.20125,16.64861111111111,0.0,-17.3,-11.3,-25.5,6.14,6.14,3.72,4.93,1.225,3.064457044629789,-1.996532801101508,-2.412264260233022,2.993359367719127,-1.982345543106891,-1.955925513174132,2.889578884890174,1.777698670548198,3.184948728875459
2022-10-07 11:00:00,2.02,340,-6.5,-9.0,13.18963888888889,16.68333333333333,0.0,-6.5,-9.0,-16.3,6.04,6.04,3.32,4.68,1.225,-1.670840312392718,-3.57368962140188,-2.350806131365182,-1.052069751142789,-2.711410256555172,0.7260196697415896,-3.494955353713185,-0.5359872304881125,0.04515789655721938
2022-10-07 18:55:00,0.34,209,-3.9,-6.1,13.18772222222222,16.63333333333333,0.0,-3.9,-6.1,-8.9,5.03,5.03,3.815,4.4225,1.225,0.003101315535542715,-0.09460775960426743,-0.07451403670535094,0.006749735960585503,-0.08698210861370456,-0.09641367542362542,0.06079848397842525,-0.03566703474530925,-0.018220188959985
2022-10-08 02:50:00,0.46,179,0.3,-10.8,13.19352777777778,16.66333333333333,0.0,0.3,-10.8,-13.9,5.95,5.95,3.425,4.6875,1.225,-0.2061499675388329,-0.112120963615379,-0.1326579836735511,-0.1960363703313864,-0.05535511819354826,-0.1594652724699305,-0.2042885864147488,-0.1305576789872255,-0.1395161967098691
2022-10-08 10:45:00,1.49,196,1.7,-7.3,13.19097222222222,16.68583333333333,0.0,1.7,-7.3,-8.9,5.99,5.99,3.04,4.515000000000001,1.225,-0.935353880161974,-1.668832049438841,-1.37324079301769,-0.5940786578266616,-1.326428869193329,-1.709405122856832,0.5256974722365401,-0.9567872434817128,-0.8649196776784897
2022-10-08 18:40:00,1.59,170,9.6,9.1,13.20419444444444,16.69472222222222,0.0,9.6,9.1,-5.7,5.03,5.03,3.765,4.3975,1.225,-2.271435207251094,-0.8745931577004805,-1.558751541719566,-2.263470858652474,-0.4411719138713838,-1.825066687274663,-2.401070714876776,-1.981279059763642,-2.13747582009385
2022-10-09 02:35:00,0.85,243,-1.4,-16.9,13.18838888888889,16.6675,0.0,-1.4,-16.9,-12.4,5.95,5.95,3.515,4.7325,1.225,0.6513410516458221,-0.5093028663601036,-0.4856326350039298,0.5882596308626559,-0.5101169241827616,-0.5061763429487228,0.6775518784863627,0.154113129312941,0.5169226938555767
2022-10-09 10:30:00,1.54,218,-3.5,-13.9,13.18708333333333,16.65111111111111,0.0,-3.5,-13.9,-13.4,6.04,6.04,3.02,4.53,1.225,0.7474082494212599,-1.695215748618534,-1.412783840587461,0.7878583758579439,-1.625534986590364,-1.745461529661494,1.918100958992562,-0.3130766682568208,0.3186334684390711
2022-10-09 18:25:00,1.59,306,-18.2,-13.9,13.20158333333333,15.29638888888889,0.0,-18.2,-13.9,-23.1,6.05,6.05,3.555,4.8025,1.225,1.954645854734045,-2.222002670022845,-1.53354696808898,1.776401558662588,-2.194924272776203,-2.362135257301756,-1.072886736197503,1.766696375424983,2.927202766261911
2022-10-10 02:20:00,2.22,288,-20.4,-20.2,13.19205555555556,16.66138888888889,0.0,-20.4,-20.2,-33.8,6.35,6.35,3.355,4.8525,1.225,4.804648077985017,-3.557610000508452,-3.472098397382286,4.249532220454614,-3.516610404850099,-3.541697339697004,1.33233864888901,2.817019973571723,5.133455313581901
2022-10-10 10:15:00,2.83,221,-4.2,-7.9,13.19022222222222,0.0,0.0,-4.2,-7.9,-17.8,6.23,6.23,2.42,4.325,1.225,3.307464024665424,-5.585927736677554,-4.691634323021272,3.422926667156121,-5.425051970659037,-5.74877372407132,7.427997768147204,-0.6128028525428224,1.808615027774781
2022-10-10 18:10:00,1.07,193,-1.2,-8.7,13.20227777777778,15.27083333333333,0.0,-1.2,-8.7,-10.9,6.65,6.65,3.03,4.84,1.225,-0.5783805459023641,-0.8337046126916905,-0.7110334386956969,-0.3643227332472215,-0.6169728047304873,-0.8854091516836146,0.2112334707638148,-0.5158085251506905,-0.5009543272403346
2022-10-11 02:05:00,0.35,192,-6.9,-20.2,13.19875,16.65305555555556,0.0,-6.9,-20.2,-22.3,7.05,7.05,2.97,5.01,1.225,-0.06530917123872608,-0.08824358134630587,-0.07617978952597945,-0.04104825524924509,-0.0636219347895015,-0.09487359376819368,0.02046599248960225,-0.05598832842848529,-0.05555888407839606
2022-10-11 10:00:00,0.48,185,-2.2,-16.1,13.19997222222222,16.6575,0.0,-2.2,-16.1,-18.7,8.06,8.06,2.965,5.5125,1.225,-0.1810610797115385,-0.1445755012352032,-0.1441864121517214,-0.1496151024079471,-0.08658342286803902,-0.1767021642079289,-0.09618990176182123,-0.123099083583469,-0.1295050904232044
2022-10-11 17:55:00,0.7,190,2.6,-6.7,13.19897222222222,16.67,0.0,2.6,-6.7,-6.8,6.05,6.05,2.97,4.51,1.225,-0.2886336857632048,-0.3452968774240283,-0.3055342147067375,-0.180729749878637,-0.2353530343699238,-0.3805994946392849,0.06478240568399776,-0.2303433417465257,-0.2379047566431478
2022-10-12 01:50:00,2.51,287,-24.2,-20.0,13.19533333333333,16.69166666666667,0.0,-24.2,-20.0,-25.9,7.05,7.05,2.975,5.0125,1.225,6.165091788637674,-4.528841613261648,-4.495450999513475,5.484683011805646,-4.472498835553052,-4.52836399189714,1.74817861700297,3.759200746567106,6.686543878630302
2022-10-12 09:45:00,1.03,334,-6.9,-15.8,13.19888888888889,16.63888888888889,0.0,-6.9,-15.8,-21.4,7.38,7.38,2.97,5.175,1.225,-0.1409025344805129,-0.9353488396233425,-0.6315948323490276,-0.06606397252700104,-0.7648958147538486,0.09082373178568946,-0.8631961854071433,0.166698436252318,0.2831678054664293
2022-10-12 17:40:00,1.3,323,-3.8,-9.5,13.19347222222222,16.69,0.0,-3.8,-9.5,-14.4,6.77,6.77,2.97,4.87,1.225,0.392446714840641,-1.574875265085916,-0.960473534103266,0.3470043885070049,-1.501298021953782,-1.150028608944111,-1.222935864067987,0.7116594562840945,0.9791116033644089
2022-10-13 01:35:00,0.8,266,-8.5,-16.8,13.19361111111111,16.63611111111111,0.0,-8.5,-16.8,-19.7,7.05,7.05,2.97,5.01,1.225,0.6597160753430849,-0.4640985757316478,-0.5755882810597239,0.6344938188480409,-0.4596488008816355,-0.4906751812950472,0.2715757722899461,0.5502589097844441,0.8804522012735071
2022-10-13 09:30:00,0.78,258,-3.1,-15.4,13.19633333333333,16.66166666666667,0.0,-3.1,-15.4,-17.2,7.17,7.17,2.965,5.0675,1.225,0.5936149344822341,-0.4074448003590719,-0.539128992499436,0.5917738492891694,-0.4015472345673427,-0.3954921809756292,0.5514788276339991,0.3896251916269278,0.6565419422799516
2022-10-13 17:25:00,0.36,105,0.7,-7.0,13.1955,16.66277777777778,0.0,0.7,-7.0,-8.8,6.06,6.06,2.96,4.51,1.225,-0.08202643572409206,0.08852239884643151,-0.09209862600989557,-0.08148872212128548,0.1000130040178096,0.0671503515043457,-0.07788880581158762,-0.08774560628424659,-0.08227937238392864
2022-10-14 01:20:00,0.56,144,0.2,-9.7,13.19572222222222,16.65027777777778,0.0,0.2,-9.7,-11.7,6.23,6.23,2.965,4.5975,1.225,-0.2163598350435813,0.0001540976054878521,-0.1757774007852924,-0.2166298772125256,-0.02252297951837597,-0.2275387914107473,-0.2164445764351527,-0.223678586166016,-0.2178897648879871
2022-10-14 09:15:00,2.57,162,0.4,-9.5,13.19411111111111,16.65944444444444,0.0,0.4,-9.5,-14.2,7.06,7.06,2.72,4.89,1.225,-5.389481646039672,-1.363087965481671,-4.169564044760079,-5.354258199730515,-0.997636213501388,-4.802363643666909,-5.495892693857177,-5.297008221961226,-5.247938632586602
2022-10-14 17:10:00,2.53,135,3.1,-4.7,13.20127777777778,16.70111111111111,0.0,3.1,-4.7,-5.5,6.06,6.06,2.9,4.48,1.225,-3.951449254386042,0.8859706322289718,-3.468201127036133,-3.953127461022647,0.3557661447204785,-4.10637063785904,-4.01233531732486,-4.01867058994686,-3.986231020905201
2022-10-15 01:05:00,1.38,138,7.3,1.0,13.189,16.66916666666667,0.0,7.3,1.0,-14.5,7.08,7.08,2.81,4.945,1.225,-1.196314495164201,0.1928398395650218,-1.051514568338546,-1.197461103134353,0.04294244991993899,-1.275798769382956,-1.205668231249719,-1.229238994760145,-1.202511220693689
2022-10-15 09:00:00,2.6,162,3.3,-1.6,13.18738888888889,16.68777777777778,0.0,3.3,-1.6,-15.7,7.07,7.07,2.475,4.7725,1.225,-5.516040504357096,-1.395096768559114,-4.26747610752292,-5.479989921146163,-1.021063271702733,-4.915135464759241,-5.624950356625312,-5.42139556699691,-5.371173697752492
2022-10-15 16:55:00,2.4,140,7.7,0.3,13.05808333333333,16.64944444444444,0.0,7.7,0.3,-5.7,6.9,6.9,2.855,4.8775,1.225,-3.660034668112686,0.4405898538547368,-3.220012458233216,-3.664807888079512,0.003041403816660403,-3.967771778350649,-3.670659955599495,-3.785678550234819,-3.670405974280763
2022-10-16 00:50:00,1.83,165,5.8,-3.4,13.06255555555556,16.70111111111111,0.0,5.8,-3.4,-17.4,7.23,7.23,2.93,5.08,1.225,-2.83624087707546,-0.8664117953688303,-2.095627898314008,-2.821122426364718,-0.5352991535948477,-2.428451638767008,-2.934358684357492,-2.662800968078253,-2.724842017405411
2022-10-16 08:45:00,1.65,174,6.5,-4.3,13.05416666666667,16.66583333333333,0.0,6.5,-4.3,-17.9,8.01,8.01,2.375,5.1925,1.225,-2.537778652923996,-1.164392954713889,-1.69114566616227,-2.475180827307327,-0.5804814884182867,-2.003768559873991,-2.604692382524097,-1.931923230641196,-2.07659972624828
2022-10-16 16:40:00,2.27,162,5.1,-2.0,13.06163888888889,16.67583333333333,0.0,5.1,-2.0,-6.8,7.06,7.06,2.505,4.7825,1.225,-4.204675312855279,-1.063431085607731,-3.252940478469653,-4.177195275839359,-0.7783190728930496,-3.746627446206789,-4.287693297729967,-4.132530949286743,-4.094248660820831
2022-10-17 00:35:00,1.54,190,1.8,-10.4,13.06219444444445,16.67694444444444,0.0,1.8,-10.4,-16.4,7.21,7.21,2.475,4.8425,1.225,-1.396987039093912,-1.671236886732297,-1.47878559918061,-0.8747319894126035,-1.139108686350432,-1.84210155405414,0.3135468435105493,-1.114861774053185,-1.151459022152836
2022-10-17 08:30:00,2.15,202,0.1,-21.7,13.06102777777778,16.67638888888889,0.0,0.1,-21.7,-16.0,7.85,7.85,2.41,5.13,1.225,-1.085133806567036,-3.655891143448172,-2.874027229253558,-0.6594156552198431,-3.201765177055908,-3.608762737160735,1.642246647258444,-1.77260821561546,-1.332634669734356
2022-10-17 16:25:00,1.58,200,2.3,-9.1,13.06130555555555,16.67972222222222,0.0,2.3,-9.1,-3.7,7.08,7.08,2.49,4.785,1.225,-0.7726036103062404,-1.954753122965267,-1.53584097362756,-0.4995148932575323,-1.686478979930448,-1.910886685690467,0.7651732302504758,-1.010752629455729,-0.8129025027149818
2022-10-18 00:20:00,1.61,229,-15.8,-24.6,13.06172222222222,16.64583333333333,0.0,-15.8,-24.6,-13.6,7.07,7.07,2.94,5.005,1.225,1.798038887577579,-2.005964004253932,-1.583324477237824,1.811040938690811,-1.980870948057702,-2.031248193492446,3.52540362467746,0.092806830167172,1.065357008326645
2022-10-18 08:15:00,1.69,245,-12.3,-26.8,13.05775,16.64916666666667,0.0,-12.3,-26.8,-16.4,7.15,7.15,2.94,5.045,1.225,2.79267669141269,-2.013052664528598,-1.961225140412169,2.565763919301816,-2.017977005068242,-2.000724602792525,2.830737479807264,0.8871102806337655,2.362127355913418
2022-10-18 16:10:00,2.74,234,-5.9,-7.9,13.05144444444444,16.68194444444444,0.0,-5.9,-7.9,-3.1,6.36,6.36,3.51,4.935,1.225,5.646331392723044,-5.646304353953961,-4.718685879016189,5.366025516058146,-5.609249624643097,-5.671242017695632,8.94601479363109,0.4268096425950271,3.601584629345963
2022-10-19 00:05:00,2.22,239,-14.8,-21.3,13.06202777777778,16.68055555555556,0.0,-14.8,-21.3,-12.7,5.88,5.88,3.74,4.81,1.225,3.850316916338643,-3.513418613172005,-3.187339318310649,3.412636531978373,-3.510311505416233,-3.498306934220866,4.501720692851149,0.3233463282624876,2.645052578842878
2022-10-19 08:00:00,2.12,314,-14.1,-15.4,13.04663888888889,16.66,0.0,-14.1,-15.4,-23.8,6.04,6.04,3.12,4.58,1.225,2.55546144581804,-4.21714513075287,-2.560964243839569,2.259210624907588,-4.168957528817191,-4.43038074660948,-2.630927255742324,2.540358096242865,4.128403924380181
2022-10-19 15:55:00,3.06,289,-15.8,-12.0,13.05280555555555,16.66472222222222,0.0,-15.8,-12.0,-18.3,6.06,6.06,3.52,4.79,1.225,9.094018366331515,-6.787352513379369,-6.512048118536045,7.995924998765005,-6.715300175995052,-6.727596597552032,2.464440559328343,5.11710667367125,9.568423335257357
2022-10-19 23:50:00,3.44,198,-28.3,-22.4,13.05944444444444,16.68833333333333,0.0,-28.3,-22.4,-45.6,7.05,7.05,3.585,5.3175,1.225,-4.323989773034779,-9.080637798896682,-7.299978505904369,-2.767198833852959,-7.532251913961075,-9.08480001664166,3.214601371209893,-4.945556787726774,-4.231788949887057
2022-10-20 07:45:00,2.46,312,-44.3,-32.9,13.05041666666667,16.6725,0.0,-44.3,-32.9,-61.2,8.51,8.51,3.22,5.865,1.225,3.963273392869759,-5.651204117134542,-3.485698147077511,3.523142748566035,-5.580447556689345,-5.972083518316333,-3.316704692938533,3.649323533187366,6.120393380673215
2022-10-20 15:40:00,4.26,200,-20.2,-18.4,13.06030555555555,16.71055555555555,0.0,-20.2,-18.4,-40.1,8.92,8.92,2.92,5.92,1.225,-5.616448196760746,-14.21009364457798,-11.1648083852762,-3.631227558436305,-12.25987259100536,-13.89120622385688,5.562432988821317,-7.347674418486937,-5.909401321210704
2022-10-20 23:35:00,1.2,254,-10.0,-22.5,13.05380555555555,16.65555555555556,0.0,-10.0,-22.5,-26.9,8.73,8.73,2.52,5.625,1.225,1.54382490659755,-0.9894925127165456,-1.158574044761927,1.49859383077591,-0.984829896609483,-0.9722593428250804,1.462241234295162,0.8598621958184526,1.573294672956371
2022-10-21 07:30:00,1.34,240,-15.5,-28.8,13.06166666666667,16.68777777777778,0.0,-15.5,-28.8,-31.4,9.06,9.06,2.425,5.742500000000001,1.225,1.413289215761656,-1.265996963201729,-1.167805422048574,1.235341468834879,-1.266411003998502,-1.258197191983869,1.540248357382782,0.1209524622985926,0.9841507102336535
2022-10-21 15:25:00,1.77,211,-0.3,-14.7,13.05766666666667,16.66777777777778,0.0,-0.3,-14.7,-15.7,9.06,9.06,2.425,5.742500000000001,1.225,0.2993970381885507,-2.534186238377058,-2.009223746606416,0.3688866954726945,-2.354488757144206,-2.595418282670565,1.825311515145409,-0.8681437102110288,-0.3282753939376409
2022-10-21 23:20:00,1.24,170,6.0,-6.8,13.05361111111111,16.68972222222222,0.0,6.0,-6.8,-17.8,8.47,8.47,2.375,5.4225,1.225,-1.381495500442737,-0.5319308727029227,-0.9480385944179442,-1.376651553444897,-0.2683224297965427,-1.110012475121048,-1.460340307422385,-1.205021432021113,-1.300020893547053
2022-10-22 07:15:00,1.74,120,3.3,-12.8,13.05427777777778,16.65972222222222,0.0,3.3,-12.8,-13.6,9.03,9.03,1.89,5.46,1.225,-1.783541213670038,1.552358118690084,-1.959398999229403,-1.767315118124453,1.330820923102888,-0.9388913915250465,-1.722248383643641,-1.765531372629579,-1.815573331170367
2022-10-22 15:10:00,2.43,186,2.3,-6.8,13.06755555555555,16.67333333333333,0.0,2.3,-6.8,-15.1,8.17,8.17,1.58,4.875,1.225,-4.407972256517025,-3.79647142335533,-3.692659372228596,-3.503165350663396,-2.342469979807983,-4.540253481299373,-1.816057405142611,-3.079080958782645,-3.228648362186171
2022-10-22 23:05:00,1.49,174,7.7,-1.5,13.61816666666667,16.67027777777778,0.0,7.7,-1.5,-11.2,8.94,8.94,1.9,5.42,1.225,-2.069466441636937,-0.9495202199303234,-1.379067949842738,-2.018420185382919,-0.4733615986914373,-1.634000580266757,-2.124032161043801,-1.575413320237472,-1.693391754726834
2022-10-23 07:00:00,1.31,203,1.4,-12.4,13.61213888888889,16.66444444444445,0.0,1.4,-12.4,-12.6,8.12,8.12,2.38,5.25,1.225,-0.3387273772184006,-1.363992802210302,-1.072579496117381,-0.1955206879882625,-1.203311698720036,-1.352825769023945,0.6515229581374948,-0.6397086135188574,-0.4627028376432893
2022-10-23 14:55:00,1.98,301,-6.2,-13.6,13.61525,16.66138888888889,0.0,-6.2,-13.6,-18.0,8.27,8.27,2.51,5.39,1.225,3.187596661554406,-3.198546014108197,-2.497790190284024,2.955480999369104,-3.166119277812271,-3.400304246696734,-1.240462872451875,3.023810492793447,4.802444087819758
2022-10-23 22:50:00,2.42,262,-18.0,-15.4,13.61461111111111,16.69138888888889,0.0,-18.0,-15.4,-17.0,8.06,8.06,2.555,5.3075,1.225,5.633468473488223,-3.996218188555823,-5.374649344270963,5.600130651374297,-3.932196912911015,-3.985589720307812,4.154560320990774,4.263228413372573,6.872538346808255
2022-10-24 06:45:00,1.2,266,-8.6,-13.1,13.61372222222222,16.66916666666667,0.0,-8.6,-13.1,-16.8,7.37,7.37,2.575,4.9725,1.225,1.484361169521941,-1.044221795396207,-1.295073632384379,1.427611092408092,-1.03420980198368,-1.104019157913856,0.6110454876523786,1.238082547014999,1.98101745286539
2022-10-24 14:40:00,1.42,252,1.8,-6.3,13.61866666666667,16.64833333333333,0.0,1.8,-6.3,-5.8,6.52,6.52,2.69,4.605,1.225,2.258976391081737,-1.403156151507438,-1.540079537856746,2.167023209459722,-1.40313576856038,-1.386766399820534,2.157441838785614,1.160407943349538,2.216596729041626
2022-10-24 22:35:00,0.8,149,1.7,-4.5,13.60902777777778,16.6875,0.0,1.7,-4.5,-6.7,6.06,6.06,2.635,4.3475,1.225,-0.4851508901164402,-0.06048544421199487,-0.359917173522523,-0.4857279324501,-0.103844261923995,-0.4937415673079048,-0.4840642743780393,-0.5013068611888878,-0.4907356189874766
2022-10-25 06:30:00,1.68,134,2.7,-5.1,13.60719444444445,16.67138888888889,0.0,2.7,-5.1,-7.1,6.06,6.06,2.89,4.475,1.225,-1.732129527378493,0.4256119293413207,-1.51955275261814,-1.732549733901355,0.1879469142628799,-1.783944159274423,-1.763304623284404,-1.755384955884924,-1.749517062164318
2022-10-25 14:25:00,1.62,136,3.0,-3.6,13.60472222222222,16.65,0.0,3.0,-3.6,-5.7,5.74,5.74,2.955,4.3475,1.225,-1.629611324283323,0.3307505504570987,-1.431007042314088,-1.630596742231743,0.1169698217910834,-1.708468682468854,-1.650550418149811,-1.663109481551701,-1.641964963736568
2022-10-25 22:20:00,0.2,218,0.3,-6.6,13.62038888888889,16.66361111111111,0.0,0.3,-6.6,-8.4,5.99,5.99,2.97,4.48,1.225,0.01260597485952538,-0.02859193369233485,-0.023828366344872,0.01328821683012218,-0.02741668049570524,-0.02943939162863037,0.03235117151277724,-0.005280429554002712,0.005374151938591181
2022-10-26 06:15:00,1.96,277,-10.1,-10.3,13.60747222222222,16.63666666666667,0.0,-10.1,-10.3,-18.7,6.06,6.06,2.97,4.515,1.225,3.968131232851889,-2.761518764876216,-3.104377101588827,3.680705364489505,-2.722294304386618,-2.918472864546032,1.041195005820303,3.219842588140621,5.044012216193339
2022-10-26 14:10:00,3.8,320,-9.2,-10.5,13.60663888888889,16.68083333333333,0.0,-9.2,-10.5,-16.5,6.06,6.06,3.3,4.68,1.225,4.470792317848701,-13.74305445293961,-7.960204312981264,3.814158178772534,-13.63027555632162,-14.18646721353757,-10.06906642910948,6.524081316069717,9.243930537329733
2022-10-26 22:05:00,1.66,310,-17.9,-14.0,13.60944444444444,16.68138888888889,0.0,-17.9,-14.0,-23.9,6.05,6.05,3.415,4.7325,1.225,2.042557429685218,-2.560949050832206,-1.6042551639445,1.823366751828257,-2.526055671607725,-2.722435628241976,-1.407456984969498,1.765903027421676,3.042649203641532
2022-10-27 06:00:00,1.82,319,-15.5,-14.7,13.615,16.64722222222222,0.0,-15.5,-14.7,-22.5,6.06,6.06,3.47,4.765,1.225,1.16852980063414,-3.14511629351621,-1.836237606054345,1.006618620033323,-3.117638520556201,-3.256071209325484,-2.247959056235932,1.55917888874044,2.274168615639619
2022-10-27 13:55:00,1.12,179,-16.7,-12.8,13.60511111111111,16.66027777777778,0.0,-16.7,-12.8,-25.8,6.35,6.35,3.47,4.91,1.225,-1.222091300948544,-0.6646717238144203,-0.7864185950855506,-1.162136214289655,-0.3281543490642104,-0.9453366625060531,-1.211056724001233,-0.7739676395159526,-0.827075222839602
2022-10-27 21:50:00,1.56,297,-12.8,-13.2,13.61383333333333,16.67,0.0,-12.8,-13.2,-17.5,6.05,6.05,3.01,4.529999999999999,1.225,2.105068822992787,-1.899778703833553,-1.59689931079442,1.919054262474528,-1.881357346284723,-1.979135701678431,-0.3152922984131423,1.719276956646997,2.841304458545234
2022-10-28 05:45:00,1.48,263,-8.5,-12.0,13.60611111111111,16.67333333333333,0.0,-8.5,-12.0,-15.1,6.02,6.02,2.97,4.495,1.225,2.144734236087491,-1.518087998692628,-2.00015009965824,2.11380172950585,-1.496321819906732,-1.537846176659477,1.397777800734475,1.666708940890595,2.68117756701582
2022-10-28 13:40:00,2.71,242,-7.3,-16.9,13.61877777777778,16.66083333333333,0.0,-7.3,-16.9,-11.6,6.48,6.48,3.56,5.02,1.225,6.340663064259413,-5.177321310485991,-4.883048948769351,5.670582584752204,-5.18340230749163,-5.145500400958074,6.691372272294027,1.209257987543496,4.844702136070087
2022-10-28 21:35:00,1.37,237,-8.8,-10.9,13.6185,16.69055555555556,0.0,-8.8,-10.9,-13.0,5.87,5.87,2.995,4.4325,1.225,1.444431023406222,-1.367447016240604,-1.200176010173016,1.316390414628728,-1.363031568809054,-1.366487762134689,1.923245205734222,0.1165656396327512,0.9645532992177956
2022-10-29 05:30:00,1.25,164,-0.1,-10.0,13.60902777777778,16.66416666666667,0.0,-0.1,-10.0,-8.5,5.05,5.05,2.97,4.01,1.225,-1.307196168281645,-0.3769822591592263,-0.9806330895905309,-1.299716047475113,-0.2451726138638462,-1.134056841800599,-1.346106564688868,-1.245956086967674,-1.261384382817883
2022-10-29 13:25:00,2.54,217,-0.5,-10.6,13.60794444444444,16.67194444444445,0.0,-0.5,-10.6,-6.4,5.96,5.96,3.215,4.5875,1.225,1.830836607129933,-4.698317575053765,-3.885324273212705,1.945598509696753,-4.482975911748684,-4.833491069914138,5.009485401471724,-0.9854080731921643,0.6463946120416428
2022-10-29 21:20:00,3.61,279,-26.6,-14.7,13.60891666666667,16.66,0.0,-26.6,-14.7,-17.6,4.92,4.92,3.315,4.1175,1.225,13.21282911773349,-9.18527212007659,-10.25981046509802,12.23147513667981,-9.02526279802327,-9.553846868267824,4.022722842592819,10.35151989794206,16.12475084165665
2022-11-05 15:35:00,3.31,130,3.3,-9.9,13.47338888888889,16.70944444444444,0.0,3.3,-9.9,-11.3,7.72,7.72,2.375,5.047499999999999,1.225,-6.565241149824537,2.194896864066125,-5.747904459682309,-6.561907009335671,1.212109132996633,-6.510236527300726,-6.753462033148917,-6.556372622225877,-6.664582297214107
2022-11-05 23:30:00,2.96,170,3.5,-11.4,13.33355555555556,16.63777777777778,0.0,3.5,-11.4,-12.1,8.54,8.54,2.29,5.414999999999999,1.225,-7.872080499921359,-3.03106499367451,-5.402142916787369,-7.844478570930546,-1.528963189974889,-6.325107506517024,-8.321356423980205,-6.86649049089242,-7.40781936843253
2022-11-06 07:25:00,3.91,149,4.0,-9.8,13.33411111111111,16.68416666666667,0.0,4.0,-9.8,-12.9,8.08,8.08,2.17,5.125,1.225,-11.58911769248304,-1.444855499464685,-8.597577719577629,-11.60290188139121,-2.480596032375355,-11.79432883618746,-11.56316098924828,-11.97504597584662,-11.72252377600381
2022-11-06 15:20:00,4.2,155,5.8,-6.2,13.33230555555556,16.67472222222222,0.0,5.8,-6.2,-14.3,9.05,9.05,2.375,5.7125,1.225,-13.82122602247301,-2.513614991182187,-10.56374473381336,-13.77740083514922,-2.871113728677056,-13.30970744233232,-13.86733475382257,-14.1459525461403,-13.78555077015433
2022-11-06 23:15:00,1.43,200,2.0,-6.9,13.33613888888889,16.65388888888889,0.0,2.0,-6.9,-16.7,9.05,9.05,2.18,5.615,1.225,-0.632870182148386,-1.601215614946192,-1.258068100853628,-0.4091724103598493,-1.381461651201639,-1.565282880775691,0.6267836638916832,-0.8279474651394089,-0.6658805991835708
2022-11-07 07:10:00,1.54,175,2.5,-4.8,13.33166666666667,16.65944444444444,0.0,2.5,-4.8,-15.4,8.07,8.07,1.835,4.952500000000001,1.225,-2.230653018853313,-1.062781508007941,-1.475905155507808,-2.164358772569561,-0.5286144627242928,-1.753859470791176,-2.273112004117538,-1.638992347312146,-1.759897094528358
2022-11-07 15:05:00,2.45,160,5.3,-0.8,13.88894444444444,16.6475,0.0,5.3,-0.8,-13.2,8.82,8.82,2.43,5.625,1.225,-4.774142989101853,-1.029319968976072,-3.811357714569351,-4.738856838433763,-0.8714384630290676,-4.37213523275697,-4.818076463589309,-4.841324117281005,-4.692866382410406
2022-11-07 23:00:00,1.87,196,5.5,-2.8,13.88605555555556,16.67222222222222,0.0,5.5,-2.8,-13.2,8.31,8.31,2.425,5.367500000000001,1.225,-1.473284529317782,-2.628592763246108,-2.163004247152633,-0.9357387768812455,-2.089270353894939,-2.69249978564842,0.8280309403468119,-1.507044417697943,-1.362342966926675
2022-11-08 06:55:00,1.95,194,1.2,-15.7,13.88669444444444,16.68,0.0,1.2,-15.7,-14.9,9.0,9.0,2.43,5.715,1.225,-1.814643671362166,-2.798731363570931,-2.358357848893726,-1.145842960752078,-2.123366006336735,-2.936377845025653,0.7678375386128552,-1.688335497557876,-1.602996768427017
2022-11-08 14:50:00,1.25,229,1.0,-13.2,13.88727777777778,16.67138888888889,0.0,1.0,-13.2,-10.5,8.1,8.1,2.425,5.2625,1.225,1.083845438771639,-1.20918126486122,-0.9544170732935072,1.091682985496081,-1.194055343675074,-1.224422399726842,2.125088987137275,0.05594331705420556,0.6421898559123423
2022-11-08 22:45:00,1.58,237,-5.6,-16.4,13.89241666666667,16.69611111111111,0.0,-5.6,-16.4,-15.0,8.06,8.06,2.475,5.2675,1.225,1.921187919884539,-1.818794145315703,-1.596312745375842,1.750885519249377,-1.812921310871609,-1.817518274491468,2.558042160794348,0.1550399396767009,1.282919098602645
2022-11-09 06:40:00,1.78,196,0.2,-15.5,13.89091666666667,16.65916666666667,0.0,0.2,-15.5,-12.1,8.05,8.05,2.425,5.237500000000001,1.225,-1.334883669161389,-2.381661846512331,-1.959810877256542,-0.8478351513256136,-1.893003571529276,-2.439565421043912,0.7502454263475761,-1.365472141906878,-1.234363995656289
2022-11-09 14:35:00,1.26,211,6.6,-8.6,13.88855555555556,7.208611111111111,0.0,6.6,-8.6,-4.9,7.55,7.55,2.475,5.0125,1.225,0.1517197286310266,-1.284201242314603,-1.018176009483975,0.1869336773380733,-1.193139375927142,-1.315230637929008,0.9249783144833388,-0.439932635682923,-0.1663538623688591
2022-11-09 22:30:00,1.88,157,8.7,0.5,13.89044444444444,16.6725,0.0,8.7,0.5,-14.8,7.88,7.88,2.925,5.4025,1.225,-2.786002704139269,-0.5446151994019077,-2.167632437723311,-2.77242324629516,-0.5504072717806796,-2.629824827727187,-2.801893375830193,-2.84086364809535,-2.762570948140225
2022-11-10 06:25:00,1.38,154,2.7,-6.3,13.8895,16.68055555555556,0.0,2.7,-6.3,-16.7,8.05,8.05,2.52,5.285,1.225,-1.487617561043993,-0.2603273695642478,-1.126699690300725,-1.484178995221063,-0.3166598395722828,-1.446858630725265,-1.490803258836008,-1.52542333172263,-1.48815308582468
2022-11-10 14:20:00,2.13,208,2.2,-10.1,13.88963888888889,16.67305555555556,0.0,2.2,-10.1,-12.4,7.51,7.51,2.4,4.955,1.225,-0.04782053562164133,-3.695193447440511,-2.909616327722543,0.1346025953458609,-3.374993604802176,-3.749336305368159,2.275516579268238,-1.448375576876413,-0.7997761442939605
2022-11-10 22:15:00,1.48,210,-3.7,-19.5,13.88538888888889,16.67472222222222,0.0,-3.7,-19.5,-14.6,8.1,8.1,2.975,5.5375,1.225,0.1406156476017748,-1.801247071601621,-1.419045435729245,0.1908036233566748,-1.66685532681781,-1.843544418446961,1.205419409258921,-0.6523740222611821,-0.3043465895662497
2022-11-11 06:10:00,1.86,301,-11.1,-13.5,13.88755555555555,16.65861111111111,0.0,-11.1,-13.5,-21.7,8.07,8.07,2.975,5.5225,1.225,2.812929652666468,-2.822592028978858,-2.204202362592237,2.608096639479989,-2.793976699703941,-3.000635795294362,-1.094660073853307,2.668394750757118,4.237969484292734
2022-11-11 14:05:00,1.72,289,-3.9,-9.7,13.89061111111111,16.67583333333333,0.0,-3.9,-9.7,-11.5,7.06,7.06,2.91,4.984999999999999,1.225,2.873226529855521,-2.144442701053176,-2.057461142496159,2.526287380531675,-2.121677991441728,-2.125563007197865,0.7786322515610417,1.616733775832909,3.023113289229075
2022-11-11 22:00:00,1.28,234,-16.6,-19.5,13.89158333333333,16.64777777777778,0.0,-16.6,-19.5,-20.6,7.35,7.35,2.975,5.1625,1.225,1.232211273088262,-1.232205372358433,-1.029769159808744,1.171039507367157,-1.224118837579952,-1.23764757336466,1.952308412526663,0.09314360360537222,0.7859817061005416
2022-11-12 05:55:00,3.34,231,-16.3,-25.3,13.89111111111111,16.65611111111111,0.0,-16.3,-25.3,-19.2,7.95,7.95,2.975,5.4625,1.225,8.194689390814716,-8.652173526085955,-6.889659863013689,8.12269817999728,-8.568297505103088,-8.731985106842645,15.15484421057423,0.5755763093289056,4.970295679477793
2022-11-12 13:50:00,3.75,270,-16.7,-20.9,13.88466666666667,16.64916666666667,0.0,-16.7,-20.9,-14.5,7.15,7.15,2.97,5.06,1.225,15.4642365492932,-10.79916118343206,-12.38869579654838,14.43588802351,-10.75734355203712,-11.9925997019056,1.958472257561017,13.94435391566275,22.18927623938572
2022-11-12 21:45:00,2.38,287,-16.4,-17.0,13.88611111111111,16.67472222222222,0.0,-16.4,-17.0,-22.1,7.9,7.9,3.22,5.56,1.225,5.543014543826168,-4.071867182133501,-4.041845786835784,4.931261162850097,-4.021209568753942,-4.071437754274084,1.571781869835657,3.379885511159301,6.011850470010553
2022-11-13 05:40:00,2.9,313,-13.8,-12.3,13.88672222222222,16.66166666666667,0.0,-13.8,-12.3,-22.7,7.27,7.27,3.025,5.1475,1.225,5.144822581097396,-7.872379810720904,-4.818124277906594,4.561819613769929,-7.77812933751693,-8.29485039756522,-4.766155905631387,4.912541322028814,8.115372466939657
2022-11-13 13:35:00,4.91,338,-6.3,-6.6,13.89044444444444,16.65972222222222,0.0,-6.3,-6.6,-17.4,7.93,7.93,3.455,5.6925,1.225,-7.648481412518159,-21.16122951018513,-14.04362468906628,-4.644357485124073,-16.4737079928653,3.547645014659957,-20.30457033619636,-0.8484750826732955,2.322790272800034
2022-11-13 21:30:00,1.0,328,-13.2,-13.0,13.88869444444444,16.65805555555556,0.0,-13.2,-13.0,-24.6,7.07,7.07,3.455,5.2625,1.225,0.1032258821453848,-0.8987851586840365,-0.5967722824353457,0.1073108113789397,-0.7957038994954728,-0.177236923388779,-0.7675088879121488,0.3699237444359231,0.4780136179391602
2022-11-14 05:25:00,1.44,328,-12.7,-22.4,13.88686111111111,16.69888888888889,0.0,-12.7,-22.4,-28.1,8.07,8.07,3.47,5.77,1.225,0.2140491892166698,-1.863720905047218,-1.237467004857933,0.2225196984753695,-1.649971605993813,-0.3675184843389722,-1.591506429974632,0.7670738764623302,0.9912090381586427
2022-11-14 13:20:00,1.6,219,-2.9,-18.1,13.74483333333333,16.66444444444445,0.0,-2.9,-18.1,-20.3,8.05,8.05,2.975,5.5125,1.225,0.8870873633552542,-1.795471370245243,-1.508331137133305,0.9288767215779021,-1.730486703971594,-1.85030903605657,2.15318217079594,-0.2848842774482856,0.4314015531017571
2022-11-14 21:15:00,2.03,95,-1.2,-16.6,13.75108333333333,16.65861111111111,0.0,-1.2,-16.6,-18.8,8.1,8.1,2.69,5.395,1.225,-2.357577500421059,2.720672458867881,-3.188484839930433,-2.388528646511381,3.210054627145563,3.12771467117721,-2.486423049403372,-2.455560255357153,-2.380069824379862
2022-11-15 05:10:00,0.89,213,-1.1,-17.9,13.75497222222222,16.69277777777778,0.0,-1.1,-17.9,-20.1,9.03,9.03,2.41,5.72,1.225,0.1253923784936942,-0.6194301478046548,-0.4976730235876646,0.1418018827454662,-0.5803282872067894,-0.6352831377221038,0.5126802294479235,-0.1866582293205765,-0.02887867298640955
2022-11-15 13:05:00,1.89,175,1.7,-14.4,13.88080555555556,16.67861111111111,0.0,1.7,-14.4,-16.5,8.9,8.9,2.33,5.615,1.225,-3.359805889967076,-1.60075975069791,-2.223005905713206,-3.259953605791756,-0.796198230012416,-2.641660235964394,-3.42375754339191,-2.468647564443293,-2.650754094857795
2022-11-15 21:00:00,1.16,231,-10.1,-19.6,13.93444444444444,5.374444444444444,0.0,-10.1,-19.6,-18.7,3.07,3.07,-0.02,1.525,1.225,0.9884519025673457,-1.043634111719788,-0.8310378923295224,0.979768248324101,-1.033516899392835,-1.053261067066537,1.827992969427793,0.06942660922164431,0.5995222010743769
2022-11-16 04:55:00,0.58,193,1.1,-13.7,14.44036111111111,16.67666666666667,0.0,1.1,-13.7,-15.9,10.04,10.04,2.13,6.084999999999999,1.225,-0.1699425413936198,-0.244963081238086,-0.2089192495215585,-0.1070470499295705,-0.1812819036696095,-0.260155156455907,0.06206562980605056,-0.1515573306495696,-0.1471927990948105
2022-11-16 12:50:00,1.88,64,5.0,-8.3,13.88672222222222,18.05944444444444,0.0,5.0,-8.3,-11.1,9.02,9.02,1.82,5.42,1.225,-1.942821095401546,1.659196023502751,-2.461374099045256,-1.964934318021914,2.155718921117051,3.711940398916744,-2.260354799058295,-1.777323021494196,-1.809197163714935
2022-11-16 20:45:00,2.06,51,4.7,-14.9,14.16644444444444,19.46555555555556,0.0,4.7,-14.9,-14.5,10.12,10.12,2.235,6.1775,1.225,-2.519445551960161,0.5286494970910055,-2.706182122292864,-2.518313154801402,0.9804526856948695,4.471719031179617,-2.556164732605945,-2.513117413973449,-2.519632898418789
2022-11-17 04:40:00,3.14,26,2.3,-19.2,14.16794444444444,19.46361111111111,0.0,2.3,-19.2,-18.2,10.09,10.09,2.18,6.135,1.225,-7.767976406495282,-3.00471045281236,-6.590510891490504,-7.658392520800247,-1.719187697727072,9.737154426430871,-7.351898121261381,-8.290710137282845,-8.018551434956741
2022-11-17 12:35:00,3.44,113,4.7,-22.2,14.16969444444445,19.42833333333333,0.0,4.7,-22.2,-14.2,10.9,10.9,1.91,6.405,1.225,-7.028134071592432,6.657819172772676,-7.558396120201367,-6.898850002593969,6.769350396159303,-0.2354109841369658,-6.2722501996644,-7.419573862167375,-7.196722448713741
2022-11-17 20:30:00,1.97,204,-2.4,-25.1,14.16111111111111,19.45805555555556,0.0,-2.4,-25.1,-26.5,12.07,12.07,2.035,7.0525,1.225,-0.6209972854147353,-3.099877047817073,-2.43826249441943,-0.330702522163384,-2.754397007371217,-3.088936809941241,1.568016028462306,-1.405133261585682,-0.9739359623599914
2022-11-18 04:25:00,0.68,33,-2.3,-25.0,14.17230555555556,19.45333333333333,0.0,-2.3,-25.0,-27.1,12.06,12.06,1.97,7.015000000000001,1.225,-0.3245124837404465,-0.08301101314542544,-0.2853291841391369,-0.3196884114083309,-0.02784525488413349,0.4501455781662879,-0.3205316529333748,-0.3363878210798869,-0.3365102206977585
2022-11-18 12:20:00,1.74,135,-3.6,-24.5,14.168,25.02138888888889,0.0,-3.6,-24.5,-29.3,13.04,13.04,2.14,7.59,1.225,-1.869019632017245,0.4190605518187185,-1.640445208051149,-1.869813417018258,0.1682759580302334,-1.942296824381264,-1.897818495326087,-1.90081505383979,-1.885471267929914
2022-11-18 20:15:00,2.02,114,-0.2,-22.7,14.17069444444444,24.99972222222222,0.0,-0.2,-22.7,-24.0,12.95,12.95,1.795,7.3725,1.225,-2.4205951188235,2.266636029255232,-2.611175497318408,-2.379260433313086,2.256946375673809,-0.2503450167561083,-2.185388553287126,-2.532819809887767,-2.476589597272772
2022-11-19 04:10:00,3.01,81,3.4,-17.5,14.15736111111111,30.52138888888889,0.0,3.4,-17.5,-21.9,13.52,13.52,2.355,7.9375,1.225,-4.768033109571064,6.714318192574402,-7.025339976030888,-4.873128929048017,7.697369592099353,9.563776443009571,-5.120840744855072,-4.853368996481094,-4.866866504463061
2022-11-19 12:05:00,3.23,321,-15.8,-31.7,14.17477777777778,30.54944444444444,0.0,-15.8,-31.7,-42.5,14.07,14.07,2.765,8.4175,1.225,2.960997181669299,-9.860304197222101,-5.810599857290309,2.551208494147179,-9.654577229892869,-9.199644128811133,-7.366455867739988,4.606864836168517,6.467280870892824
2022-11-19 20:00:00,1.35,237,-12.6,-32.9,14.16733333333333,30.55555555555556,0.0,-12.6,-32.9,-34.1,13.99,13.99,2.35,8.17,1.225,1.402565688186818,-1.327812982630135,-1.165390153199596,1.278236203666075,-1.323525512363206,-1.326881531509654,1.867501938009814,0.1131871054561719,0.9365967221612405
2022-11-20 03:55:00,1.16,288,-7.7,-30.1,14.16902777777778,30.56472222222222,0.0,-7.7,-30.1,-32.6,14.06,14.06,2.605,8.3325,1.225,1.311812039147926,-0.9713334990431322,-0.9479862842946197,1.160248875059599,-0.9601393881921705,-0.9669888686584467,0.3637681369095551,0.7691303620725002,1.401586208496836
2022-11-20 11:50:00,3.16,111,-2.6,-25.6,14.16997222222222,30.56055555555556,0.0,-2.6,-25.6,-27.0,13.4,13.4,2.195,7.7975,1.225,-5.944331826845344,5.76041913153498,-6.35391124770755,-5.819358150587283,6.090186070396866,0.6293504526012896,-5.182009363882048,-6.385988022910894,-6.097053282519017
2022-11-20 19:45:00,2.01,80,-0.2,-22.4,14.17036111111111,30.51722222222222,0.0,-0.2,-22.4,-25.8,13.68,13.68,2.31,7.994999999999999,1.225,-2.149480277926588,3.08507716499974,-3.139094089608514,-2.197058930733365,3.525008908159319,4.475414968848022,-2.304619354616076,-2.187676641092499,-2.188200412647137
2022-11-21 03:40:00,1.52,60,-2.8,-25.3,14.17058333333333,30.56,0.0,-2.8,-25.3,-28.0,14.02,14.02,2.44,8.23,1.225,-1.281370515399229,0.9858549698936955,-1.59590369751768,-1.291179619782824,1.26525786206481,2.083663414584554,-1.46002662744219,-1.16812031835982,-1.185155558630929
2022-11-21 11:35:00,0.79,124,-3.8,-25.9,14.15844444444445,30.45472222222222,0.0,-3.8,-25.9,-27.3,13.37,13.37,2.41,7.89,1.225,-0.3701843388155118,0.2420107291480827,-0.3733113943370724,-0.3681014908546147,0.1922172477308088,-0.2644629476527331,-0.3668922146007427,-0.3677547697542199,-0.376409674909088
2022-11-21 19:30:00,2.93,167,-3.4,-27.9,14.16594444444445,30.54888888888889,0.0,-3.4,-27.9,-25.8,13.79,13.79,2.6,8.195,1.225,-7.447747447374899,-2.520601519412283,-5.340561310041571,-7.41367566599559,-1.422594234010073,-6.21421746048226,-7.774748408106317,-6.786855794201675,-7.09444571521167
2022-11-22 03:25:00,2.15,302,-15.9,-32.6,14.16480555555556,30.56027777777778,0.0,-15.9,-32.6,-37.4,13.07,13.07,2.55,7.81,1.225,3.721561547952808,-3.829659375491031,-2.916895538828085,3.437431459215028,-3.789169882877755,-4.071217120991711,-1.562436345021517,3.498335610238245,5.600454442618314
2022-11-22 11:20:00,3.35,283,-16.4,-34.9,14.17061111111111,30.50833333333333,0.0,-16.4,-34.9,-33.3,13.0,13.0,2.515,7.7575,1.225,11.14722129617085,-7.932350338252193,-8.41383002936526,10.14332477643338,-7.80396955204229,-8.073035754570109,3.434818818520748,7.823077871598336,12.79667031386148
2022-11-22 19:15:00,3.07,288,-16.7,-32.1,14.16572222222222,30.61055555555556,0.0,-16.7,-32.1,-34.1,12.96,12.96,2.61,7.785,1.225,9.188241147269089,-6.803449089723258,-6.639919687015725,8.126656972762495,-6.72504289519351,-6.773018273052164,2.547917890575851,5.387170592670263,9.817040618654744
2022-11-23 03:10:00,2.21,293,-18.0,-34.2,14.17202777777778,30.61805555555556,0.0,-18.0,-34.2,-38.7,13.09,13.09,2.58,7.835,1.225,4.510900835806795,-3.665465296098137,-3.289263075096915,4.010668586867106,-3.629886650929759,-3.707111284255343,0.4434202884235416,2.933935799763234,5.240752426128358
2022-11-23 11:15:00,0.58,236,-5.8,-27.2,14.16972222222222,30.56888888888889,0.0,-5.8,-27.2,-29.8,13.23,13.23,2.62,7.925000000000001,1.225,0.2569253667706882,-0.2477263126599192,-0.2138845795495527,0.2374394332609973,-0.2466452719781228,-0.2479841618364363,0.3634218158599034,0.02030299133094584,0.1690455408815472
2022-11-23 19:10:00,1.8,54,-1.9,-15.2,14.15166666666667,0.0,0.0,-1.9,-15.2,-18.1,5.06,5.06,-1.015,2.0225,1.225,-1.881380897753873,0.7299229484666576,-2.123459161672709,-1.885389786360748,1.090498888243379,3.250124633120148,-1.983584098229375,-1.825220887037447,-1.836500429307613
2022-11-24 03:05:00,3.34,108,0.4,-21.5,14.16205555555556,29.92694444444444,0.0,0.4,-21.5,-22.6,13.05,13.05,2.09,7.57,1.225,-6.813342277304123,6.956817910928321,-7.421984592382956,-6.7057363607026,7.65247182623387,3.011403180764243,-6.118174341266064,-7.34361856688983,-6.927926417394092
2022-11-24 11:00:00,2.4,75,0.4,-18.9,14.17530555555556,30.01805555555556,0.0,0.4,-18.9,-21.4,13.04,13.04,2.09,7.565,1.225,-3.094111844945256,3.735833708487243,-4.267800739756748,-3.154734645020944,4.538488580171808,6.85594056200177,-3.517505548140143,-2.995956589975597,-3.029408846666043
2022-11-24 18:55:00,1.22,31,-2.9,-22.2,14.16413888888889,29.915,0.0,-2.9,-22.2,-24.5,12.04,12.04,2.19,7.114999999999999,1.225,-1.098868934806909,-0.3495893307870503,-0.9205912729716835,-1.078941785021755,-0.1719017960342187,1.39752245351784,-1.052054122749733,-1.14661370073836,-1.144165428073251
2022-11-25 02:50:00,0.74,211,-4.7,-23.9,14.16661111111111,30.05666666666667,0.0,-4.7,-23.9,-25.6,12.05,12.05,2.34,7.195,1.225,0.05233164739125104,-0.4429507434438626,-0.3511924809734346,0.06447775365981917,-0.4115413972396716,-0.4536535004597662,0.319046438026629,-0.1517429524439207,-0.05737929896270298
2022-11-25 10:45:00,1.17,147,-3.7,-23.6,14.16705555555556,30.09527777777778,0.0,-3.7,-23.6,-24.5,12.05,12.05,2.295,7.1725,1.225,-1.000389569514348,-0.07735455530034502,-0.7688128683401766,-1.001601619213607,-0.1725940409710536,-1.030933332532778,-0.999143030358689,-1.033902109540228,-1.010228024166651
2022-11-25 18:40:00,2.02,162,-3.7,-23.1,14.16738888888889,29.79,0.0,-3.7,-23.1,-24.0,12.06,12.06,2.625,7.3425,1.225,-3.329534271298623,-0.8420936175190251,-2.575888980641497,-3.307773797965207,-0.6163234576709811,-2.966822300355563,-3.395273289226911,-3.27240569106127,-3.242091295312021
2022-11-26 02:35:00,1.98,27,-2.4,-23.5,14.17711111111111,29.88083333333333,0.0,-2.4,-23.5,-23.3,11.31,11.31,2.345,6.827500000000001,1.225,-3.058020259587905,-1.153383681812329,-2.572314685732838,-3.010770208390507,-0.6529746540400213,3.807108596042066,-2.891916734303751,-3.248482227457379,-3.164771913013457
2022-11-26 10:30:00,1.4,322,-6.5,-23.5,14.15891666666667,30.24916666666667,0.0,-6.5,-23.5,-27.6,12.07,12.07,2.68,7.375,1.225,0.505709817101487,-1.839455284945013,-1.102771627540304,0.4408657132817486,-1.777464513785522,-1.531036314337249,-1.401115895990453,0.845417727198982,1.175263922781512
2022-11-26 18:25:00,1.19,325,-8.6,-24.6,14.16166666666667,30.21527777777778,0.0,-8.6,-24.6,-29.9,12.06,12.06,2.64,7.350000000000001,1.225,0.2557767572809518,-1.300888053292619,-0.8209208650272812,0.23524415891989,-1.205507201642789,-0.6785794721597561,-1.049587785512748,0.5673316611984874,0.7630216342866434
2022-11-27 02:20:00,1.81,328,-12.5,-26.0,14.16002777777778,30.2,0.0,-12.5,-26.0,-33.6,12.04,12.04,2.885,7.462499999999999,1.225,0.338178312496495,-2.944510058364773,-1.955085674486437,0.3515609491585445,-2.606805545137119,-0.580645884713979,-2.514435867688991,1.211907179146528,1.566020413730483
2022-11-27 10:15:00,2.25,336,-10.8,-25.6,14.16655555555556,30.34111111111111,0.0,-10.8,-25.6,-32.7,12.06,12.06,2.935,7.4975,1.225,-1.139244487649303,-4.453532607544814,-2.981473145908548,-0.6452632389542653,-3.554670694229932,0.5891884474107721,-4.191434636310992,0.3086471030554874,0.9195063586212155
2022-11-27 18:10:00,1.52,306,-12.1,-25.9,14.17152777777778,30.10111111111111,0.0,-12.1,-25.9,-34.2,12.89,12.89,2.94,7.915000000000001,1.225,1.786327195434333,-2.03066135391036,-1.401490018224272,1.623431890009906,-2.005914734315154,-2.158726829820805,-0.980498206285634,1.614562440481738,2.675135188944868
2022-11-28 02:05:00,0.81,267,-8.5,-26.5,14.15758333333333,30.22833333333333,0.0,-8.5,-26.5,-29.1,12.06,12.06,2.74,7.4,1.225,0.6876088985085315,-0.4827915826890993,-0.5870526905872898,0.6562216758900487,-0.4788825359625716,-0.5171457295414024,0.231649320645903,0.5857229644350723,0.9357665257775404
2022-11-28 10:00:00,0.43,61,-4.9,-24.7,14.17075,30.21583333333333,0.0,-4.9,-24.7,-26.9,12.07,12.07,2.855,7.4625,1.225,-0.1023198938920054,0.08087301936486513,-0.1279807746060059,-0.1031978666515069,0.1041371842917205,0.1736127795374571,-0.1171961002390724,-0.09335789924390082,-0.09479725881957794
2022-11-28 17:55:00,0.84,118,-2.5,-20.9,14.16397222222222,30.08472222222222,0.0,-2.5,-20.9,-22.7,11.28,11.28,2.51,6.895,1.225,-0.4166363618012609,0.3718428891534534,-0.4549448110968089,-0.4117327142938812,0.336863998969953,-0.1603063491571032,-0.3935556210635451,-0.4203069513350082,-0.4248408113759221
2022-11-29 01:50:00,2.12,102,0.7,-16.7,14.17813888888889,30.01138888888889,0.0,0.7,-16.7,-18.3,11.05,11.05,2.445,6.7475,1.225,-2.944212751621169,3.336956049064341,-3.397588419345334,-2.950270577395705,3.85365468934978,3.444173020504902,-2.937306158179883,-3.127243897977376,-2.915591952988499
2022-11-29 09:45:00,1.86,114,-0.8,-18.9,14.1615,30.23194444444444,0.0,-0.8,-18.9,-20.3,11.06,11.06,2.53,6.795,1.225,-2.052321064866626,1.921785610923292,-2.213906173542487,-2.017275118882941,1.913570160102223,-0.2122570385181435,-1.852899284127081,-2.147471672945721,-2.09979643435077
2022-11-29 17:40:00,2.09,83,-0.7,-19.4,14.16769444444444,30.13777777777778,0.0,-0.7,-19.4,-21.2,11.14,11.14,2.545,6.8425,1.225,-2.248386326737378,3.040335238159002,-3.373384599724871,-2.297511510815192,3.510899794772245,4.155291901490066,-2.423209957546749,-2.28921924547598,-2.307609111340408
2022-11-30 01:35:00,1.25,73,-2.8,-21.0,14.17302777777778,30.33055555555556,0.0,-2.8,-21.0,-23.8,11.17,11.17,2.49,6.83,1.225,-0.8425414243963841,0.9415148646271079,-1.135185902663535,-0.858204029471565,1.178285498307924,1.911367214071111,-0.9793355920872979,-0.7993556360283476,-0.811978916572587
2022-11-30 09:30:00,3.05,90,-2.8,-22.4,14.16388888888889,30.24138888888889,0.0,-2.8,-22.4,-25.1,12.05,12.05,2.69,7.37,1.225,-4.412584817146243,5.007897544049446,-7.081942088805905,-4.50569442876994,5.984771806415359,5.453042353438721,-4.820125512113473,-4.497236443001194,-4.62496868264978
2022-11-30 17:25:00,1.14,60,-4.9,-25.1,14.16694444444444,30.25888888888889,0.0,-4.9,-25.1,-28.1,12.15,12.15,2.735,7.4425,1.225,-0.7207709149120664,0.5545434205652036,-0.8976958298536949,-0.7262885361278381,0.7117075474114553,1.172060670703811,-0.8212649779362318,-0.6570676790773987,-0.6666500017298974
2022-12-01 01:20:00,1.16,38,0.1,-25.0,14.16202777777778,30.48166666666667,0.0,0.1,-25.0,-24.6,13.05,13.05,2.495,7.772500000000001,1.225,-0.8215956846885674,-0.05535460134392708,-0.8254424206751075,-0.8175001741435955,0.1049157125601301,1.426183672930444,-0.8868587099324385,-0.8346373338460922,-0.8414174402996533
2022-12-01 09:15:00,1.28,91,-3.8,-27.0,14.16866666666667,30.56277777777778,0.0,-3.8,-27.0,-30.0,13.05,13.05,2.395,7.7225,1.225,-0.8091987051666828,0.921950204765653,-1.251381434339972,-0.824778957150616,1.098505563291686,1.017037617773791,-0.8768664518420448,-0.8289173553299075,-0.8409120538090757
2022-12-01 17:10:00,0.9,69,-2.0,-22.0,14.02038888888889,30.195,0.0,-2.0,-22.0,-24.9,12.08,12.08,2.445,7.2625,1.225,-0.4402659168258601,0.4235212130808271,-0.5698161112913162,-0.447369815742837,0.5571070174818985,1.000912125252821,-0.5257074660620301,-0.404557751672934,-0.4135280804200605
2022-12-02 01:05:00,1.05,62,-1.5,-23.5,14.17097222222222,30.23277777777778,0.0,-1.5,-23.5,-26.3,13.05,13.05,2.455,7.7525,1.225,-0.6087447673113437,0.4940000509429662,-0.7646680179732493,-0.6145341055112342,0.6381054173587914,1.076092228623858,-0.7008960313136624,-0.555911581952424,-0.5649474223915542
2022-12-02 09:00:00,0.64,74,-4.7,-26.9,14.1625,30.3225,0.0,-4.7,-26.9,-29.8,13.05,13.05,2.395,7.7225,1.225,-0.2204464551765365,0.2562358793048397,-0.3005351129363772,-0.224654861484975,0.3158087196847695,0.4942934990205695,-0.2534303386599381,-0.2112960429024177,-0.2141400151011282
2022-12-02 16:55:00,1.62,100,-1.5,-20.3,14.15694444444444,30.23388888888889,0.0,-1.5,-20.3,-23.6,13.05,13.05,2.445,7.7475,1.225,-1.757983669431546,2.052510306612562,-2.063239336116431,-1.771138346398427,2.400243992576929,2.445377693212258,-1.807120099800689,-1.858902811458738,-1.726714945398775
2022-12-03 00:50:00,1.18,84,-1.1,-21.7,14.16536111111111,30.52722222222222,0.0,-1.1,-21.7,-24.0,13.04,13.04,2.395,7.717499999999999,1.225,-0.7086751134972692,0.937786959894581,-1.073134311073502,-0.72408842437996,1.087246599431294,1.251942433206128,-0.7651561596867449,-0.7216418920419598,-0.7293977957083846
2022-12-03 08:45:00,2.38,130,1.2,-19.6,14.16830555555556,30.44111111111111,0.0,1.2,-19.6,-21.1,13.03,13.03,2.235,7.6325,1.225,-3.394287380460757,1.134780971040439,-2.971717127575,-3.392563600522171,0.62667107574284,-3.365849507145994,-3.491599231530263,-3.389702273741226,-3.445647626832502
2022-12-03 16:40:00,3.76,122,1.3,-19.4,14.16391666666667,30.35472222222222,0.0,1.3,-19.4,-20.9,12.79,12.79,2.24,7.515,1.225,-8.357040373058528,6.365532882886305,-8.803049029900409,-8.295564753807724,5.284310410584339,-5.187521553736574,-8.176646810227838,-8.287472990270697,-8.502339117205326
2022-12-04 00:35:00,2.6,131,0.4,-20.5,14.17258333333333,30.3975,0.0,0.4,-20.5,-23.7,12.93,12.93,2.28,7.605,1.225,-4.075270688169532,1.270549903474623,-3.569756334404083,-4.073979406718555,0.6734497369701141,-4.080842600530859,-4.181038074560647,-4.085091637533385,-4.131652719579925
2022-12-04 08:30:00,3.8,150,-0.9,-25.2,14.16652777777778,30.80861111111111,0.0,-0.9,-25.2,-27.3,13.06,13.06,2.295,7.6775,1.225,-11.14296288942474,-1.63906251519234,-8.125991103645509,-11.15609944267519,-2.604165136333649,-11.27260641192071,-11.1127623692678,-11.51298608286435,-11.2800800186634
2022-12-04 16:25:00,3.2,135,0.1,-23.0,14.16827777777778,30.43972222222222,0.0,0.1,-23.0,-25.8,13.07,13.07,2.345,7.7075,1.225,-6.321429855944177,1.417353696202827,-5.548341567724854,-6.324114609019342,0.569145795425284,-6.569269217090813,-6.418833859208327,-6.428968870167609,-6.377072857577726
2022-12-05 00:20:00,1.84,158,-0.3,-24.5,14.17261111111111,30.45694444444445,0.0,-0.3,-24.5,-26.6,14.01,14.01,2.34,8.175,1.225,-2.676729656673442,-0.541314100225692,-2.100824819710982,-2.661423650766844,-0.5153295267730041,-2.501412816803187,-2.695137391092686,-2.724394598207783,-2.646485285450804
2022-12-05 08:15:00,2.44,136,-3.6,-29.8,14.16975,30.43138888888889,0.0,-3.6,-29.8,-31.8,14.16,14.16,2.18,8.17,1.225,-3.696865561748662,0.7503263516237549,-3.246320502637233,-3.699101038161447,0.2653526638528403,-3.875757943890628,-3.744367081807924,-3.772858028260251,-3.724890492341879
2022-12-05 16:10:00,2.37,139,-1.6,-26.1,14.17683333333333,30.64888888888889,0.0,-1.6,-26.1,-29.6,14.05,14.05,2.18,8.115,1.225,-3.548777501669472,0.4992060577111151,-3.120693464130628,-3.552795740941951,0.06481085910411818,-3.816040151270906,-3.567752267857901,-3.658593011166869,-3.562972736735163
2022-12-06 00:05:00,1.73,127,0.9,-25.2,14.15908333333333,30.56333333333333,0.0,0.9,-25.2,-29.0,15.0,15.0,2.24,8.620000000000001,1.225,-1.784338038774085,0.8800789501196253,-1.680199248910587,-1.778888445650889,0.6264504388328848,-1.523329301423116,-1.802152612625382,-1.777301167368542,-1.812833591379812
2022-12-06 08:00:00,2.21,148,0.1,-26.9,14.16569444444444,30.50972222222222,0.0,0.1,-26.9,-31.7,15.05,15.05,2.0,8.525,1.225,-3.635837357573378,-0.3687912051744981,-2.744861274802361,-3.640201416618355,-0.7041381206665486,-3.72310539626962,-3.629467390208482,-3.757268463347851,-3.674698342228967
2022-12-06 15:55:00,1.84,145,-0.5,-25.0,14.17094444444444,33.35861111111111,0.0,-0.5,-25.0,-26.9,15.05,15.05,2.18,8.615,1.225,-2.381932135425717,-0.0626626998407302,-1.898935145348784,-2.38487492878406,-0.3043922277314378,-2.487570752191932,-2.38151438489108,-2.462235264555352,-2.401054376737653
2022-12-06 23:50:00,2.27,169,3.3,-19.9,14.16872222222222,33.28361111111111,0.0,3.3,-19.9,-27.8,15.2,15.2,2.41,8.805,1.225,-4.576618261468028,-1.692738504397006,-3.186602317892211,-4.558979089518902,-0.8841062326003665,-3.723277944739066,-4.818196394170076,-4.050115776783173,-4.323902541085817
2022-12-07 07:45:00,3.98,142,1.7,-21.1,14.16841666666667,33.36166666666666,0.0,1.7,-21.1,-21.9,14.47,14.47,2.065,8.2675,1.225,-10.49700244934054,0.6097181963364529,-8.867017232295009,-10.51038590728452,-0.5646524742926948,-11.20248447443314,-10.51375279510397,-10.85460762387257,-10.54990286549277
2022-12-07 15:40:00,1.76,156,3.5,-16.5,14.16730555555556,33.28888888888889,0.0,3.5,-16.5,-25.5,14.26,14.26,2.28,8.27,1.225,-2.434356729383973,-0.4593509105743173,-1.877374009278498,-2.424558240047499,-0.4932775904506369,-2.321006875271072,-2.445368505778804,-2.486908333401928,-2.420956458732412
2022-12-07 23:35:00,2.38,153,5.0,-12.7,14.17127777777778,33.30694444444445,0.0,5.0,-12.7,-25.2,13.99,13.99,2.345,8.1675,1.225,-4.41131611184016,-0.741472805320182,-3.310319269522359,-4.404933697094409,-0.9617837842527667,-4.333105714028336,-4.415461006461239,-4.531939905268554,-4.425957534931088
2022-12-08 07:30:00,2.76,210,-1.9,-22.7,14.17475,33.33472222222223,0.0,-1.9,-22.7,-23.0,12.59,12.59,2.12,7.355,1.225,0.4890219855602991,-6.264234702626235,-4.935044060998492,0.6635617609942502,-5.796857714375159,-6.411333072480627,4.19211235024231,-2.268774813722051,-1.058432514919587
2022-12-08 15:25:00,2.41,161,-0.7,-13.0,14.16658333333333,30.5425,0.0,-0.7,-13.0,-22.3,12.06,12.06,2.34,7.2,1.225,-4.679416055655913,-1.097316024517618,-3.677239275011491,-4.646857292647578,-0.8602496416329994,-4.226777274701631,-4.747458298472268,-4.671259917696395,-4.577860090612698
2022-12-08 23:20:00,2.84,159,0.8,-15.3,14.16997222222222,30.56194444444445,0.0,0.8,-15.3,-21.5,12.01,12.01,2.345,7.1775,1.225,-6.395944352086261,-1.336345210382839,-5.063097511111666,-6.35400529063818,-1.199320133379018,-5.917023218703287,-6.447387810304334,-6.497856915393609,-6.305312425013291
2022-12-09 07:15:00,1.91,132,0.0,-16.8,14.16411111111111,30.55805555555555,0.0,0.0,-16.8,-21.5,11.94,11.94,2.48,7.21,1.225,-2.212462490985732,0.64048501904467,-1.9390031105151,-2.212178968879408,0.3232662311638446,-2.236791491844009,-2.263946574858784,-2.226015425393337,-2.240238666960447
2022-12-09 15:10:00,0.77,189,-3.6,-20.4,14.17022222222222,30.54611111111111,0.0,-3.6,-20.4,-24.8,11.44,11.44,2.525,6.9825,1.225,-0.372584138861292,-0.4086560706471122,-0.369965560604139,-0.2519488234186942,-0.2723836395430554,-0.4593636382056903,0.01320329860264472,-0.2863277772556359,-0.2969442073054959
2022-12-09 23:05:00,1.44,188,0.2,-14.2,14.168,30.56194444444445,0.0,0.2,-14.2,-21.9,11.04,11.04,2.445,6.7425,1.225,-1.38469026753123,-1.397215810601587,-1.294853631847288,-0.9975056454216812,-0.9092856922059291,-1.602508744720816,-0.1817945078613265,-1.028021950017544,-1.070282778636064
2022-12-10 07:00:00,5.48,122,8.3,-9.0,14.16755555555556,30.57944444444444,0.0,8.3,-9.0,-9.2,10.36,10.36,2.39,6.375,1.225,-17.75161733385418,13.5213543095171,-18.69900715733373,-17.62103382347411,11.22467429790148,-11.01908013151673,-17.36843413096043,-17.60384569424975,-18.06025383553948
2022-12-10 14:55:00,1.08,136,0.6,-13.7,14.17002777777778,30.54583333333333,0.0,0.6,-13.7,-17.2,11.03,11.03,2.46,6.744999999999999,1.225,-0.724271699681477,0.1470002446475995,-0.6360031299173727,-0.7247096632141081,0.05198658746270376,-0.7593194144306019,-0.7335779636221386,-0.7391597695785338,-0.7297622061051414
2022-12-10 22:50:00,1.06,285,-3.6,-16.5,14.17522222222222,30.52861111111111,0.0,-3.6,-16.5,-20.4,10.06,10.06,2.555,6.3075,1.225,1.107792424441858,-0.8009458675611919,-0.8220712642202848,0.9968629974771839,-0.7894948414345233,-0.8079460091668901,0.327838195057685,0.7268443423263383,1.23686362989109
2022-12-11 06:45:00,1.86,64,3.0,-11.7,14.15583333333333,30.59361111111111,0.0,3.0,-11.7,-14.7,10.09,10.09,2.945,6.5175,1.225,-1.9017043519837,1.624081757274252,-2.409282999393665,-1.923349583133945,2.110096531093411,3.633383036467963,-2.212517955755454,-1.739708783714724,-1.770908360001185
2022-12-11 14:40:00,4.16,123,8.8,-1.9,14.17347222222222,30.49333333333333,0.0,8.8,-1.9,-3.4,10.16,10.16,2.98,6.57,1.225,-10.24725709221691,7.251315630200493,-10.56358785415228,-10.18075392232913,5.899203472074457,-6.841611179282173,-10.09120524431661,-10.17099433048269,-10.42249680364246
2022-12-11 22:35:00,2.79,237,-35.6,-52.9,14.16663888888889,30.55861111111111,0.0,-35.6,-52.9,-32.6,9.77,9.77,3.27,6.52,1.225,5.990513894877922,-5.671236783589157,-4.977510832110275,5.459488852102661,-5.652924521693516,-5.667258452359012,7.97630827745525,0.4834347037483608,4.000308666653121
2022-12-12 06:30:00,2.19,239,-11.1,-27.8,14.16555555555555,30.51916666666667,0.0,-11.1,-27.8,-26.8,10.04,10.04,2.985,6.512499999999999,1.225,3.746957422784629,-3.419102956463406,-3.101777068531308,3.321026310977492,-3.416079257188295,-3.404396941647735,4.3808746479554,0.3146662862145355,2.574047697708856
2022-12-12 14:25:00,2.18,235,-14.2,-41.3,14.16580555555556,30.56444444444444,0.0,-14.2,-41.3,-29.5,10.4,10.4,3.065,6.7325,1.225,3.601919237576899,-3.536932105394936,-3.004290382450586,3.375559635167729,-3.517568008539805,-3.546646371360092,5.398538524225675,0.2785002963263876,2.333995505968091
2022-12-12 22:20:00,1.23,217,-5.8,-25.6,14.16302777777778,30.55694444444444,0.0,-5.8,-25.6,-25.0,10.49,10.49,2.99,6.74,1.225,0.4293311276159209,-1.101755325701971,-0.9111084216230858,0.456242790210214,-1.051257712332535,-1.133453506056342,1.174724171350761,-0.2310781626158511,0.1515795164854922
2022-12-13 06:15:00,1.43,177,-4.4,-22.4,14.16336111111111,30.57555555555556,0.0,-4.4,-22.4,-25.8,11.04,11.04,2.985,7.012499999999999,1.225,-1.957800066366957,-0.9999568268054433,-1.277298469901023,-1.880350284204461,-0.4953731789237877,-1.526663482448328,-1.96711090503972,-1.337460359095578,-1.432872616640056
2022-12-13 14:10:00,1.43,280,-5.7,-23.3,14.172,30.53833333333333,0.0,-5.7,-23.3,-25.3,11.05,11.05,2.965,7.0075,1.225,2.053761442802336,-1.426942575845052,-1.588602923643311,1.899280319603547,-1.399721043990153,-1.471919912417782,0.669707266502183,1.579457080133136,2.452789014079465
2022-12-13 22:05:00,3.2,318,-25.0,-33.2,14.16325,30.57305555555556,0.0,-25.0,-33.2,-39.7,11.88,11.88,2.995,7.4375,1.225,4.054395597019653,-9.6999464420177,-5.708232151020677,3.518972960137225,-9.610032264017963,-10.07151933000411,-6.758353959405563,5.013639803395928,7.505541079086542
2022-12-14 06:00:00,3.17,285,-26.3,-36.2,14.16394444444444,30.53055555555556,0.0,-26.3,-36.2,-36.2,12.11,12.11,2.72,7.415,1.225,9.907525181535942,-7.163247533406603,-7.352182206321838,8.915429490342179,-7.060835450419527,-7.225853196437487,2.932016054036285,6.500521637240245,11.06187160058079
2022-12-14 13:55:00,2.71,237,-11.3,-30.7,14.17530555555556,30.57222222222222,0.0,-11.3,-30.7,-31.7,12.02,12.02,2.785,7.4025,1.225,5.651897212956275,-5.350667394092716,-4.696154636001729,5.150888616375322,-5.333390241616801,-5.346913939950644,7.525443612037241,0.4561083243789694,3.774189293401572
2022-12-14 21:50:00,1.71,159,0.8,-19.5,14.16813888888889,30.59027777777778,0.0,0.8,-19.5,-26.7,12.81,12.81,2.765,7.787500000000001,1.225,-2.318783584598224,-0.4844781578159665,-1.83557372448939,-2.303579010904968,-0.4348011309776814,-2.145155672710063,-2.337433879204387,-2.355730932144224,-2.285925915242681
2022-12-15 05:45:00,6.38,139,12.5,-7.6,14.16130555555555,30.57555555555556,0.0,12.5,-7.6,-11.4,12.35,12.35,2.45,7.399999999999999,1.225,-25.71718544730276,3.617633045896547,-22.61495754621922,-25.74630471569683,0.4696695923583593,-27.65397723537743,-25.85469127308572,-26.51299353090508,-25.82005509536626
2022-12-15 13:40:00,2.1,193,1.8,-7.0,14.16558333333333,30.56861111111111,0.0,1.8,-7.0,-24.3,12.41,12.41,2.35,7.38,1.225,-2.227843660956788,-3.211317444292388,-2.738804668222573,-1.403321909005369,-2.376495823968424,-3.410476337605678,0.8136427688605321,-1.986824697278841,-1.929608335339222
2022-12-15 21:35:00,2.76,278,-14.5,-29.0,14.17341666666667,30.54805555555556,0.0,-14.5,-29.0,-25.7,11.04,11.04,2.35,6.694999999999999,1.225,7.79587132060729,-5.422455349246143,-6.076434071438094,7.224086115475556,-5.336800994875375,-5.685790101150999,2.207998017124973,6.217716970517284,9.71361314999354
2022-12-16 05:30:00,0.93,28,-1.9,-22.5,14.16691666666667,30.5625,0.0,-1.9,-22.5,-21.5,11.41,11.41,2.56,6.985,1.225,-0.6678723595461838,-0.2453300004761937,-0.5568534251813588,-0.6566370714997795,-0.1373024092094484,0.8256535017196789,-0.6310814779043769,-0.7060549411136492,-0.692993598262219
2022-12-16 13:25:00,3.81,82,5.6,-12.9,14.16227777777778,30.55388888888889,0.0,5.6,-12.9,-13.3,11.11,11.11,2.295,6.7025,1.225,-7.555599833282745,10.43067468693692,-11.23323033711766,-7.721418714397966,12.00008927266486,14.56599274553785,-8.128721728284408,-7.69181056729547,-7.733180091174352
2022-12-16 21:20:00,2.94,140,0.6,-14.7,14.16594444444445,30.55027777777778,0.0,0.6,-14.7,-17.2,11.04,11.04,2.48,6.76,1.225,-5.492339523836601,0.6611601494407645,-4.832031195136222,-5.499502337049321,0.004564006602376018,-5.954137524887445,-5.508284095871494,-5.680883874446128,-5.507902965155073
2022-12-17 05:15:00,1.44,137,1.3,-13.0,14.16638888888889,30.55194444444444,0.0,1.3,-13.0,-18.1,10.99,10.99,2.565,6.7775,1.225,-1.295098719705444,0.2356534130437255,-1.137805294464153,-1.2961122608793,0.06958917629377107,-1.369525345959027,-1.308463347500139,-1.326257428959178,-1.303352812492124
2022-12-17 13:10:00,2.52,61,1.1,-12.4,14.16505555555555,30.52361111111111,0.0,1.1,-12.4,-16.6,10.32,10.32,2.835,6.577500000000001,1.225,-3.514182012827425,2.777588005271171,-4.395506279383342,-3.544336032361976,3.576596944976432,5.962739833286467,-4.025106084143892,-3.206381846178842,-3.255816724758506
2022-12-17 21:05:00,3.73,320,-35.3,-30.8,14.171,30.55583333333333,0.0,-35.3,-30.8,-56.1,11.98,11.98,3.325,7.6525,1.225,4.307596013780969,-13.2413948960044,-7.669634805129989,3.674930839712216,-13.13273274151988,-13.66862186255034,-9.701517612296211,6.28593427578576,8.906501466261416
2022-12-18 05:00:00,2.12,281,-36.3,-38.0,14.17277777777778,30.54166666666667,0.0,-36.3,-38.0,-46.4,11.06,11.06,2.99,7.025,1.225,4.497334894526668,-3.149730516877652,-3.450876036276222,4.13696928435318,-3.092706444856492,-3.234413672459621,1.439807780777886,3.358613485871581,5.30219663813117
2022-12-18 12:55:00,1.5,327,-29.0,-37.9,14.16805555555556,30.60722222222222,0.0,-29.0,-37.9,-51.6,12.29,12.29,3.005,7.647499999999999,1.225,0.2903042338251769,-2.037158770417456,-1.329937499121179,0.2855570787236018,-1.832020930262976,-0.6252470976174649,-1.707149808200799,0.8553578614804264,1.121134702535449
2022-12-18 20:50:00,2.55,319,-33.3,-43.3,14.17525,30.56194444444445,0.0,-33.3,-43.3,-55.9,13.16,13.16,2.99,8.075,1.225,2.29391529665001,-6.174109014185832,-3.604677887141762,1.976070998903116,-6.120167999008782,-6.391922182900299,-4.412919261917081,3.060789978273973,4.464370674796709
2022-12-19 04:45:00,1.71,285,-21.7,-39.8,14.17233333333333,30.55444444444445,0.0,-21.7,-39.8,-44.6,13.58,13.58,2.775,8.1775,1.225,2.882961755349267,-2.084412434439018,-2.139389981938888,2.594274733822564,-2.054611842149065,-2.102629873090871,0.8531787701745964,1.891567765571774,3.218861641299873
2022-12-19 12:40:00,1.54,265,-9.2,-32.7,14.16472222222222,30.56277777777778,0.0,-9.2,-32.7,-34.0,14.03,14.03,2.465,8.2475,1.225,2.403825772222234,-1.694407271867218,-2.143813465871862,2.330352493963853,-1.675558881388564,-1.767193449748486,1.175374791882684,1.960897714665619,3.142742776575469
2022-12-19 20:35:00,2.63,217,-19.8,-50.7,14.16238888888889,30.46611111111111,0.0,-19.8,-50.7,-40.2,14.03,14.03,2.595,8.3125,1.225,1.962879553576947,-5.037167963743782,-4.165540248215165,2.085918273253374,-4.806295505607054,-5.182090393311597,5.370777725438614,-1.056477323681394,0.6930136542920886
2022-12-20 04:30:00,3.07,202,-4.0,-38.8,14.16191666666667,30.55666666666667,0.0,-4.0,-38.8,-30.2,14.03,14.03,2.315,8.1725,1.225,-2.212499213307444,-7.454063480342819,-5.859906810814897,-1.34449466930914,-6.528137721413569,-7.3579725087001,3.348406798430742,-3.614203390233455,-2.717133260958211
2022-12-20 12:25:00,1.52,212,-5.1,-34.4,14.17561111111111,30.51027777777778,0.0,-5.1,-34.4,-25.1,13.36,13.36,2.16,7.76,1.225,0.2932696826346013,-1.837813160606839,-1.466671972981802,0.3428243814106596,-1.714526756017362,-1.883511393041498,1.420744211186075,-0.5923349148919105,-0.1631622982348285
2022-12-20 20:20:00,2.79,244,-9.7,-34.2,14.16494444444445,30.53611111111111,0.0,-9.7,-34.2,-26.2,13.13,13.13,2.28,7.705,1.225,7.314344521340643,-5.486790850517692,-5.288655059118264,6.665312514403538,-5.497886587403155,-5.453148884420134,7.507406162653892,2.039073551871408,6.003527534812254
2022-12-21 04:15:00,2.83,259,-9.5,-27.6,14.16941666666667,30.50694444444444,0.0,-9.5,-27.6,-21.7,12.08,12.08,2.44,7.26,1.225,7.621252421091826,-5.328615169204466,-7.26036084023526,7.653848484708,-5.238054724471225,-5.155898308734366,7.041346214937036,5.215638752225639,8.615730535726087
2022-12-21 12:10:00,2.09,222,-1.5,-21.0,14.16563888888889,30.56805555555556,0.0,-1.5,-21.0,-17.7,11.09,11.09,2.44,6.765,1.225,1.957168740563908,-3.088318375130001,-2.572507875031506,2.015009794673274,-3.006257907332999,-3.171359352901422,4.287471613172624,-0.2728986367678836,1.087537345025138
2022-12-21 20:05:00,1.76,189,-0.7,-20.7,14.16725,30.54361111111111,0.0,-0.7,-20.7,-17.9,11.05,11.05,2.65,6.850000000000001,1.225,-1.946562031601852,-2.135019471135933,-1.932881296217543,-1.316304057044606,-1.423065545367799,-2.399940640421566,0.06898049882198058,-1.495916550560056,-1.551381981024631
2022-12-22 04:00:00,1.19,204,-1.8,-20.0,14.16133333333333,30.50305555555556,0.0,-1.8,-20.0,-17.0,11.05,11.05,2.7,6.875,1.225,-0.2265954432930007,-1.13111285717585,-0.8896965957245364,-0.1206699068864356,-1.00505078773954,-1.127120878290548,0.5721527217669795,-0.5127184961559133,-0.355379091524642
2022-12-22 11:55:00,1.97,213,6.1,-10.4,14.16333333333333,5.871944444444445,0.0,6.1,-10.4,-7.5,8.06,8.06,1.45,4.755,1.225,0.6143609161673753,-3.034902740329611,-2.438352780256745,0.6947594075834866,-2.84332287567331,-3.112574585514093,2.511880699992989,-0.9145334202376284,-0.1414912788700377
2022-12-22 19:50:00,1.2,199,6.5,-7.9,14.16158333333333,5.708055555555555,0.0,6.5,-7.9,-6.6,8.04,8.04,1.495,4.7675,1.225,-0.4859182495127097,-1.116280339345194,-0.8871177599825111,-0.3124343605553103,-0.9446964418764545,-1.103881831611394,0.4162759197615136,-0.5924225111507133,-0.4919312282256338
2022-12-23 03:45:00,0.98,203,6.8,-7.3,14.16105555555556,5.696111111111111,0.0,6.8,-7.3,-6.6,8.0,8.0,1.495,4.7475,1.225,-0.1895657438847106,-0.763346359327996,-0.6002595117249188,-0.1094214024496983,-0.6734226184084391,-0.7570968291886235,0.3646189901493211,-0.3580071979625375,-0.2589475003045364
2022-12-23 11:40:00,2.5,201,5.3,-11.9,14.16372222222222,5.791388888888889,0.0,5.3,-11.9,-7.3,7.98,7.98,1.49,4.735,1.225,-1.700742260676507,-4.918497715512657,-3.865530256403721,-1.071086127077009,-4.275663627535729,-4.831724855682999,2.068072071118486,-2.463618779003242,-1.918509275402239
2022-12-23 19:35:00,1.2,189,2.1,-9.8,14.16069444444445,5.266111111111111,0.0,2.1,-9.8,-6.8,7.06,7.06,1.54,4.3,1.225,-0.9049100353521004,-0.9925193822429439,-0.8985501893573286,-0.611918208336852,-0.6615490655118902,-1.115674884493496,0.03206738065071411,-0.6954157518099435,-0.7212003010961613
2022-12-24 03:30:00,3.1,188,6.9,-6.9,14.1685,6.032777777777778,0.0,6.9,-6.9,-6.0,7.07,7.07,1.49,4.28,1.225,-6.417280801974885,-6.475329832118659,-6.000937211637944,-4.6228921935293,-4.214041040749894,-7.426750114181638,-0.8425179497238368,-4.764318547293887,-4.960174335789245
2022-12-24 11:25:00,0.8,239,4.5,-3.6,14.16141666666667,4.351666666666667,0.0,4.5,-3.6,-5.8,7.04,7.04,1.59,4.315,1.225,0.5000005735039226,-0.4562510982124184,-0.4139065748962777,0.4431635785378943,-0.4558476104752838,-0.4542887017899023,0.5845916004027139,0.04198962139598898,0.343485441615827
2022-12-24 19:20:00,0.8,36,6.2,-2.8,14.03477777777778,4.242222222222222,0.0,6.2,-2.8,-5.8,7.04,7.04,1.59,4.315,1.225,-0.4141233928224904,-0.06175444901259923,-0.3935279771395386,-0.4102838716378375,0.01452421662282757,0.656212074736005,-0.4305438793808198,-0.424419728861565,-0.4264223632118393
2022-12-25 03:15:00,2.3,23,6.7,-6.4,14.02169444444444,5.147777777777778,0.0,6.7,-6.4,-5.2,6.43,6.43,1.49,3.96,1.225,-4.292062083793743,-1.779542215337666,-3.731229547724337,-4.248151502516456,-1.046325021682112,5.485825658278599,-4.071499716215911,-4.64291673539739,-4.397692387421584
2022-12-25 11:10:00,2.0,60,8.3,-4.5,14.03033333333333,5.258055555555556,0.0,8.3,-4.5,-4.6,7.03,7.03,1.54,4.285,1.225,-2.218439257962654,1.70681262100709,-2.762991166062465,-2.235421779402395,2.190543390001401,3.607450510014809,-2.527746931167226,-2.022368972229605,-2.051862116743298
2022-12-25 19:05:00,0.27,156,4.5,-6.4,14.02847222222222,5.3,0.0,4.5,-6.4,-9.8,7.04,7.04,1.54,4.29,1.225,-0.05729100128231267,-0.01081052472264584,-0.04418277546371466,-0.05706040021289475,-0.01160896705315452,-0.05462338623684828,-0.05755015627300972,-0.05852776908090154,-0.05697563463377871
2022-12-26 03:00:00,0.7,24,5.5,-7.8,14.02377777777778,5.701111111111111,0.0,5.5,-7.8,-9.4,7.06,7.06,1.545,4.3025,1.225,-0.3937259377374901,-0.1596656049201188,-0.3395877586570688,-0.3891990254981667,-0.09309230705200415,0.5000641502978304,-0.3732131102409649,-0.4240513850011085,-0.4043997976090472
2022-12-26 10:55:00,2.1,137,8.4,-4.4,14.03041666666667,6.058055555555556,0.0,8.4,-4.4,-7.5,7.48,7.48,1.54,4.51,1.225,-2.754333214651336,0.5011726232266733,-2.419811607150325,-2.756488749265873,0.1479978141664403,-2.912619008333001,-2.782756251193872,-2.820599566796865,-2.771887491845229
2022-12-26 18:50:00,3.0,155,12.8,-1.2,14.02252777777778,6.807222222222222,0.0,12.8,-1.2,-3.2,7.89,7.89,1.655,4.7725,1.225,-7.051645929833165,-1.282456628154176,-5.389665680517019,-7.029286140382255,-1.464853943202579,-6.790667062414451,-7.075170792766615,-7.217322727622598,-7.033444270486903
2022-12-27 02:45:00,2.3,112,11.7,10.2,14.02222222222222,6.090555555555556,0.0,11.7,10.2,-11.0,8.06,8.06,1.49,4.775,1.225,-3.145444156399087,3.01395776063574,-3.372456238454664,-3.08344388083905,3.126235921663119,0.1140851047241354,-2.774566885473987,-3.349923772226571,-3.223579448692529
2022-12-27 10:40:00,1.77,268,-1.1,-5.1,14.02580555555556,4.99,0.0,-1.1,-5.1,-8.7,7.63,7.63,1.49,4.56,1.225,3.337298872419454,-2.3388576843493,-2.788798887897249,3.161015630175004,-2.32330836316889,-2.536845506212834,0.88286106125109,2.90009114204826,4.626683406802787
2022-12-27 18:35:00,4.6,315,-63.3,-37.2,14.03038888888889,30.51722222222222,0.0,-63.3,-37.2,-70.2,10.69,10.69,3.685,7.1875,1.225,11.11799703124569,-19.90200366670113,-11.99180229396324,9.795317177306709,-19.68540050596397,-20.84690674168666,-12.7813405150701,11.56021324030096,18.45501982556248
2022-12-28 02:30:00,2.31,299,-33.3,-28.3,14.03208333333333,30.54916666666667,0.0,-33.3,-28.3,-33.4,9.4,9.4,3.025,6.2125,1.225,4.459424090210922,-4.246059817205815,-3.455393529945421,4.120882344454646,-4.204907311431271,-4.484316212247768,-1.279229853312819,4.052001152642442,6.482217150695284
2022-12-28 10:25:00,2.7,281,-25.9,-22.0,14.03041666666667,30.51388888888889,0.0,-25.9,-22.0,-33.1,9.98,9.98,3.125,6.5525,1.225,7.294760453252807,-5.108921205953649,-5.597384813201686,6.710240762489916,-5.016427105509929,-5.24627885195591,2.335394874036754,5.447733248487857,8.600261100920306
2022-12-28 18:20:00,1.45,239,-14.5,-30.7,14.02983333333333,30.575,0.0,-14.5,-30.7,-23.9,10.03,10.03,3.255,6.6425,1.225,1.642580009049995,-1.49885614686189,-1.3597477714366,1.455861599806129,-1.497530626600444,-1.492409367989484,1.920474749760478,0.1379424671641669,1.128403345308244
2022-12-29 02:15:00,0.98,200,-8.4,-31.1,14.02602777777778,30.56694444444445,0.0,-8.4,-31.1,-22.2,9.14,9.14,3.035,6.0875,1.225,-0.2972314161745366,-0.7520208697708068,-0.5908595061175727,-0.1921703667218932,-0.648812054288256,-0.7351448377411972,0.2943728450298658,-0.3888506751038625,-0.3127349637908463
2022-12-29 10:10:00,2.2,226,-10.8,-31.3,13.89377777777778,30.56333333333333,0.0,-10.8,-31.3,-18.9,10.11,10.11,3.18,6.645,1.225,2.847871798987514,-3.606873971345178,-2.910983145674578,2.889211766255659,-3.541132058182692,-3.673285435437453,5.797526541129651,-0.03056888675092908,1.65315311114821
2022-12-29 18:05:00,1.9,190,-2.3,-23.0,13.88494444444444,30.48527777777778,0.0,-2.3,-23.0,-13.7,9.79,9.79,3.035,6.4125,1.225,-2.12646450123504,-2.543921892858657,-2.250976561410862,-1.33149876951404,-1.733927457296786,-2.804008521730243,0.4772744582025142,-1.697019313683587,-1.752726880575028
2022-12-30 02:00:00,1.3,238,-12.1,-32.9,13.88577777777778,30.54111111111111,0.0,-12.1,-32.9,-18.2,9.76,9.76,3.335,6.547499999999999,1.225,1.31045495316756,-1.218032969300608,-1.086817810376196,1.177767137719224,-1.215512358807518,-1.215010126548048,1.637708693493563,0.1079184914701545,0.8877601003096643
2022-12-30 09:55:00,1.62,243,-14.2,-25.1,13.88827777777778,30.51222222222222,0.0,-14.2,-25.1,-15.0,8.29,8.29,3.1,5.694999999999999,1.225,2.36592312240733,-1.849985387509282,-1.764005933985209,2.136786955343882,-1.852942361003792,-1.838628642816095,2.46113100332126,0.5597986111680033,1.877663553985572
2022-12-30 17:50:00,1.9,225,-12.1,-21.7,13.88811111111111,30.57861111111111,0.0,-12.1,-21.7,-16.8,8.08,8.08,3.325,5.702500000000001,1.225,1.997475544694753,-2.65577058936923,-2.159916268996988,2.032551787564147,-2.602039866707158,-2.710078444080232,4.128982380843213,-0.07348427637314547,1.149473015177462
2022-12-31 01:45:00,2.4,252,-21.0,-24.1,13.88769444444444,30.54611111111111,0.0,-21.0,-24.1,-25.7,7.94,7.94,3.36,5.65,1.225,6.452937915409048,-4.008222293534438,-4.39935436324879,6.190266656659392,-4.008164068095512,-3.961403720971173,6.162896742414769,3.314793569576146,6.331877186708869
2022-12-31 09:40:00,1.2,176,-5.4,-18.6,13.89130555555555,30.54361111111111,0.0,-5.4,-18.6,-20.6,8.93,8.93,3.49,6.21,1.225,-1.366542061085209,-0.6747327629742642,-0.8978047411994159,-1.319145907921244,-0.3349020381067905,-1.069989877876815,-1.382710595049873,-0.9684995192033488,-1.038799517471678
2022-12-31 17:35:00,0.7,217,0.2,-16.9,13.88569444444444,30.52472222222222,0.0,0.2,-16.9,-11.5,8.04,8.04,3.14,5.59,1.225,0.1390523184161552,-0.3568379335012003,-0.2950909687324423,0.147768502348473,-0.3404827014627154,-0.3671043809687406,0.3804711771841317,-0.07484189284273055,0.04909376897210069
2023-01-01 01:30:00,3.8,256,-26.6,-40.1,13.89097222222222,30.54944444444444,0.0,-26.6,-40.1,-20.6,8.14,8.14,3.73,5.935,1.225,14.78510932493792,-9.796431449718417,-12.20690913985856,14.53647722379714,-9.70306606128963,-9.568182213946102,13.8760205599493,8.935010714629877,15.67963438261179
2023-01-01 09:25:00,3.98,243,-17.8,-31.1,13.88413888888889,30.53083333333333,0.0,-17.8,-31.1,-15.4,7.61,7.61,3.805,5.7075,1.225,14.28028068441589,-11.16617456649216,-10.64721825815398,12.89725654908902,-11.18402231948044,-11.09762732573696,14.85493809823582,3.378842371721399,11.33323493390987
2023-01-01 17:20:00,2.99,225,-25.6,-24.9,13.88347222222222,30.50416666666667,0.0,-25.6,-24.9,-16.1,6.77,6.77,4.04,5.404999999999999,1.225,4.946712220810405,-6.576968045988881,-5.348993749711906,5.033577904709761,-6.443904878766944,-6.71146047033842,10.22535052160012,-0.181982487314005,2.846649225204441
2023-01-02 01:15:00,3.1,266,-26.6,-22.2,13.89158333333333,30.49861111111111,0.0,-26.6,-22.2,-16.6,5.9,5.9,3.985,4.9425,1.225,9.90604919382351,-6.968730176220523,-8.642817782787418,9.527321248640114,-6.901914025738309,-7.367794519133443,4.077879955791222,8.262481442232044,13.2205400847475
2023-01-02 09:10:00,1.69,256,-11.3,-12.0,13.89038888888889,30.48138888888889,0.0,-11.3,-12.0,-14.2,6.05,6.05,3.98,5.015,1.225,2.924359469733739,-1.937644588887865,-2.414415041159975,2.875182312942314,-1.919177768535271,-1.89249897654096,2.744550022248698,1.767263441970526,3.101288349042765
2023-01-02 17:05:00,1.62,183,0.6,-4.3,13.88491666666667,30.57722222222222,0.0,0.6,-4.3,-7.7,5.36,5.36,4.2,4.78,1.225,-2.268999021919262,-1.565774691066972,-1.644756166321687,-1.998703821451327,-0.8765223657116756,-2.002463395276711,-1.672716050251581,-1.469565644577617,-1.555522106528842
2023-01-03 01:00:00,2.5,210,-8.0,-19.5,13.88644444444444,30.585,0.0,-8.0,-19.5,-10.9,5.82,5.82,4.425,5.1225,1.225,0.4012270806752613,-5.139606554743487,-4.049047650341392,0.5444314490409138,-4.756138510140302,-5.260296117281549,3.439495666484778,-1.861458016404488,-0.8684104203748452
2023-01-03 08:55:00,2.47,241,-26.8,-26.2,13.88844444444445,30.56694444444445,0.0,-26.8,-26.2,-22.8,5.84,5.84,4.11,4.975,1.225,5.034624204134076,-4.301190812630352,-4.012149236203338,4.4539931258593,-4.304420011416172,-4.274723040260016,5.395979181569481,0.7077579088123376,3.684220190308728
2023-01-03 16:50:00,3.8,297,-30.8,-17.5,13.88708333333333,30.61388888888889,0.0,-30.8,-17.5,-24.4,5.86,5.86,4.38,5.12,1.225,12.49062861769224,-11.27251992248377,-9.475355871084577,11.38689330626733,-11.16321502315557,-11.74339231272047,-1.870817221024726,10.20149541994684,16.85915367414249
2023-01-04 00:45:00,3.46,286,-39.8,-30.2,13.89563888888889,30.55527777777778,0.0,-39.8,-30.2,-39.8,7.28,7.28,4.45,5.865,1.225,11.75911475089264,-8.56981783475318,-8.650635200410887,10.52169142307063,-8.455282373570824,-8.606656180225908,3.407471069035416,7.443808815660578,12.94215887321068
2023-01-04 08:40:00,1.91,299,-22.8,-25.3,13.89630555555556,30.555,0.0,-22.8,-25.3,-35.1,8.06,8.06,4.465,6.2625,1.225,3.048748153801178,-2.902878660285327,-2.362328505199283,2.817299316130694,-2.874744169493154,-3.065766003991883,-0.8745635253969184,2.77020771817524,4.431659149463366
2023-01-04 16:35:00,2.6,322,-24.1,-24.6,13.88494444444444,30.52305555555555,0.0,-24.1,-24.6,-34.8,8.05,8.05,4.115,6.0825,1.225,1.744182838574517,-6.344243737871578,-3.80343683784309,1.520536847849296,-6.130438833260272,-5.280513002510104,-4.832420131069114,2.915828487686285,4.053461284695419
2023-01-05 00:30:00,2.8,180,-5.1,-23.9,13.88252777777778,30.59805555555555,0.0,-5.1,-23.9,-22.2,8.12,8.12,3.65,5.885,1.225,-7.704073397046193,-4.314416017500207,-4.924138947239905,-7.290462915815984,-2.126834395267207,-5.935972038811042,-7.582775694179021,-4.692083053708341,-5.007064769733266
2023-01-05 08:25:00,3.08,235,-13.7,-37.3,13.88402777777778,30.59583333333333,0.0,-13.7,-37.3,-23.2,9.13,9.13,3.705,6.4175,1.225,7.189892823699495,-7.060170171832866,-5.996948969800359,6.738050021684861,-7.021516950637992,-7.079561092767941,10.77617537585524,0.555922315266106,4.658954416256144
2023-01-05 16:20:00,2.8,264,-14.8,-15.8,13.89625,30.51833333333333,0.0,-14.8,-15.8,-16.2,7.63,7.63,3.0,5.315,1.225,7.811541033888427,-5.517485153847437,-7.123016885096806,7.634739935401432,-5.447377438049966,-5.673152663836412,4.444269793631196,6.223941344665306,9.992925172915038
2023-01-06 00:15:00,2.87,22,-6.0,-19.4,13.89622222222222,30.58583333333333,0.0,-6.0,-19.4,-17.1,8.64,8.64,3.74,6.19,1.225,-6.74754871744591,-2.857764573926005,-5.911100537523107,-6.686902419590488,-1.693520802801135,8.677550126754344,-6.405507281310188,-7.330388413894979,-6.89706867476388
2023-01-06 08:10:00,5.35,104,-6.8,-30.2,13.88336111111111,30.49833333333333,0.0,-6.8,-30.2,-19.7,8.66,8.66,3.48,6.07,1.225,-18.32722311811029,20.11738282964175,-20.77264095857488,-18.26091252720812,22.9060648136727,17.19827075404296,-17.70335733487736,-19.55782911191255,-18.30370726607645
2023-01-06 16:05:00,2.17,348,-20.1,-33.3,13.89236111111111,30.54361111111111,0.0,-20.1,-33.3,-43.9,10.16,10.16,3.515,6.8375,1.225,-3.451152685608657,-3.651522000363087,-3.368946226762748,-1.855671264283802,-2.266184148582391,3.214466037705131,-4.131653221162093,-1.262841381651036,-0.01331370511279665
2023-01-07 00:00:00,0.8,35,-13.9,-39.0,13.89119444444444,30.58805555555556,0.0,-13.9,-39.0,-40.6,12.01,12.01,2.995,7.5025,1.225,-0.4257996707584522,-0.07946767795553925,-0.393991746761601,-0.4210143510611331,-0.00316390397423189,0.6451543373286344,-0.4349100616556675,-0.438142712472825,-0.4395342724516108
2023-01-07 07:55:00,1.3,98,-13.8,-39.4,13.88086111111111,30.56361111111111,0.0,-13.8,-39.4,-43.4,12.84,12.84,2.7,7.77,1.225,-1.065980572683562,1.239340779399547,-1.320226999418356,-1.076140481031036,1.453975193594059,1.457906485809047,-1.106101673577811,-1.121046379095324,-1.057588831925019
2023-01-07 15:50:00,2.2,100,-6.4,-31.2,13.89808333333333,30.55944444444444,0.0,-6.4,-31.2,-33.4,13.02,13.02,2.525,7.7725,1.225,-3.242128090248698,3.785303263223899,-3.805090072703674,-3.266388354126042,4.426604528300692,4.509841500970633,-3.332747021427882,-3.428246306759752,-3.184461338107784
2023-01-07 23:45:00,2.24,132,-5.5,-31.2,13.89011111111111,30.55277777777778,0.0,-5.5,-31.2,-34.9,14.02,14.02,2.285,8.1525,1.225,-3.043022887193337,0.8809236675416069,-2.66690661092639,-3.042632930634939,0.4446206632185813,-3.076485016714591,-3.113834142159326,-3.061663605288673,-3.081226264450191
2023-01-08 07:40:00,2.3,158,-5.5,-31.1,13.88558333333333,30.53583333333333,0.0,-5.5,-31.1,-32.9,14.06,14.06,2.09,8.075,1.225,-4.182390088552252,-0.8458032816026436,-3.282538780798409,-4.158474454323192,-0.8052023855828186,-3.908457526254979,-4.211152173582319,-4.256866559699659,-4.135133258516881
2023-01-08 15:35:00,3.2,183,1.7,-21.1,13.88663888888889,30.59277777777778,0.0,1.7,-21.1,-25.4,13.94,13.94,2.15,8.045,1.225,-8.853280743961758,-6.109408945483079,-6.417582359066482,-7.798630975332111,-3.420053736049215,-7.813300246773939,-6.52667747087951,-5.73401623246258,-6.069404957649499
2023-01-08 23:30:00,1.6,154,1.7,-21.2,13.88458333333333,30.56805555555556,0.0,1.7,-21.2,-28.2,14.06,14.06,2.08,8.07,1.225,-1.999737952254055,-0.3499464745245088,-1.514572152473145,-1.995115641549004,-0.4256717020085298,-1.944947539727305,-2.004020343740907,-2.050558563962368,-2.000457834336894
2023-01-15 17:05:00,3.37,172,12.8,9.3,6.943222222222222,6.019444444444445,0.0,12.8,9.3,-12.6,6.04,6.04,-0.02,3.01,1.225,-10.39511436820519,-4.393083689459531,-7.028468349106145,-10.24666206414486,-2.201669328966264,-8.278700406599242,-10.82585822346019,-8.479722963305386,-9.13232050123311
2023-01-16 01:00:00,3.18,191,5.9,7.9,6.94925,6.562777777777778,0.0,5.9,7.9,-15.2,6.05,6.05,0.045,3.0475,1.225,-5.673988915152864,-7.205303787028857,-6.297067558378032,-3.559180641023055,-5.054556977779428,-7.843238008241055,1.513211029639055,-4.687785202733088,-4.748084386220059
2023-01-16 08:55:00,1.52,184,4.5,-1.6,6.943361111111111,5.830833333333334,0.0,4.5,-1.6,-12.1,6.03,6.03,-0.015,3.0075,1.225,-1.906580869704093,-1.414103195911037,-1.446918159698457,-1.629936556477833,-0.8199444739780812,-1.76740295185394,-1.218576281850504,-1.264073833636245,-1.33402888071229
2023-01-16 16:50:00,1.72,161,6.2,-1.8,6.946083333333334,5.126111111111111,0.0,6.2,-1.8,-5.6,5.14,5.14,-0.015,2.5625,1.225,-2.383496230962355,-0.5589262800111778,-1.873029849898245,-2.366912176885486,-0.438174711145997,-2.152941218208588,-2.418154065908017,-2.379341839932683,-2.331767926183882
2023-01-17 00:45:00,3.18,163,15.8,8.5,6.945666666666667,5.3875,0.0,15.8,8.5,-2.4,5.04,5.04,-0.01,2.515,1.225,-8.355814792490655,-2.263377125015927,-6.365192666717835,-8.30464501790222,-1.557083767611858,-7.346089392395088,-8.563187648569393,-8.086853356100324,-8.09921494976708
2023-01-17 08:40:00,3.89,148,10.5,3.2,6.947055555555556,5.53,0.0,10.5,3.2,1.6,5.04,5.04,0.025,2.5325,1.225,-11.2646863247141,-1.142602607608571,-8.504231137044044,-11.27820721451457,-2.181586874908024,-11.53506340306127,-11.24495065526377,-11.64090868619112,-11.38508687054789
2023-01-17 16:35:00,4.35,135,3.7,-2.8,6.942111111111111,19.41722222222222,0.0,3.7,-2.8,-4.5,5.07,5.07,0.575,2.8225,1.225,-11.68137270010778,2.61912844886699,-10.25278255031968,-11.68633385636411,1.051724737688958,-12.1393551523829,-11.86136559578804,-11.88009408649869,-11.78419542456196
2023-01-18 00:30:00,1.94,147,2.6,-2.1,6.943638888888889,22.57,0.0,2.6,-2.1,-8.2,5.05,5.05,0.94,2.995,1.225,-2.750431867794727,-0.2126755820939283,-2.113743963244275,-2.753764229726301,-0.4745232906703611,-2.834407692541723,-2.747004681903691,-2.842569931671855,-2.77748132935467
2023-01-18 08:25:00,3.02,137,5.4,0.2,6.948222222222221,22.52805555555556,0.0,5.4,0.2,-1.8,4.46,4.46,0.955,2.7075,1.225,-5.696285861883455,1.036484080017358,-5.004455732846672,-5.700743761633665,0.3060769306856239,-6.023639547301655,-5.755068052922582,-5.833332491839936,-5.732590177012521
2023-01-18 16:20:00,4.1,148,6.8,3.5,6.9425,22.44472222222222,0.0,6.8,3.5,-4.0,4.08,4.08,0.99,2.535,1.225,-12.51375401421111,-1.269298367966117,-9.44720993211189,-12.52877414740782,-2.423488832825839,-12.8141114455667,-12.49182998493163,-12.93169322267713,-12.64750499229519
2023-01-19 00:15:00,2.1,187,4.3,-7.6,13.89661111111111,25.09277777777778,0.0,4.3,-7.6,-4.3,6.99,6.99,2.975,4.9825,1.225,-3.118454606059736,-2.903428030724539,-2.755813999999182,-2.368863041279361,-1.841627420731862,-3.399472097776861,-0.8714642425835241,-2.242952068316395,-2.343742146744321
2023-01-19 08:10:00,1.9,137,-0.5,-5.8,6.9425,25.42777777777778,0.0,-0.5,-5.8,-7.2,3.1,3.1,1.19,2.145,1.225,-2.254680930814358,0.4102569546141248,-1.980843515150266,-2.256445438741451,0.1211501381271767,-2.384252748317944,-2.277947860954621,-2.308926175994712,-2.269050758630674
2023-01-19 16:05:00,2.31,146,6.5,-1.2,13.88894444444444,19.43972222222222,0.0,6.5,-1.2,-5.1,7.02,7.02,3.025,5.0225,1.225,-3.826907231367024,-0.2001494965462385,-2.994923669663304,-3.83158866538349,-0.5762726478033129,-3.969687834378916,-3.824148456610547,-3.955508279382434,-3.861152278702714
2023-01-20 00:00:00,2.28,143,10.6,9.3,13.88652777777778,30.52833333333333,0.0,10.6,9.3,-5.0,7.17,7.17,3.69,5.43,1.225,-3.51566689363806,0.1013238885319573,-2.911849909682549,-3.520101123103152,-0.2793284278628589,-3.724081313460458,-3.519117762830903,-3.635004921060196,-3.537027616267519
2023-01-20 07:55:00,1.44,163,1.3,-1.3,13.89533333333333,27.77944444444444,0.0,1.3,-1.3,-7.3,6.04,6.04,3.41,4.725,1.225,-1.713403104476546,-0.4641172032784528,-1.305215726603586,-1.702910477149049,-0.3192880918990495,-1.506353681032243,-1.755925982761114,-1.658251168783833,-1.660785977595528
2023-01-20 15:50:00,0.93,167,-1.8,-2.7,6.943833333333333,18.04722222222222,0.0,-1.8,-2.7,-5.7,2.03,2.03,1.0,1.515,1.225,-0.750335678602494,-0.2539421838506777,-0.5380437136198388,-0.7469030604339696,-0.1433216173741467,-0.6260616526192625,-0.783279933158354,-0.6837530520338069,-0.7147417091738486
2023-01-20 23:45:00,4.07,132,3.1,-4.9,13.88669444444444,27.79972222222222,0.0,3.1,-4.9,-6.3,6.16,6.16,3.76,4.96,1.225,-10.04611165179945,2.908245468044477,-8.804416717022994,-10.04482426512171,1.467852523945607,-10.15658216146674,-10.27988504094687,-10.10765135826817,-10.17223472337193
2023-01-21 07:40:00,3.09,113,-0.1,-10.7,13.75,27.78083333333333,0.0,-0.1,-10.7,-13.0,6.91,6.91,3.57,5.24,1.225,-5.670744906788441,5.371951328720828,-6.098594003117789,-5.566430309438165,5.46194180279616,-0.1899445323179897,-5.060849794772145,-5.986583389109003,-5.806772716042765
2023-01-21 15:35:00,2.92,134,-1.1,-12.9,13.74716666666667,27.78361111111111,0.0,-1.1,-12.9,-15.0,7.11,7.11,3.48,5.295,1.225,-5.232720097165528,1.285763022369557,-4.590530962983032,-5.233989530589751,0.5677829399698907,-5.389250807694671,-5.326899284287181,-5.302974166616078,-5.285247406050822
2023-01-21 23:30:00,1.3,118,0.2,-10.8,13.74975,19.45388888888889,0.0,0.2,-10.8,-13.6,6.87,6.87,2.945,4.9075,1.225,-0.9978960479650383,0.8906100944860208,-1.089649561725634,-0.9861512006188482,0.8068312900499158,-0.3839536990865993,-0.9426147953477767,-1.006687567681638,-1.017546727927024
2023-01-22 07:25:00,1.75,110,0.4,-8.8,13.75372222222222,19.46194444444444,0.0,0.4,-8.8,-12.1,7.01,7.01,2.86,4.935,1.225,-1.825185325510472,1.788496787044844,-1.944992089785586,-1.784421917299386,1.925769957825446,0.319986606295092,-1.57229867405078,-1.977711998685632,-1.873627833299193
2023-01-22 15:20:00,3.09,124,3.6,-4.8,13.75058333333333,19.44444444444444,0.0,3.6,-4.8,-7.5,6.98,6.98,2.96,4.970000000000001,1.225,-5.663446699958961,3.702519857360694,-5.711287492821344,-5.631581228695636,2.940729855886132,-4.04601613600875,-5.613080522719678,-5.626276745858465,-5.758688058002665
2023-01-22 23:15:00,1.38,143,-1.2,-11.3,13.75183333333333,19.44666666666667,0.0,-1.2,-11.3,-14.1,7.06,7.06,2.89,4.975,1.225,-1.287941680564082,0.03711934697604252,-1.066737259156557,-1.289566131663135,-0.1023301512046069,-1.36429294655165,-1.289205884028773,-1.331660390055986,-1.295767042247588
2023-01-23 07:10:00,0.9,74,0.2,-10.2,13.75119444444445,19.45194444444444,0.0,0.2,-10.2,-14.2,7.06,7.06,2.845,4.9525,1.225,-0.4359414763012561,0.5067164605393557,-0.5943199254845348,-0.4442637641670648,0.6245240794547442,0.9774847026529815,-0.5011683943226314,-0.4178461785912069,-0.4234702447068207
2023-01-23 15:05:00,3.0,74,1.9,-8.4,13.75041666666667,19.44694444444444,0.0,1.9,-8.4,-13.9,7.52,7.52,2.92,5.22,1.225,-4.843794181125068,5.630182894881729,-6.603554727605942,-4.93626404630072,6.939156438386047,10.86094114058868,-5.568537714695904,-4.642735317680076,-4.705224941186897
2023-01-23 23:00:00,0.86,94,-0.5,-14.6,13.75275,19.415,0.0,-0.5,-14.6,-16.8,8.05,8.05,2.97,5.510000000000001,1.225,-0.4086666120656465,0.4702660182993971,-0.5704142472577631,-0.4145911318870324,0.5560650270602009,0.5357875484538402,-0.4336466389207633,-0.424081058153565,-0.4152732038468949
2023-01-24 06:55:00,1.13,48,-0.2,-14.4,13.75072222222222,19.42333333333333,0.0,-0.2,-14.4,-17.2,8.04,8.04,2.745,5.3925,1.225,-0.7575300342722162,0.09659501919343752,-0.8017022594583214,-0.7567227908312782,0.2341087498917683,1.373171738615737,-0.7767945336170454,-0.7622428323210204,-0.7649230886731784
2023-01-24 14:50:00,1.16,77,-0.5,-15.3,13.7505,19.42722222222222,0.0,-0.5,-15.3,-16.6,8.34,8.34,2.85,5.595,1.225,-0.7200546179720471,0.9346469899530641,-1.016407409231399,-0.7348905524516789,1.10576210138324,1.557208921919322,-0.8000686163449262,-0.7113852115922736,-0.7161438820693214
2023-01-24 22:45:00,0.9,57,0.1,-15.9,13.752,19.42222222222222,0.0,0.1,-15.9,-17.6,9.03,9.03,2.475,5.7525,1.225,-0.4597895870879529,0.2640551464353001,-0.5451852507729134,-0.462010178459586,0.3581048792680643,0.771519943279018,-0.5038823890593536,-0.4329174693179284,-0.4373135929837105
2023-01-25 06:40:00,1.42,47,-5.7,-19.6,6.943666666666667,18.06916666666667,0.0,-5.7,-19.6,-19.6,5.32,5.32,0.525,2.9225,1.225,-1.191412876917905,0.1370529024886143,-1.261999772178877,-1.190275289240473,0.3570629221703647,2.173227142066065,-1.236014034195069,-1.19875554703727,-1.204210304277782
2023-01-25 14:35:00,1.22,23,-0.7,-17.3,13.74894444444444,19.45222222222222,0.0,-0.7,-17.3,-19.2,9.06,9.06,2.395,5.7275,1.225,-1.207619131477998,-0.5006938815328132,-1.049822695431551,-1.195264403846029,-0.2943951157413336,1.543497714514531,-1.145561470248726,-1.306335967668332,-1.237339385527086
2023-01-25 22:30:00,0.22,319,-2.6,-18.3,13.74941666666667,19.45972222222222,0.0,-2.6,-18.3,-21.5,9.06,9.06,2.395,5.7275,1.225,0.01707427917844836,-0.04595569031704641,-0.02683066662632238,0.0147084715643077,-0.04555419164198771,-0.04757693712454817,-0.03284664241088608,0.02278235062644526,0.03322961025146647
2023-01-26 06:25:00,1.68,199,-0.9,-17.2,13.75091666666667,19.4375,0.0,-0.9,-17.2,-21.6,10.06,10.06,2.395,6.2275,1.225,-0.952399769044911,-2.18790946511658,-1.738750809565722,-0.6123713466884082,-1.851605026077851,-2.163608389958333,0.8159008027325666,-1.161148121855398,-0.9641852073222424
2023-01-26 14:20:00,1.86,166,3.2,-6.4,13.75055555555556,19.44361111111111,0.0,3.2,-6.4,-18.3,10.0,10.0,2.235,6.1175,1.225,-2.965668660547915,-0.9554101593430891,-2.158537526825682,-2.950994323897497,-0.5631401369813751,-2.506486124295281,-3.082237746277767,-2.74291687016447,-2.836940112100238
2023-01-26 22:15:00,0.96,212,-0.9,-19.5,13.75011111111111,19.48027777777778,0.0,-0.9,-19.5,-17.8,10.03,10.03,2.295,6.1625,1.225,0.1169829204969047,-0.7330889061700409,-0.5850436678930179,0.1367498917538365,-0.6839109497686983,-0.7513175639833122,0.5667234526614815,-0.2362776391812607,-0.0650841300438097
2023-01-27 06:10:00,1.12,167,0.9,-11.0,13.74988888888889,19.465,0.0,0.9,-11.0,-17.2,9.04,9.04,2.23,5.635,1.225,-1.08824265838706,-0.3683027811565385,-0.7803469006413758,-1.08326419124566,-0.2078652293145214,-0.9080029333398115,-1.136023064115897,-0.9916751398672764,-1.036619262328218
2023-01-27 14:05:00,0.65,59,0.2,-12.9,13.7495,19.39527777777778,0.0,0.2,-12.9,-16.7,9.3,9.3,2.245,5.772500000000001,1.225,-0.2361579374785164,0.1660988781814774,-0.2893510676355636,-0.2377398805050071,0.2165138548610584,0.3881675108766641,-0.2656046938835098,-0.2176791117479272,-0.2205202672785413
2023-01-27 22:00:00,1.22,51,0.4,-13.8,13.75341666666667,19.46166666666667,0.0,0.4,-13.8,-17.2,9.32,9.32,2.275,5.7975,1.225,-0.883670176156448,0.1854184917217109,-0.94916614921781,-0.8832729992474331,0.343883913985353,1.568410454804351,-0.8965490592918014,-0.8814506454326707,-0.8837358860416922
2023-01-28 05:55:00,1.04,203,-0.2,-18.0,13.75241666666667,19.47444444444444,0.0,-0.2,-18.0,-19.9,10.04,10.04,2.395,6.217499999999999,1.225,-0.2134884512554176,-0.8596786987184095,-0.6760107120800418,-0.1232301008846249,-0.7584068139010492,-0.8526404940133436,0.4106329651660826,-0.4031867818786762,-0.291626006173872
2023-01-28 13:50:00,2.63,93,7.1,-5.5,13.75025,19.40666666666667,0.0,7.1,-5.5,-9.1,9.96,9.96,2.16,6.06,1.225,-3.686701712917861,4.229431605198227,-5.317428024886228,-3.745565239306471,5.012829243433726,4.77175747000503,-3.93767270161916,-3.810556889809972,-3.77252107986245
2023-01-28 21:45:00,1.03,213,0.3,-16.3,13.74983333333333,19.40638888888889,0.0,0.3,-16.3,-16.9,9.71,9.71,2.44,6.075,1.225,0.1679444190682492,-0.8296344449008436,-0.6665589076179186,0.1899225065075938,-0.7772633252085378,-0.8508671642587803,0.6866588251752329,-0.2500009032776159,-0.03867868220083562
2023-01-29 05:40:00,1.46,207,-1.0,-15.3,13.75227777777778,19.45,0.0,-1.0,-15.3,-18.8,9.47,9.47,2.275,5.8725,1.225,-0.1021221820012408,-1.727756821043692,-1.360088759332565,0.002020958137273054,-1.567486628527216,-1.745333285843658,1.017149885448217,-0.7033182722591425,-0.4155574226981043
2023-01-29 13:35:00,2.19,308,-6.3,-16.8,13.75211111111111,19.41277777777778,0.0,-6.3,-16.8,-22.3,10.04,10.04,2.125,6.0825,1.225,3.631622888558237,-4.33635464733114,-2.850755271171053,3.271797978510004,-4.280303386177311,-4.609811618107492,-2.242529391337995,3.212584468449108,5.424475637904679
2023-01-29 21:30:00,1.91,268,-8.6,-19.8,13.74797222222222,19.48083333333333,0.0,-8.6,-19.8,-21.3,10.07,10.07,2.04,6.055,1.225,3.88611191435201,-2.723478795452993,-3.247412053668471,3.680839197051113,-2.705372415230754,-2.954025373045754,1.028046039627853,3.377006127008924,5.387533510918717
2023-01-30 05:25:00,2.62,239,-7.6,-24.4,13.74855555555556,19.43138888888889,0.0,-7.6,-24.4,-20.6,10.1,10.1,2.055,6.0775,1.225,5.362818651188009,-4.893578185264571,-4.439406707371888,4.753206357055503,-4.889250527103965,-4.87253025713532,6.270110284069358,0.4503649329853542,3.684096039730755
2023-01-30 13:20:00,2.47,236,-2.1,-25.3,13.75105555555556,19.46555555555556,0.0,-2.1,-25.3,-18.6,9.89,9.89,2.27,6.08,1.225,4.659559958773164,-4.492727291637638,-3.878978690172017,4.306165988055941,-4.473121699795867,-4.497403605671566,6.590963603982417,0.3682120089505574,3.065784602747419
2023-01-30 21:15:00,2.38,215,-5.7,-30.0,13.74727777777778,19.40361111111111,0.0,-5.7,-30.0,-19.5,9.93,9.93,2.205,6.0675,1.225,1.252070202957485,-4.277332073478552,-3.485084879446453,1.361122890817842,-4.042987836733334,-4.393355434935241,4.03224162889692,-1.099993585501247,0.180504595904659
2023-01-31 05:10:00,2.56,238,-9.0,-20.0,13.74813888888889,19.47083333333333,0.0,-9.0,-20.0,-20.0,9.05,9.05,2.03,5.54,1.225,5.081773716614745,-4.72337329444288,-4.214537989397303,4.567227641276157,-4.713598695077487,-4.711651103754608,6.350821120520365,0.4184938613602395,3.442618102597288
2023-01-31 13:05:00,2.45,248,-6.8,-14.8,13.75563888888889,19.43611111111111,0.0,-6.8,-14.8,-15.3,9.06,9.06,1.995,5.5275,1.225,6.556045643824063,-4.229889970743053,-4.252559653160697,6.149938793796966,-4.245618236333972,-4.204079576893813,6.429383340308275,2.740422562645115,5.969007323179856
2023-01-31 21:00:00,1.97,273,-12.1,-14.9,13.74822222222222,19.44722222222222,0.0,-12.1,-14.9,-19.8,8.19,8.19,2.125,5.1575,1.225,4.156736369219599,-2.898643866737849,-3.297756068743133,3.870123055418329,-2.875066767412644,-3.154803378771896,0.7596425770000306,3.593074900669559,5.683084426814078
2023-02-01 04:55:00,2.69,248,-8.9,-21.8,13.74930555555556,19.44611111111111,0.0,-8.9,-21.8,-18.3,9.06,9.06,2.29,5.675000000000001,1.225,7.903407227534407,-5.099193139074352,-5.12652176696978,7.413839584472171,-5.118153789243856,-5.06807833841921,7.750714000633852,3.303618776435869,7.195724096836607
2023-02-01 12:50:00,3.18,209,3.1,-16.4,13.74763888888889,19.49111111111111,0.0,3.1,-16.4,-13.2,8.38,8.38,2.245,5.3125,1.225,0.2712953565884268,-8.276051109188526,-6.518302290477426,0.5904500858808376,-7.608978158695725,-8.434028125898525,5.318499908161136,-3.120063340471151,-1.593856737361178
2023-02-01 20:45:00,2.72,241,-18.3,-37.0,13.75111111111111,36.92555555555555,0.0,-18.3,-37.0,-27.6,10.14,10.14,3.495,6.817500000000001,1.225,6.10535555604346,-5.215940288836794,-4.865427217152678,5.401239610935673,-5.21985625275966,-5.183843521621351,6.543561175715657,0.8582792887208769,4.467756340208837
2023-02-02 04:40:00,2.76,241,-16.3,-30.1,13.74761111111111,37.0125,0.0,-16.3,-30.1,-25.7,9.77,9.77,3.495,6.6325,1.225,6.286245199464295,-5.370478312100339,-5.009580229425581,5.561267687643755,-5.374510298310711,-5.337430580977344,6.737433987366399,0.8837084112456949,4.600127148731458
2023-02-02 12:35:00,4.43,245,-10.0,-20.1,13.74922222222222,21.1025,0.0,-10.0,-20.1,-17.3,8.09,8.09,2.745,5.4175,1.225,19.1891043035275,-13.83213376146048,-13.47601528590553,17.62993604562382,-13.86597000341856,-13.74742490015862,19.45062846800517,6.095532560627984,16.23070380836289
2023-02-02 20:30:00,1.01,220,-13.6,-27.2,13.74827777777778,37.03833333333333,0.0,-13.6,-27.2,-24.9,9.09,9.09,3.495,6.2925,1.225,0.3854831725189341,-0.7017407303762082,-0.5943863005630925,0.401388456291073,-0.6799228921593887,-0.7238314834918753,0.8909495082055069,-0.092375260474824,0.2067525060603771
2023-02-03 04:25:00,1.47,228,-11.9,-24.2,13.752,37.01666666666667,0.0,-11.9,-24.2,-25.7,9.1,9.1,3.495,6.297499999999999,1.225,1.423115024262313,-1.65162911020262,-1.313176518802077,1.43649342653308,-1.627899389236844,-1.675564700456199,2.822099360331585,0.04702951076671166,0.8381148435928355
2023-02-03 12:20:00,3.16,302,-9.5,-10.0,13.751,0.0,0.0,-9.5,-10.0,-19.9,7.77,7.77,2.045,4.9075,1.225,8.039378040722026,-8.272892733348456,-6.301125385077714,7.425595582290447,-8.185426670084178,-8.794709720578654,-3.375200512027444,7.557161724087619,12.09819316002367
2023-02-03 20:15:00,1.86,310,-22.0,-29.2,13.89458333333333,36.96611111111111,0.0,-22.0,-29.2,-36.0,10.04,10.04,3.63,6.834999999999999,1.225,2.564389491848954,-3.21521967493798,-2.014109872689212,2.289200034339178,-3.171411743901178,-3.417962802825497,-1.767033744084946,2.217055491968367,3.819984462519323
2023-02-04 04:10:00,1.12,339,-11.3,-26.3,13.88219444444444,36.95027777777778,0.0,-11.3,-26.3,-30.6,10.58,10.58,3.51,7.045,1.225,-0.4558096239756694,-1.099847103293212,-0.7267044770953103,-0.2825423953181393,-0.8453545060351976,0.2038928615831563,-1.06545785040054,-0.104460879535263,0.06737130464720317
2023-02-04 12:05:00,2.61,129,0.3,-7.4,13.89561111111111,0.0,0.0,0.3,-7.4,-19.2,8.07,8.07,1.57,4.82,1.225,-4.075119694831471,1.577516101657977,-3.657316794507129,-4.069603082004063,0.9777150960113025,-3.854293618821246,-4.166654748087453,-4.066104768759272,-4.137916925661049
2023-02-04 20:00:00,2.46,331,-23.4,-33.9,13.88463888888889,36.90222222222222,0.0,-23.4,-33.9,-45.1,12.03,12.03,3.575,7.8025,1.225,0.03339600148523209,-5.353092602817437,-3.660899155513857,0.2148925110165075,-4.534060864608232,0.2387407051307566,-4.794116395203823,1.823783803869492,2.389387777172842
2023-02-05 03:55:00,2.96,330,-17.6,-30.8,13.88836111111111,36.94916666666666,0.0,-17.6,-30.8,-41.2,12.1,12.1,3.465,7.7825,1.225,0.4523564891637475,-7.758814554187423,-5.32836862953425,0.5966993029823034,-6.646976006265633,0.2108428898752268,-6.878383164075802,3.061768580729882,3.832995625043156
2023-02-05 11:50:00,2.59,22,-8.8,-29.9,11.285,36.91777777777778,0.0,-8.8,-29.9,-24.9,11.37,11.37,3.085,7.227499999999999,1.225,-5.495177985831917,-2.327352588759489,-4.813977772676463,-5.445787871754538,-1.379196894131323,7.0669637855602,-5.216620742482836,-5.969840415599183,-5.61694646981068
2023-02-05 19:45:00,2.43,14,-6.6,-27.9,13.74797222222222,36.96,0.0,-6.6,-27.9,-24.2,11.21,11.21,3.48,7.345000000000001,1.225,-5.053589777722691,-2.314258533845544,-4.379342012756251,-5.075105821467972,-1.315686682433365,6.408802006760792,-4.990031589587922,-5.461332405699471,-5.233051419792774
2023-02-06 03:40:00,1.96,148,-11.9,-27.8,13.75072222222222,37.01277777777778,0.0,-11.9,-27.8,-32.3,12.07,12.07,3.495,7.782500000000001,1.225,-2.859776170195919,-0.2900735639725542,-2.158976899179122,-2.863208730796067,-0.5538414455790448,-2.928417045168889,-2.854765857829468,-2.95528808353578,-2.890342366353432
2023-02-06 11:35:00,2.78,327,-17.1,-28.3,13.74636111111111,36.86583333333333,0.0,-17.1,-28.3,-39.0,12.89,12.89,3.48,8.185,1.225,0.9971498847531095,-6.997323485019672,-4.568128430314717,0.9808441454255483,-6.292706914419726,-2.147626519656362,-5.86379403453291,2.938021198517923,3.850923304477762
2023-02-06 19:30:00,1.41,278,-25.9,-36.7,13.75002777777778,36.97666666666667,0.0,-25.9,-36.7,-40.0,12.29,12.29,3.475,7.882499999999999,1.225,2.034626624199138,-1.415194218630049,-1.585874629466771,1.885397711375886,-1.39283948460299,-1.483921353195009,0.5762603520591996,1.622747730136186,2.535133677733428
2023-02-07 03:25:00,1.32,297,-17.5,-32.0,13.74827777777778,36.94861111111111,0.0,-17.5,-32.0,-37.6,12.76,12.76,3.475,8.1175,1.225,1.507179453148682,-1.360196586768402,-1.143342110095413,1.3739974305291,-1.347007330771902,-1.417014318953196,-0.2257418231242024,1.23096160801353,2.034306742508717
2023-02-07 11:20:00,2.51,130,-5.0,-24.2,13.75002777777778,36.90444444444444,0.0,-5.0,-24.2,-25.8,12.02,12.02,3.02,7.52,1.225,-3.775218897966389,1.262134311780925,-3.305224750271037,-3.773301662956312,0.6970006433668996,-3.743589520508875,-3.88345178987427,-3.770119217357019,-3.832343163231312
2023-02-07 19:15:00,1.35,22,-7.7,-29.0,13.75338888888889,36.87777777777778,0.0,-7.7,-29.0,-30.8,12.05,12.05,3.305,7.6775,1.225,-1.492965501286306,-0.6323102060217006,-1.307892620966124,-1.479546875608987,-0.3747091336674075,1.919998434606441,-1.417285267538494,-1.621924860605762,-1.526048350684988
2023-02-08 03:10:00,1.36,75,-14.2,-40.7,13.88438888888889,36.95861111111111,0.0,-14.2,-40.7,-41.6,13.06,13.06,3.065,8.0625,1.225,-0.9935536924324215,1.199617713058682,-1.370438237544112,-1.013020347123393,1.457359110744059,2.201518691576125,-1.12951011490278,-0.9620349494477201,-0.9727768407627632
2023-02-08 11:05:00,0.46,93,-11.4,-33.6,13.88880555555555,36.99111111111111,0.0,-11.4,-33.6,-37.5,14.17,14.17,3.045,8.6075,1.225,-0.1127826168447454,0.1293856680969719,-0.1626693706813639,-0.1145833544849932,0.1533511642369525,0.1459763594461485,-0.1204602558462049,-0.116571562099176,-0.1154079805257983
2023-02-08 19:00:00,0.94,231,-8.8,-28.4,13.89244444444445,36.96583333333334,0.0,-8.8,-28.4,-30.6,12.11,12.11,2.98,7.545,1.225,0.649075580490864,-0.6853114604010138,-0.5457082949333874,0.6433733830404099,-0.6786679045061752,-0.6916330847651547,1.200367559294291,0.0455895897058895,0.3936814929171518
2023-02-09 02:55:00,1.56,267,-31.3,-40.1,13.896,36.93944444444445,0.0,-31.3,-40.1,-45.0,13.05,13.05,3.04,8.045,1.225,2.550472512437681,-1.790766035104698,-2.17749036398907,2.434051319076394,-1.776266635449649,-1.918192116159056,0.85923149935051,2.172558156148745,3.470936468727667
2023-02-09 10:50:00,1.48,252,-10.2,-29.1,13.88452777777778,37.02805555555555,0.0,-10.2,-29.1,-30.2,13.12,13.12,3.005,8.0625,1.225,2.453908890609719,-1.524237866624624,-1.67297670091322,2.354020848046308,-1.524215724784099,-1.506433803891538,2.343612677879394,1.260542332430485,2.407872185723456
2023-02-09 18:45:00,1.14,212,-13.2,-30.2,13.88575,36.96333333333333,0.0,-13.2,-30.2,-28.1,12.05,12.05,3.035,7.5425,1.225,0.1649641964819632,-1.033769902841347,-0.8250029848022633,0.192838714543496,-0.9644213002597659,-1.059475158585842,0.799168618792167,-0.3331883896266996,-0.09177879275709101
2023-02-10 02:40:00,2.2,235,-31.8,-47.7,13.88869444444444,36.90416666666667,0.0,-31.8,-47.7,-40.2,12.74,12.74,3.3,8.02,1.225,3.668312665152803,-3.602127638690237,-3.059667841734877,3.437780623308603,-3.582406607468363,-3.612020965697929,5.49804866115063,0.2836338343194418,2.377017559314359
2023-02-10 10:35:00,2.5,228,-10.0,-33.7,13.89430555555556,30.57305555555556,0.0,-10.0,-33.7,-28.4,12.08,12.08,2.83,7.455,1.225,4.116094637252744,-4.777028987350815,-3.798118026059966,4.154789169249733,-4.708395197709415,-4.846258215489493,8.162395761984545,0.1360240836188384,2.424090782754973
2023-02-10 18:30:00,1.59,270,-18.8,-24.1,13.88366666666667,30.56972222222222,0.0,-18.8,-24.1,-25.7,11.01,11.01,2.83,6.92,1.225,2.780098589885735,-1.941430000912682,-2.227190175520281,2.595226205314533,-1.933912194411025,-2.15598160400978,0.3520863085752894,2.506860169542187,3.989099325211807
2023-02-11 02:25:00,2.9,275,-10.8,-17.2,13.89416666666667,19.45638888888889,0.0,-10.8,-17.2,-17.5,9.97,9.97,2.24,6.105,1.225,8.84737247534493,-6.163461526630552,-6.971195574385901,8.222208431281654,-6.09498052942122,-6.612814648195531,1.962769401388672,7.417565001569127,11.678843257773
2023-02-11 10:20:00,4.23,231,-10.6,-28.9,13.88875,19.48111111111111,0.0,-10.6,-28.9,-18.7,10.03,10.03,2.45,6.24,1.225,13.14378050494,-13.87755707312053,-11.0505929724011,13.02831100656831,-13.74302506625005,-14.00556996649439,24.3074430757094,0.9231891915442628,7.972050231572326
2023-02-11 18:15:00,3.07,245,-22.6,-43.7,13.88969444444444,19.41111111111111,0.0,-22.6,-43.7,-23.3,9.22,9.22,2.59,5.905,1.225,9.215608189102433,-6.642911683034763,-6.471885027089615,8.466814314284402,-6.659161610261432,-6.602230072077052,9.341205725792332,2.9273924876388,7.79483005383158
2023-02-12 02:10:00,5.12,327,-17.6,-13.9,13.88602777777778,19.47305555555555,0.0,-17.6,-13.9,-35.2,9.2,9.2,2.955,6.0775,1.225,3.382289469860764,-23.7346199427695,-15.49489492309432,3.326981104218662,-21.34459087746034,-7.284656673681456,-19.88973685871068,9.965641388441108,13.06216602050902
2023-02-12 10:05:00,2.24,331,-23.0,-19.3,13.881,19.4625,0.0,-23.0,-19.3,-41.4,9.93,9.93,2.98,6.455,1.225,0.02768983030145756,-4.438442303505977,-3.035383634527452,0.1781751376952257,-3.759353525391346,0.1979485362654644,-3.974974952834739,1.512164983524285,1.981127653966298
2023-02-12 18:00:00,3.03,311,-22.7,-19.8,13.89052777777778,19.40305555555556,0.0,-22.7,-19.8,-35.3,9.19,9.19,2.975,6.0825,1.225,6.408966112132444,-8.552917452481081,-5.316549517361071,5.709962895907332,-8.441117397408982,-9.065335382163413,-4.860520630348392,5.709950865088435,9.711267749735526
2023-02-13 01:55:00,2.21,264,-21.6,-23.3,13.88544444444444,19.42583333333333,0.0,-21.6,-23.3,-28.0,9.08,9.08,2.77,5.925,1.225,4.866370862705929,-3.437238423457433,-4.437439638839455,4.756228739603844,-3.39356328382396,-3.53421491395962,2.768655369779863,3.877340806311202,6.225311969009484
2023-02-13 09:50:00,1.96,268,-8.3,-17.8,13.8885,19.4625,0.0,-8.3,-17.8,-19.4,9.09,9.09,2.305,5.6975,1.225,4.092236377888403,-2.867935676273189,-3.419659040424549,3.876075726924031,-2.848868909939548,-3.110710746167201,1.082574947461517,3.556126953076254,5.673295341560085
2023-02-13 17:45:00,3.82,305,-27.9,-17.0,13.88158333333333,19.43555555555556,0.0,-27.9,-17.0,-27.3,9.08,9.08,2.745,5.9125,1.225,11.39885671436895,-12.6415721135589,-8.940847381340653,10.40298934154568,-12.49239356157466,-13.43885325574153,-5.877675040699169,10.40904086691904,17.09194687235628
2023-02-14 01:40:00,3.97,307,-36.4,-23.3,13.89913888888889,19.47361111111111,0.0,-36.4,-23.3,-39.3,8.8,8.8,3.08,5.94,1.225,12.0600142258137,-14.05134526717857,-9.464348633899371,10.91317454499681,-13.87484045123406,-14.93747452346704,-7.029031509643834,10.78562865012683,18.03744165757418
2023-02-14 09:35:00,4.81,336,-23.4,-15.2,13.89633333333333,19.45888888888889,0.0,-23.4,-15.2,-37.5,8.95,8.95,3.38,6.164999999999999,1.225,-5.206454200632699,-20.35306187879853,-13.62561201996143,-2.948913545238474,-16.24517859728852,2.692646486546244,-19.15524955835155,1.410546220444852,4.20223033356964
2023-02-14 17:30:00,2.54,263,-10.0,-9.9,13.88830555555556,19.48777777777778,0.0,-10.0,-9.9,-23.3,8.62,8.62,3.18,5.899999999999999,1.225,6.317096145700358,-4.471373508201862,-5.891238304855326,6.225987599561698,-4.407263446544135,-4.529569208060757,4.117012079628624,4.909121349091383,7.897135313805363
2023-02-15 00:40:00,2.64,150,-1.2,-11.0,13.89283333333333,19.45222222222222,0.0,-1.2,-11.0,-13.3,8.13,8.13,2.995,5.5625,1.225,-5.378254442807111,-0.7911087330944968,-3.922085013571174,-5.384594922137743,-1.256924469126801,-5.44082809200295,-5.363677881499229,-5.556849570853974,-5.444435297650723
2023-02-15 04:40:00,1.93,225,-1.3,-14.3,13.88822222222222,19.4575,0.0,-1.3,-14.3,-14.2,8.73,8.73,3.075,5.9025,1.225,2.061051705383237,-2.740299132504556,-2.2286626344562,2.097244363849776,-2.684858254708447,-2.796335511455529,4.260400684322129,-0.07582315264884477,1.186058735245022
2023-02-15 08:35:00,2.06,338,-5.3,-14.2,13.89647222222222,19.44083333333333,0.0,-5.3,-14.2,-21.2,8.89,8.89,2.995,5.942500000000001,1.225,-1.346314961451216,-3.724880581606248,-2.472012548915994,-0.817517573922147,-2.899765109590684,0.6244700488305173,-3.574088156208197,-0.1493518303322284,0.4088664308532909
2023-02-15 12:35:00,3.47,341,-8.6,-10.7,13.88480555555556,19.47277777777778,0.0,-8.6,-10.7,-23.4,9.03,9.03,3.125,6.0775,1.225,-5.417286323754928,-10.39457836892856,-7.146714744498867,-3.30962518108755,-7.725334368413967,2.902061846742179,-10.34474776761436,-1.787588416815105,0.1123443648894907
2023-02-15 18:55:00,1.4,325,-12.9,-12.6,13.89413888888889,19.40861111111111,0.0,-12.9,-12.6,-26.3,8.16,8.16,3.205,5.6825,1.225,0.3540162730532206,-1.800537097982863,-1.136222650556791,0.3255974517922353,-1.668522078398325,-0.939210342089628,-1.452716658149132,0.7852341331466955,1.056085306971133
2023-02-16 02:50:00,1.14,307,-5.2,-13.7,13.88488888888889,19.40027777777778,0.0,-5.2,-13.7,-17.9,8.06,8.06,2.99,5.525,1.225,0.9944352472173218,-1.158634869152476,-0.7804038782439849,0.8998700352567333,-1.144080772698499,-1.231702624259894,-0.5795943981582984,0.8893529553328063,1.487317296485823
2023-02-16 10:45:00,2.1,209,0.8,-12.6,13.88352777777778,19.45805555555556,0.0,0.8,-12.6,-12.2,8.06,8.06,2.935,5.4975,1.225,0.1183114317624859,-3.609171452031309,-2.842620258396173,0.2574942524756234,-3.318262101958799,-3.678064953444534,2.319388532394942,-1.360654180162749,-0.6950781428506386
2023-02-16 18:40:00,1.71,142,5.0,-4.3,13.88466666666667,19.40916666666667,0.0,5.0,-4.3,-7.6,7.05,7.05,2.99,5.02,1.225,-1.937721576608967,0.1125525225314652,-1.636830199297608,-1.940192130974637,-0.1042334978964716,-2.067951873165446,-1.940813650423191,-2.003734637570122,-1.947486867060643
2023-02-17 02:35:00,0.85,131,2.8,-9.0,13.89577777777778,19.47277777777778,0.0,2.8,-9.0,-11.8,7.15,7.15,2.82,4.985,1.225,-0.4355596260654566,0.1357947197130792,-0.3815309100010281,-0.4354216155849344,0.07197743120723482,-0.4361551448052583,-0.4468639066375839,-0.4366092763487973,-0.4415856641858721
2023-02-17 10:30:00,1.36,123,0.2,-11.1,13.88536111111111,21.07444444444445,0.0,0.2,-11.1,-13.9,8.06,8.06,2.915,5.487500000000001,1.225,-1.095213498391527,0.7750111749733516,-1.129022518435654,-1.088105726166095,0.6304991876588456,-0.7312224966022738,-1.07853488003236,-1.087062633694341,-1.113942890625988
2023-02-17 18:25:00,2.41,141,2.7,-7.4,13.89130555555555,19.44083333333333,0.0,2.7,-7.4,-12.8,7.07,7.07,2.94,5.005,1.225,-3.769734236321181,0.3339153137469211,-3.249057663756564,-3.774594390397527,-0.1019853877134729,-4.054225032801631,-3.778162116378767,-3.898641206118663,-3.784661524913799
2023-02-18 02:20:00,2.67,167,8.0,3.5,13.89541666666667,30.55777777777778,0.0,8.0,3.5,-19.8,9.38,9.38,3.645,6.5125,1.225,-6.184608647461347,-2.093107219855586,-4.434801514654259,-6.156315444014019,-1.181322092841431,-5.160285484284264,-6.456150208686078,-5.635804292570014,-5.891226928580701
2023-02-18 10:15:00,5.0,270,-43.9,-31.9,13.89647222222222,30.57638888888889,0.0,-43.9,-31.9,-26.1,8.42,8.42,3.255,5.8375,1.225,27.49197608763236,-19.19850877054589,-22.02434808275267,25.66380093068444,-19.12416631473266,-21.32017724783217,3.481728457886253,24.78996251673378,39.4476022033524
2023-02-18 18:10:00,5.23,270,-43.5,-32.9,13.89119444444444,30.55916666666667,0.0,-43.5,-32.9,-27.5,8.2,8.2,3.4,5.8,1.225,30.07941090909597,-21.00539562199458,-24.09719162690902,28.07917521907674,-20.92405635161004,-23.32674704968915,3.809414813428675,27.1230946289587,43.16025273232311
2023-02-19 02:05:00,2.07,285,-26.0,-21.2,13.88472222222222,30.52305555555555,0.0,-26.0,-21.2,-26.1,8.1,8.1,3.415,5.7575,1.225,4.224617087478565,-3.054443705867703,-3.135006372425683,3.801582643191514,-3.010774693897106,-3.081139066108229,1.250225954078564,2.771854149549774,4.71683603392696
2023-02-19 10:00:00,6.12,278,-16.4,-19.2,13.87972222222222,5.954722222222222,0.0,-16.4,-19.2,-13.6,6.27,6.27,2.595,4.4325,1.225,38.33092874272131,-26.6612596661422,-29.8767580714754,35.51956141087321,-26.24011226402808,-27.95603034611295,10.85633807663905,30.57142124823338,47.76012817227449
2023-02-19 17:55:00,2.82,266,-18.8,-32.1,13.89394444444444,30.52527777777778,0.0,-18.8,-32.1,-22.3,8.45,8.45,3.71,6.08,1.225,8.197384558684917,-5.766714865075554,-7.152044134842731,7.883982257823686,-5.711423631454871,-6.096945799579268,3.374498705560261,6.837310865890332,10.94016888344912
2023-02-20 01:50:00,3.44,260,-37.0,-31.1,13.89772222222222,30.57111111111111,0.0,-37.0,-31.1,-34.8,9.0,9.0,3.505,6.2525,1.225,10.97563268889772,-7.821708259967518,-10.96892876366201,11.10776749464986,-7.668801750632372,-7.543793286566757,10.0815071613482,7.834448078504687,12.69047427785242
2023-02-20 09:45:00,5.24,307,-47.0,-43.6,13.88086111111111,30.57777777777778,0.0,-47.0,-43.6,-49.4,9.41,9.41,3.67,6.54,1.225,21.01016100645917,-24.47932654912361,-16.48816368672826,19.012212588539,-24.17183150542191,-26.02308246835831,-12.24551488678924,18.79001054658823,31.42364065865585
2023-02-20 17:40:00,3.24,270,-23.5,-33.2,13.88777777777778,30.59083333333333,0.0,-23.5,-33.2,-26.5,9.06,9.06,3.645,6.3525,1.225,11.54399072710118,-8.061530626787299,-9.248111857340177,10.77633266599812,-8.030313932221501,-8.95242770707372,1.461991706380269,10.40940442062658,16.56420595559648
2023-02-21 01:35:00,4.11,266,-45.1,-39.9,13.89108333333333,30.52138888888889,0.0,-45.1,-39.9,-30.4,9.24,9.24,3.615,6.4275,1.225,17.41248424422332,-12.24937429861964,-15.19202312888901,16.74677037087967,-12.13192735839481,-12.95083473430323,7.167945473592186,14.52348207807783,23.23857285801908
2023-02-21 09:30:00,3.91,277,-44.5,-30.4,13.89063888888889,24.9725,0.0,-44.5,-30.4,-28.6,7.69,7.69,3.085,5.3875,1.225,15.79164595506116,-10.98978941829031,-12.35423458111207,14.64780083372865,-10.8336910544807,-11.61440675772235,4.143558248771703,12.81374309447954,20.07324113972964
2023-02-21 17:25:00,4.51,318,-44.3,-27.6,13.8935,33.41027777777778,0.0,-44.3,-27.6,-62.7,9.92,9.92,4.5,7.21,1.225,8.053399597943304,-19.26737115481291,-11.33847781005622,6.989869326805388,-19.08877121614763,-20.00544046134927,-13.42437454782276,9.958782711431006,14.90854063503205
2023-02-22 01:20:00,1.89,136,-10.9,-22.7,13.90016666666667,33.44916666666666,0.0,-10.9,-22.7,-25.7,9.06,9.06,3.74,6.4,1.225,-2.218082080274522,0.4501882492332732,-1.947759585371953,-2.219423343593205,0.1592089241045302,-2.325415706693717,-2.246582513592798,-2.263676794334259,-2.234896756196994
2023-02-22 09:15:00,3.09,25,-9.8,-26.6,13.89513888888889,33.48333333333333,0.0,-9.8,-26.6,-27.7,9.98,9.98,3.59,6.785,1.225,-7.597334876333876,-3.01050592749649,-6.499736221580928,-7.500168485599238,-1.739430755103905,9.586866065416586,-7.196012792677076,-8.145903823299365,-7.822659091301406
2023-02-22 17:10:00,1.18,148,-7.9,-23.1,13.88677777777778,33.56361111111111,0.0,-7.9,-23.1,-24.9,9.71,9.71,3.59,6.65,1.225,-1.036534865519783,-0.1051380754048793,-0.7825279660602378,-1.037779007903073,-0.2007415735173527,-1.061413966496554,-1.034718862047519,-1.071153458849235,-1.047613679433184
2023-02-23 01:05:00,0.8,344,-13.4,-32.8,13.89719444444444,33.45111111111111,0.0,-13.4,-32.8,-34.0,11.0,11.0,3.445,7.2225,1.225,-0.3655614441410819,-0.5284062788585605,-0.4133004117406741,-0.2086119669399665,-0.3666405494953669,0.2753807507198819,-0.5548596478422406,-0.1278522762087988,0.002636696831971412
2023-02-23 09:00:00,1.3,215,-13.7,-34.3,13.88913888888889,33.43916666666667,0.0,-13.7,-34.3,-37.2,12.05,12.05,3.365,7.7075,1.225,0.3735609496148135,-1.276161853714207,-1.039791230538893,0.4060973246031624,-1.206244164267943,-1.31077796148587,1.20303798334083,-0.3281881857737992,0.053854383002414
2023-02-23 16:55:00,1.52,201,-5.5,-22.3,13.89147222222222,33.48444444444444,0.0,-5.5,-22.3,-22.9,10.23,10.23,3.33,6.78,1.225,-0.6287031870507201,-1.818191539507271,-1.428947376703225,-0.3959419820797956,-1.580558919209368,-1.7861147370512,0.7644917940979439,-0.9107111723214546,-0.7092038127822933
2023-02-24 00:50:00,2.15,188,0.1,-9.8,13.8925,33.43555555555555,0.0,0.1,-9.8,-27.0,11.04,11.04,3.49,7.265,1.225,-3.086772165153891,-3.114694292296409,-2.886506999042288,-2.223654439603453,-2.026993206125534,-3.572336358252301,-0.4052590242037913,-2.291681840256606,-2.385890308760227
2023-02-24 08:45:00,4.04,189,0.4,-24.7,13.88902777777778,33.44611111111111,0.0,0.4,-24.7,-20.9,10.7,10.7,3.045,6.8725,1.225,-10.25665252291864,-11.24965579806697,-10.18456720181568,-6.93575293693803,-7.498291130318657,-12.64555499635351,0.3634659444643718,-7.882151204681371,-8.174404746091046
2023-02-24 16:40:00,2.39,222,-0.9,-20.5,13.89225,33.49416666666666,0.0,-0.9,-20.5,-17.8,10.27,10.27,3.135,6.7025,1.225,2.559360720444839,-4.038548428511272,-3.364030638714194,2.63499861453566,-3.931239164047717,-4.147139891419203,5.606663446716731,-0.3568655257621915,1.422156559721182
2023-02-25 00:35:00,3.08,192,0.2,-15.9,13.88936111111111,33.48888888888889,0.0,0.2,-15.9,-14.3,9.12,9.12,3.0,6.06,1.225,-5.057542220726949,-6.833582939457929,-5.899362900891851,-3.178776886501541,-4.926882630098997,-7.347011101408921,1.584886458394799,-4.335736153501903,-4.302479983030992
2023-02-25 08:30:00,2.68,187,1.7,0.1,13.88483333333333,33.52194444444444,0.0,1.7,0.1,-16.6,9.07,9.07,3.275,6.1725,1.225,-5.07890892575135,-4.728703285232636,-4.488289903309324,-3.858077530087276,-2.999388840513498,-5.536591472805561,-1.419320810868912,-3.653011096479745,-3.817164080448166
2023-02-25 16:25:00,3.23,171,2.1,0.5,13.89258333333333,36.09666666666666,0.0,2.1,0.5,-12.2,8.8,8.8,3.91,6.355,1.225,-9.461533803108475,-3.822455304655177,-6.444623757181567,-9.376913170368077,-1.921579125731383,-7.568391550688495,-9.926871310226208,-7.983051868806302,-8.605097341356254
2023-02-26 00:20:00,2.06,237,-15.7,-30.1,13.87680555555556,33.36166666666666,0.0,-15.7,-30.1,-22.6,8.08,8.08,3.69,5.885,1.225,3.265803980460676,-3.091746048334289,-2.713552622286862,2.976309000755752,-3.081762888485323,-3.08957721103669,4.348384759472398,0.2635505079362475,2.180818573477882
2023-02-26 08:15:00,1.64,239,-14.2,-26.5,13.89047222222222,33.33444444444444,0.0,-14.2,-26.5,-22.3,8.2,8.2,3.585,5.8925,1.225,2.101252410150234,-1.917395240237689,-1.739442381001607,1.862394938805501,-1.91569958302238,-1.909148269272064,2.456746200692405,0.1764613839166436,1.443497568390513
2023-02-26 16:10:00,2.35,255,-12.6,-21.0,13.8785,33.34444444444444,0.0,-12.6,-21.0,-14.2,7.64,7.64,3.66,5.65,1.225,5.787580462011563,-3.770682395979302,-4.555839190566966,5.65330430157275,-3.743888123459459,-3.693990850690519,5.457302893815529,3.357388908759079,6.015142900453036
2023-02-27 00:05:00,1.35,306,-13.2,-22.9,13.89138888888889,33.34361111111111,0.0,-13.2,-22.9,-27.9,8.44,8.44,3.75,6.095,1.225,1.409098560283532,-1.601835317478199,-1.105529587176997,1.280602761228815,-1.582314578986049,-1.702856495562854,-0.7734409543609626,1.27360632261858,2.110212033350078
2023-02-27 08:00:00,1.91,62,-14.1,-24.0,13.88711111111111,33.3525,0.0,-14.1,-24.0,-33.3,9.57,9.57,3.79,6.68,1.225,-2.014296404198198,1.634613683306154,-2.53023618718205,-2.033452943596855,2.111448864459507,3.560718421081811,-2.319218876948183,-1.839474868136633,-1.869373869956126
2023-02-27 15:55:00,1.82,82,-10.0,-23.3,13.88830555555556,33.34,0.0,-10.0,-23.3,-27.3,9.95,9.95,3.53,6.739999999999999,1.225,-1.724097304907363,2.380154919917185,-2.563288498196384,-1.761935185729764,2.738276514130866,3.32378492641409,-1.854876850722252,-1.755178961505468,-1.764618990913945
2023-02-27 23:50:00,1.47,60,-9.6,-27.0,13.89088888888889,33.40277777777778,0.0,-9.6,-27.0,-27.9,10.07,10.07,3.495,6.782500000000001,1.225,-1.198456348132875,0.9220628481835556,-1.492636902686096,-1.207630730777659,1.183386302863507,1.948834951772751,-1.365552085889815,-1.092534278022739,-1.108467212017648
2023-02-28 07:45:00,2.08,293,-12.7,-27.0,13.89244444444445,33.37777777777778,0.0,-12.7,-27.0,-31.5,10.79,10.79,3.495,7.1425,1.225,3.995815273240621,-3.246917355713228,-2.913672481746748,3.552702969681588,-3.215401324006984,-3.28380791961719,0.3927875219253518,2.59891890913283,4.642327408611971
2023-02-28 15:40:00,3.03,317,-11.6,-17.2,13.89052777777778,12.86222222222222,0.0,-11.6,-17.2,-22.9,8.57,8.57,2.595,5.5825,1.225,4.031331141298865,-8.67616217146384,-5.146229330212218,3.520006321881057,-8.591092542212651,-9.034914972298562,-5.888090994004001,4.668641892919805,7.155261081406329
2023-02-28 23:35:00,3.27,242,-34.9,-38.2,13.88311111111111,33.35333333333333,0.0,-34.9,-38.2,-37.0,10.45,10.45,3.295,6.8725,1.225,9.231910796397036,-7.538102564084864,-7.109646397011995,8.256283618210107,-7.546956404975047,-7.491771794692963,9.742538169471112,1.760661583448462,7.053814009992216
2023-03-01 07:30:00,3.33,293,-29.6,-27.2,13.89605555555556,33.305,0.0,-29.6,-27.2,-36.9,10.39,10.39,3.09,6.74,1.225,10.24158561007718,-8.322101947524136,-7.467969393223353,9.105854280811336,-8.241323904812557,-8.416655334653074,1.006744996273584,6.661231483793233,11.89864654247348
2023-03-01 15:25:00,2.22,297,-8.5,-16.7,13.88913888888889,33.42416666666666,0.0,-8.5,-16.7,-19.4,9.32,9.32,3.01,6.165,1.225,4.263075767273853,-3.847332907615583,-3.233957332067399,3.886368765277557,-3.81002693352631,-4.008042567452325,-0.6385135451591594,3.481790168120915,5.754061839864534
2023-03-01 23:20:00,2.42,277,-30.1,-28.1,13.88786111111111,33.34333333333333,0.0,-30.1,-28.1,-34.5,10.29,10.29,3.57,6.93,1.225,6.049292938378228,-4.209849670611482,-4.732526566468347,5.611121120521745,-4.150053197680599,-4.449121325470476,1.587269479405983,4.908550117968224,7.689440114253089
2023-03-02 07:15:00,1.8,274,-31.6,-31.8,13.88455555555556,33.28833333333333,0.0,-31.6,-31.8,-39.1,11.0,11.0,3.28,7.14,1.225,3.439392193329843,-2.397232039012264,-2.719425077192971,3.199327510121208,-2.374198929791045,-2.590718348380673,0.6951807997734101,2.928682877668839,4.621954111197412
2023-03-02 15:10:00,2.82,291,-15.2,-16.6,13.88272222222222,33.27833333333334,0.0,-15.2,-16.6,-19.4,8.94,8.94,2.98,5.96,1.225,7.577702378977127,-5.848285564835014,-5.424341650707436,6.659893184533061,-5.791488864675537,-5.820339474371562,1.598128567183239,4.356564152259518,8.157325667946607
2023-03-02 23:05:00,1.88,265,-16.5,-16.6,13.88625,33.37138888888889,0.0,-16.5,-16.6,-23.4,9.05,9.05,3.315,6.182500000000001,1.225,3.582426129761453,-2.525178386611356,-3.194929294053596,3.472928763141272,-2.497088594358129,-2.633651766229991,1.751663292473503,2.922329601414304,4.683635549640891
2023-03-03 07:00:00,2.33,253,-14.7,-25.7,13.88825,33.33638888888889,0.0,-14.7,-25.7,-23.8,9.14,9.14,3.535,6.3375,1.225,5.951166561690448,-3.754137293274004,-4.257186235162625,5.742118302424961,-3.745320660772276,-3.69958851092298,5.660694086141979,3.182995339356522,5.949667175258258
2023-03-03 14:55:00,3.88,308,-17.1,-14.2,13.89,33.34111111111111,0.0,-17.1,-14.2,-29.0,9.44,9.44,3.88,6.66,1.225,11.39924180344679,-13.61131281724358,-8.948189185862994,10.26979326696295,-13.43537442857066,-14.46966243898948,-7.039038900139428,10.08392894681518,17.02679803241638
2023-03-03 22:50:00,2.12,293,-23.8,-24.5,13.89225,33.34555555555556,0.0,-23.8,-24.5,-31.1,9.1,9.1,3.795,6.4475,1.225,4.150978218392346,-3.372999575517182,-3.026814349566056,3.690659261033869,-3.340259733408143,-3.411322650223627,0.4080399959646129,2.69983846736469,4.822595299848753
2023-03-04 06:45:00,3.7,261,-22.8,-50.9,13.88763888888889,33.32833333333333,0.0,-22.8,-50.9,-31.7,9.22,9.22,4.155,6.6875,1.225,12.93315550982092,-9.19517758870835,-12.6267681550779,12.97062178648836,-9.031902203122643,-9.021998473609967,10.68740175489103,9.514630139538456,15.37331774450405
2023-03-04 14:40:00,6.38,269,-51.3,-64.6,13.88655555555555,33.38194444444444,0.0,-51.3,-64.6,-33.8,9.34,9.34,3.835,6.5875,1.225,44.06092042243449,-30.82315328152989,-36.04657982750646,41.42743941743161,-30.66161921438526,-33.83656273358812,8.569747248360118,39.02101915151147,62.17005694468933
2023-03-04 22:35:00,2.63,274,-28.1,-31.4,13.88,33.39694444444444,0.0,-28.1,-31.4,-33.5,9.68,9.68,3.595,6.6375,1.225,7.34257156235901,-5.117720460075287,-5.805552875443229,6.830070510727587,-5.068548326380148,-5.530783871578481,1.484103726528611,6.252285986588762,9.867158762883143
2023-03-05 06:30:00,4.54,270,-39.4,-36.9,13.89916666666667,19.44277777777778,0.0,-39.4,-36.9,-32.8,8.51,8.51,2.88,5.695,1.225,22.66614457311373,-15.82847933499934,-18.1582821176986,21.15887997051582,-15.76718665650975,-17.5777186144567,2.870559771302732,20.4384316563964,32.52312790298473
2023-03-05 14:25:00,3.64,278,-21.9,-29.5,13.892,33.38305555555556,0.0,-21.9,-29.5,-25.8,9.93,9.93,3.48,6.705,1.225,13.55967452340874,-9.431496061144157,-10.56898772223879,12.56514537329408,-9.282513975753623,-9.889524853524772,3.840460319221153,10.81472678698879,16.89528050726665
2023-03-05 22:20:00,1.39,238,-14.5,-31.9,13.89213888888889,33.395,0.0,-14.5,-31.9,-27.1,10.09,10.09,3.695,6.8925,1.225,1.498183440837302,-1.392521597624677,-1.242509284868549,1.346487506974741,-1.389639898492311,-1.38906571923283,1.872317731774504,0.1233782943014707,1.014935674442782
2023-03-06 06:15:00,1.93,250,-16.9,-27.8,13.89433333333333,33.29333333333334,0.0,-16.9,-27.8,-29.5,10.24,10.24,3.465,6.8525,1.225,4.352556129144701,-2.624550659705105,-2.693059079513199,4.12982637113757,-2.636536310238768,-2.608574676412237,4.188461572419676,2.063011521147875,4.119749541035241
2023-03-06 14:10:00,1.44,286,-11.7,-19.5,13.8905,33.28222222222222,0.0,-11.7,-19.5,-26.0,10.05,10.05,3.55,6.800000000000001,1.225,2.03679544484037,-1.484377548710631,-1.498375918972569,1.822461436639986,-1.464538869477468,-1.490758315957469,0.5902078259173241,1.289341605144991,2.241710434652817
2023-03-06 22:05:00,1.6,189,-8.5,-28.8,13.89522222222222,33.48611111111111,0.0,-8.5,-28.8,-23.4,10.06,10.06,3.64,6.850000000000001,1.225,-1.608728951737068,-1.764478901765234,-1.597422558857473,-1.087854592598848,-1.176087227576694,-1.983422016877327,0.05700867671238066,-1.236294669884344,-1.282133868615398
2023-03-07 06:00:00,0.96,163,0.4,-9.0,13.88969444444444,33.44277777777778,0.0,0.4,-9.0,-18.6,10.04,10.04,3.24,6.64,1.225,-0.7615124908784647,-0.2062743125682013,-0.5800958784904826,-0.756849100955133,-0.1419058186217998,-0.6694905249032191,-0.7804115478938287,-0.7370005194594813,-0.7381271011535678
2023-03-07 13:55:00,3.16,260,-11.1,-27.2,13.90444444444444,33.49888888888889,0.0,-11.1,-27.2,-19.8,9.04,9.04,3.14,6.09,1.225,9.2616175786115,-6.600227318882811,-9.255960575177747,9.37311748703485,-6.471199530245623,-6.365713074832764,8.507123606540578,6.610977617353671,10.708660082217
2023-03-07 21:50:00,1.14,187,-1.9,-16.2,13.89275,33.47027777777778,0.0,-1.9,-16.2,-18.3,9.21,9.21,3.74,6.475000000000001,1.225,-0.9189894798265833,-0.8556224645645373,-0.8121215134691463,-0.6980894350219178,-0.5427163256197568,-1.001803614120365,-0.2568151767940017,-0.6609842421732395,-0.6906864612038365
2023-03-08 05:45:00,1.88,204,-0.4,-18.1,13.88683333333333,33.48138888888889,0.0,-0.4,-18.1,-16.3,9.45,9.45,3.505,6.477499999999999,1.225,-0.5655525279110103,-2.823109443120065,-2.220566095564439,-0.3011762720848937,-2.508475040030103,-2.813145987027833,1.428018204797128,-1.279678167370567,-0.8869796349725971
2023-03-08 13:40:00,5.35,249,-9.1,-23.6,13.90205555555556,33.5175,0.0,-9.1,-23.6,-15.3,8.31,8.31,3.7,6.005000000000001,1.225,32.35375766401432,-20.16862015904593,-20.48588229059336,30.52977291247133,-20.25216918643604,-20.04570211534647,31.42130810980338,14.45994861701929,30.05967772289328
2023-03-08 21:35:00,1.14,183,-8.8,-21.1,13.89302777777778,33.44861111111111,0.0,-8.8,-21.1,-18.8,9.02,9.02,3.905,6.462499999999999,1.225,-1.123605825669209,-0.7753699087450984,-0.8144814486174607,-0.9897559390177353,-0.4340529136103085,-0.9916176758503329,-0.8283271524565439,-0.7277272945027703,-0.7702928401329382
2023-03-09 05:30:00,1.82,201,-2.1,-19.0,13.88844444444445,33.51166666666666,0.0,-2.1,-19.0,-16.8,8.83,8.83,3.845,6.3375,1.225,-0.9013661862823777,-2.60672509325826,-2.04866918740987,-0.5676585099727818,-2.266033311975896,-2.560736865914299,1.096045108539659,-1.305678534971255,-1.01677921981478
2023-03-09 13:25:00,1.08,320,-3.6,-7.5,13.89638888888889,33.5,0.0,-3.6,-7.5,-11.0,7.82,7.82,3.645,5.7325,1.225,0.3611310359791362,-1.110103789051854,-0.6429904647272403,0.3080910041357539,-1.10099400338598,-1.145920731154448,-0.8133351165452426,0.5269867345611995,0.7466842506053605
2023-03-09 21:20:00,2.96,19,-5.5,-22.2,13.89275,33.47138888888889,0.0,-5.5,-22.2,-17.6,8.04,8.04,3.905,5.972499999999999,1.225,-7.345247727140371,-3.259529858177393,-6.502318858668167,-7.310506767033488,-1.940560623156222,9.517451069021694,-7.028801919010543,-8.027490401023282,-7.495654609826759
2023-03-10 05:15:00,1.04,336,-12.7,-23.9,13.88738888888889,33.48833333333334,0.0,-12.7,-23.9,-29.6,9.06,9.06,3.9,6.48,1.225,-0.2433988815489355,-0.9514944925077471,-0.636989897207839,-0.1378600926919374,-0.7594531995810557,0.125879748092739,-0.8954974227425124,0.06594226304490176,0.196451965922905
2023-03-10 13:10:00,2.48,169,-0.2,-11.6,13.89669444444444,33.51361111111111,0.0,-0.2,-11.6,-15.3,9.03,9.03,3.855,6.4425,1.225,-5.462561461571728,-2.020419355594586,-3.803465795176358,-5.441507693178027,-1.055251794714684,-4.444031258383269,-5.750904365057274,-4.834138460580881,-5.160924952685711
2023-03-10 21:05:00,2.63,162,3.7,-6.8,13.88658333333333,33.46777777777778,0.0,3.7,-6.8,-9.1,8.08,8.08,3.795,5.9375,1.225,-5.644068130856154,-1.427477047107476,-4.366524480491906,-5.607180811475724,-1.044762210656899,-5.029216049732721,-5.755505787239885,-5.547226478899546,-5.495838957098257
2023-03-11 05:00:00,3.7,153,7.9,-0.3,13.89208333333333,33.44861111111111,0.0,7.9,-0.3,-13.6,8.93,8.93,4.06,6.494999999999999,1.225,-10.66148534197652,-1.792027876709501,-8.000542122689273,-10.6460600086898,-2.324486266227735,-10.47246261299484,-10.67150292678031,-10.95301484766728,-10.69687145208789
2023-03-11 12:55:00,3.3,130,4.3,-4.3,13.90202777777778,33.50944444444445,0.0,4.3,-4.3,-5.4,7.57,7.57,3.735,5.6525,1.225,-6.525631942168218,2.181654680924791,-5.7132263821926,-6.522317917111513,1.204796274069545,-6.47095917181341,-6.712717257143665,-6.516816919893009,-6.624373747653054
2023-03-11 20:50:00,1.48,203,0.9,-9.4,13.88922222222222,33.49305555555556,0.0,0.9,-9.4,-7.9,7.11,7.11,3.68,5.395,1.225,-0.4323456949240631,-1.740976536309915,-1.369021693546712,-0.2495591835962299,-1.53588598850671,-1.726723130627614,0.8315924989827914,-0.81651287631939,-0.5905858024438324
2023-03-12 04:45:00,3.99,330,-64.4,-37.3,13.88519444444444,33.48666666666666,0.0,-64.4,-37.3,-70.3,8.84,8.84,4.73,6.785,1.225,0.8219458253213769,-14.09800762236569,-9.681811703233224,1.084221212268144,-12.0777623627362,0.383108095679168,-12.49823637353944,5.563328842001209,6.964672394340024
2023-03-12 12:40:00,5.45,304,-75.0,-47.8,13.87980555555556,33.50944444444445,0.0,-75.0,-47.8,-63.9,9.14,9.14,4.525,6.8325,1.225,23.43920924367896,-25.35708770535462,-18.38023084011092,21.47926011564615,-25.06793108732584,-26.95637352780534,-11.32246516658369,21.61792123549131,35.18900698658709
2023-03-12 20:35:00,3.6,268,-53.4,-46.0,13.88938888888889,33.46583333333334,0.0,-53.4,-46.0,-35.1,8.43,8.43,3.755,6.092499999999999,1.225,13.80554546476304,-9.675251552608426,-11.5365423687792,13.07630711706982,-9.610928017705264,-10.49427615325045,3.652168710719821,11.9969297459049,19.1393970290032
2023-03-13 04:30:00,1.11,260,-33.0,-44.8,13.88491666666667,33.50277777777778,0.0,-33.0,-44.8,-35.9,9.18,9.18,3.54,6.359999999999999,1.225,1.142769489926217,-0.8143867248433256,-1.142071485406636,1.156527204752408,-0.7984662855727881,-0.7854505567518677,1.049674230453718,0.8157131792122114,1.321316704784847
2023-03-13 12:25:00,3.13,195,0.1,-2.3,13.888,33.49305555555556,0.0,0.1,-2.3,-18.2,9.15,9.15,3.595,6.3725,1.225,-4.40143094491111,-7.28750398625111,-6.068011383632707,-2.786876711498497,-5.662004317886963,-7.554343519038262,2.149046311929605,-4.286009225868307,-3.973376834164287
2023-03-13 20:20:00,4.66,185,3.4,-1.9,13.88161111111111,33.47194444444445,0.0,3.4,-1.9,-13.0,8.78,8.78,3.67,6.225,1.225,-17.06532110496478,-13.62649199055199,-13.58981966893195,-14.10148315039069,-8.160637923755157,-16.65448575118793,-9.066065237408877,-11.60230234142873,-12.20607960761344
2023-03-14 04:15:00,3.82,208,1.6,-11.1,13.89575,33.4575,0.0,1.6,-11.1,-12.8,7.92,7.92,3.81,5.865,1.225,-0.1538090731568338,-11.8851508436225,-9.358435341457481,0.4329332611088939,-10.85526608008007,-12.05929491557106,7.318928812914952,-4.658528018693683,-2.57238497828808
2023-03-14 12:10:00,5.25,174,11.8,39.7,13.89641666666667,33.46416666666666,0.0,11.8,39.7,-16.5,9.27,9.27,4.66,6.965,1.225,-25.69238718869334,-11.78827578119433,-17.12110281858496,-25.0586488714998,-5.876775399276042,-20.28608665988131,-26.36981957514065,-19.5587269217807,-21.02342698061274
2023-03-14 20:05:00,4.4,181,2.8,23.7,13.89080555555556,33.53694444444444,0.0,2.8,23.7,-14.8,7.72,7.72,4.73,6.225,1.225,-18.26230764289973,-10.9528444852054,-12.15081949636021,-16.9167487981401,-5.656665573441146,-14.69615137119772,-16.59637549705456,-11.3380064389993,-12.06791253694013
2023-03-15 04:00:00,4.47,190,1.7,10.7,13.88872222222222,33.4975,0.0,1.7,10.7,-18.7,7.79,7.79,4.625,6.2075,1.225,-11.76971594258371,-14.08029056759544,-12.45887467476296,-7.369679712959305,-9.597072335595943,-15.51983763762876,2.64165463210488,-9.39279036143501,-9.7011248000226
2023-03-15 11:55:00,3.92,194,7.7,7.9,13.88852777777778,36.12,0.0,7.7,7.9,-10.7,7.43,7.43,4.5,5.965,1.225,-7.333212494837497,-11.31003961214368,-9.53043262307444,-4.630501320736552,-8.580799842149325,-11.86628705267645,3.102931953541244,-6.822784638967349,-6.477919669258887
2023-03-15 19:50:00,1.58,126,1.3,-3.3,13.88613888888889,36.14166666666667,0.0,1.3,-3.3,-8.9,6.24,6.24,4.915,5.577500000000001,1.225,-1.48579881169379,0.8120678747732357,-1.432059596423365,-1.479991317157368,0.6046409562563595,-1.199697412795259,-1.491315491176925,-1.478646381995977,-1.509944827111136
2023-03-16 03:45:00,2.72,329,-13.6,-19.7,13.88680555555556,36.1925,0.0,-13.6,-19.7,-26.7,7.1,7.1,4.885,5.9925,1.225,0.572840802470079,-6.600604037324172,-4.457249178295714,0.6488941732658097,-5.749860948740122,-0.5666156959932847,-5.743263449995021,2.661118949502007,3.386581687149604
2023-03-16 11:40:00,3.49,204,-13.8,-17.4,13.88938888888889,33.42194444444444,0.0,-13.8,-17.4,-25.8,7.08,7.08,4.529999999999999,5.805,1.225,-1.948983234837285,-9.728880525166,-7.65242109002502,-1.037900948285767,-8.644600734232307,-9.694544883600532,4.921176023157962,-4.409972851513764,-3.056671755299268
2023-03-16 19:35:00,3.66,334,-19.0,-21.8,13.89902777777778,33.48666666666666,0.0,-19.0,-21.8,-34.5,8.04,8.04,4.745,6.3925,1.225,-1.779125262406597,-11.81031097752705,-7.974919159406764,-0.8341658501109391,-9.658062377336842,1.146798361304913,-10.89926554928828,2.104840769781838,3.575457305029787
2023-03-17 03:30:00,2.51,339,-14.9,-19.1,13.89577777777778,33.46138888888889,0.0,-14.9,-19.1,-30.4,8.28,8.28,4.515000000000001,6.3975,1.225,-2.289258778706246,-5.52387335415941,-3.649801399990563,-1.41904125059296,-4.245709441543643,1.024031742075927,-5.351156730953794,-0.5246444412947305,0.338365717799621
2023-03-17 11:25:00,4.86,11,-3.5,-20.9,13.88872222222222,33.50416666666667,0.0,-3.5,-20.9,-13.2,7.86,7.86,4.185,6.0225,1.225,-20.46214368699668,-9.539012690145531,-17.51038312144562,-20.65603936240159,-5.281566309663971,25.62199478150878,-20.56721775456282,-21.9681789480647,-21.36741726082478
2023-03-17 19:20:00,0.92,340,-2.9,-13.5,13.89097222222222,33.43388888888889,0.0,-2.9,-13.5,-15.0,8.04,8.04,4.39,6.215,1.225,-0.3465834821118511,-0.7412927398182905,-0.4876292298763579,-0.2182315060698111,-0.5624295758132287,0.1505987276907366,-0.7249608399624647,-0.1111801764251393,0.00936713156701071
2023-03-18 03:15:00,1.89,55,-2.9,-13.5,13.88483333333333,33.44722222222222,0.0,-2.9,-13.5,-16.1,8.05,8.05,4.125,6.0875,1.225,-2.058705652868387,0.9246544323828844,-2.362164802465623,-2.06491645531074,1.327930855382938,3.522975921963463,-2.19864142411584,-1.977926031869878,-1.99267879722715
2023-03-18 11:10:00,2.93,88,3.8,-4.6,13.88563888888889,33.49444444444445,0.0,3.8,-4.6,-6.5,7.06,7.06,3.745,5.4025,1.225,-4.171252331027612,5.008378513291065,-6.562576150894661,-4.26021419014178,5.91655681119171,5.927895445403623,-4.538066262742029,-4.249982436536363,-4.344508154518511
2023-03-18 19:05:00,1.2,94,3.0,-3.4,13.88627777777778,33.47611111111111,0.0,3.0,-3.4,-5.5,6.5,6.5,4.49,5.495,1.225,-0.795673230630788,0.9156071746229472,-1.11059561391452,-0.8072082611105009,1.082657705471456,1.043177487525054,-0.8443093023876407,-0.8256851321540474,-0.8085362541096923
2023-03-19 03:00:00,0.46,172,-6.0,-16.9,13.89141666666667,33.48555555555556,0.0,-6.0,-16.9,-19.2,8.02,8.02,4.51,6.265,1.225,-0.1936801592258644,-0.0818512541881708,-0.1309533325705836,-0.1909142189130002,-0.04102116158540284,-0.1542474624269299,-0.2017057119534536,-0.1579928835364774,-0.1701519796829176
2023-03-19 10:55:00,1.17,166,0.0,-7.5,13.89255555555556,33.48583333333333,0.0,0.0,-7.5,-11.7,7.55,7.55,4.41,5.98,1.225,-1.173460466361441,-0.3780382030075023,-0.8540935427424201,-1.167654101625415,-0.2228241801115171,-0.9917703941345272,-1.21958470657869,-1.085321685619188,-1.122524950703554
2023-03-19 18:50:00,1.33,160,2.2,-0.1,13.88388888888889,33.51555555555556,0.0,2.2,-0.1,-8.0,6.03,6.03,4.515000000000001,5.272500000000001,1.225,-1.406910709441444,-0.3033342928982546,-1.123183783640437,-1.396512096877215,-0.2568075797171375,-1.288441484918585,-1.419857635392441,-1.42670857660281,-1.382958991061352
2023-03-20 02:45:00,0.95,246,-9.1,-15.8,13.88413888888889,33.48611111111111,0.0,-9.1,-15.8,-18.9,6.73,6.73,4.484999999999999,5.6075,1.225,0.9168818356984275,-0.6360637784346643,-0.6262819398667768,0.8487270745224156,-0.6378894104326807,-0.6321731807002043,0.9185516677827438,0.3242233662062475,0.7967610258003807
2023-03-20 10:40:00,2.27,131,-0.9,-7.6,13.60636111111111,33.47111111111111,0.0,-0.9,-7.6,-10.3,6.84,6.84,4.38,5.609999999999999,1.225,-3.106429338619643,0.9684935795287556,-2.721094292241243,-3.105445042142019,0.5133460280522636,-3.11067660299933,-3.187051937041947,-3.113915488024523,-3.149407292710562
2023-03-20 18:35:00,1.99,261,-11.5,-14.1,13.87811111111111,33.46361111111111,0.0,-11.5,-14.1,-12.4,5.25,5.25,4.75,5.0,1.225,3.741167942618103,-2.659884789557629,-3.65253941350796,3.752005795228089,-2.612654193906938,-2.609789346628403,3.091539787402772,2.75229268192741,4.447032549306829
2023-03-21 02:30:00,1.53,205,-11.6,-22.2,13.88819444444444,33.47277777777778,0.0,-11.6,-22.2,-19.7,6.81,6.81,4.970000000000001,5.890000000000001,1.225,-0.2871005848440407,-1.879000470172694,-1.478360203818915,-0.1322433645890375,-1.68140592856963,-1.881035240837675,1.002876643184057,-0.8224955427777514,-0.5437624822429762
2023-03-21 10:25:00,2.58,142,1.1,-4.1,13.886,33.49222222222222,0.0,1.1,-4.1,-6.5,6.21,6.21,4.495,5.3525,1.225,-4.411015321822074,0.2562137447346004,-3.726068376117301,-4.416639273834539,-0.2372763774830114,-4.707470622939869,-4.41805409619265,-4.561286974290127,-4.433244958073411
2023-03-21 18:20:00,0.98,310,-8.2,-5.5,13.89575,33.50638888888889,0.0,-8.2,-5.5,-11.2,5.1,5.1,4.984999999999999,5.0425,1.225,0.7118856711676887,-0.8925589593624803,-0.5591256566454849,0.6354918814254095,-0.8803976872594207,-0.948841333053997,-0.4905362492251075,0.6154642428276158,1.060444293503167
2023-03-22 02:15:00,1.56,281,-6.1,-8.2,13.88738888888889,33.45833333333334,0.0,-6.1,-8.2,-12.7,5.34,5.34,4.98,5.16,1.225,2.435189168592048,-1.705496659370206,-1.86855907838239,2.240060619971942,-1.674619616456648,-1.751350372307257,0.7796182394315286,1.818601321470515,2.871000742825742
2023-03-22 10:10:00,1.33,236,-2.4,-6.4,13.88538888888889,33.46222222222222,0.0,-2.4,-6.4,-8.0,5.03,5.03,4.975,5.0025,1.225,1.350996674437189,-1.302625072723339,-1.124674294783602,1.248533333815036,-1.296940611183417,-1.303980927088205,1.910989447308511,0.1067596949028243,0.8888961274238079
2023-03-22 18:05:00,1.1,149,0.2,-0.2,13.88477777777778,33.50333333333333,0.0,0.2,-0.2,-5.0,4.81,4.81,5.15,4.98,1.225,-0.9172384016263946,-0.1143552929633028,-0.68046840619102,-0.9183293722884702,-0.1963305577000529,-0.9334801506915075,-0.9151840187459805,-0.947783284435241,-0.9277970296481979
2023-03-23 02:00:00,1.58,164,-1.3,-5.5,13.89366666666667,33.50972222222222,0.0,-1.3,-5.5,-11.7,5.06,5.06,5.005,5.0325,1.225,-2.088502089278911,-0.6023030475296591,-1.566753564706433,-2.076551130186797,-0.3917113044798116,-1.811878079917449,-2.150669073977145,-1.990659056323904,-2.015308782890601
2023-03-23 09:55:00,1.48,206,-6.0,-14.2,13.89213888888889,33.45722222222222,0.0,-6.0,-14.2,-9.3,4.8,4.8,4.965,4.8825,1.225,-0.186790833841561,-1.766806765720646,-1.390460440196369,-0.0608322663306994,-1.592015704925753,-1.776789396835905,0.9918040319582756,-0.7461676531515865,-0.4679118540677254
2023-03-23 17:50:00,1.54,215,-1.9,-7.9,13.89033333333333,33.44361111111111,0.0,-1.9,-7.9,-1.2,4.67,4.67,5.43,5.05,1.225,0.5242231645600544,-1.790855297200363,-1.459153184820142,0.5698819023839409,-1.692738852057902,-1.83943255234313,1.688239574728469,-0.4605509475628061,0.07557458859676039
2023-03-24 01:45:00,2.02,228,-10.3,-18.7,13.88816666666667,33.42833333333333,0.0,-10.3,-18.7,-8.4,4.43,4.43,5.37,4.9,1.225,2.687250009255375,-3.118750252797802,-2.479654526965613,2.712512276193056,-3.073941722357358,-3.163947523597331,5.328934346752277,0.08880522732772926,1.582601604792542
2023-03-24 09:40:00,3.47,231,-10.1,-17.6,13.89352777777778,33.49277777777777,0.0,-10.1,-17.6,-9.0,4.56,4.56,5.47,5.015,1.225,8.845013758637897,-9.338803489749399,-7.436418072050051,8.767309379641551,-9.24827113101902,-9.424948857343542,16.35752121401837,0.6212536110113683,5.36473459491414
2023-03-24 17:35:00,2.35,244,-25.0,-16.8,13.88341666666667,33.47138888888889,0.0,-25.0,-16.8,-10.3,3.72,3.72,5.859999999999999,4.79,1.225,5.189227735910857,-3.89265328965249,-3.752084064179624,4.728766120783845,-3.900525260329893,-3.868785693170718,5.326197059808599,1.446639134930159,4.25925679410602
2023-03-25 01:30:00,2.09,211,-4.5,-15.5,13.88811111111111,33.48833333333334,0.0,-4.5,-15.5,-3.3,3.08,3.08,5.475,4.2775,1.225,0.4174394977533302,-3.533332984728151,-2.801394952775857,0.5143266540567131,-3.282786664139169,-3.618706821326341,2.544972143798608,-1.210424380150274,-0.4577036446292601
2023-03-25 09:25:00,2.69,209,-0.6,-6.9,13.88430555555555,33.455,0.0,-0.6,-6.9,-3.6,3.23,3.23,5.465,4.3475,1.225,0.1941300116500054,-5.922069284363661,-4.664282188612367,0.4225066123217365,-5.444733876640375,-6.035112428485256,3.805743165365768,-2.232614447409447,-1.14051132641304
2023-03-25 17:20:00,0.88,302,-3.8,-3.9,13.88869444444444,33.49527777777778,0.0,-3.8,-3.9,-6.6,3.06,3.06,5.475,4.2675,1.225,0.6234672282822401,-0.6415766836950254,-0.4886628242873921,0.5758673709066778,-0.6347935440347288,-0.6820444647909099,-0.261752451181106,0.5860705454988636,0.9382351369093829
2023-03-26 01:15:00,1.11,221,-5.2,-9.2,13.88533333333333,33.51722222222222,0.0,-5.2,-9.2,-8.9,3.06,3.06,5.43,4.245,1.225,0.5088247355804503,-0.8593466723720379,-0.7217673649807725,0.5265876645485719,-0.8345973271047209,-0.8843991191584704,1.142733215564456,-0.0942744190360738,0.2782397802096802
2023-03-26 10:10:00,3.42,243,-10.6,-21.0,13.89794444444444,33.51861111111111,0.0,-10.6,-21.0,-13.4,4.04,4.04,5.425,4.7325,1.225,10.54442280480304,-8.24499660359075,-7.86180422430445,9.523210998507915,-8.258175213856404,-8.194381976007532,10.96874434813549,2.494904921378385,8.36835238257767
2023-03-26 18:05:00,2.2,298,-11.5,-10.0,13.89583333333333,33.52027777777778,0.0,-11.5,-10.0,-12.7,3.68,3.68,5.47,4.575,1.225,4.115719349423475,-3.814812636818161,-3.155047048577154,3.77721064646259,-3.777830957786946,-4.001778940608587,-0.8936799032338726,3.54731114611514,5.765207051985592
2023-03-27 02:00:00,2.23,227,-23.9,-23.7,13.89086111111111,33.47972222222222,0.0,-23.9,-23.7,-21.2,4.73,4.73,5.435,5.0825,1.225,3.100549458130944,-3.753411976684845,-3.006470337353933,3.137180935236824,-3.692333709300988,-3.81507109651343,6.225621707680973,0.03841059925452917,1.813654139081354
2023-03-27 09:55:00,1.39,251,-7.9,-12.1,13.88063888888889,33.45916666666667,0.0,-7.9,-12.1,-14.0,4.4,4.4,4.975,4.6875,1.225,2.211099620741055,-1.352922304230477,-1.436289413902853,2.109280387172422,-1.356021008241779,-1.340926673852072,2.119896982025346,1.090987758087751,2.130417464135816
2023-03-27 17:50:00,2.54,158,1.6,0.2,13.89113888888889,33.43333333333333,0.0,1.6,0.2,-0.6,4.06,4.06,5.295,4.6775,1.225,-5.100776539754956,-1.031528251717886,-4.003332173572593,-5.071609412005958,-0.9820120436344261,-4.766692736557019,-5.135854321943989,-5.19160686135318,-5.043142860235824
2023-03-28 01:45:00,2.73,158,1.7,-2.6,13.89402777777778,33.54027777777777,0.0,1.7,-2.6,-2.2,4.86,4.86,5.39,5.125,1.225,-5.89242629318924,-1.191623303866983,-4.624656574558121,-5.858732374409324,-1.134422090644648,-5.506492078908457,-5.932948210678955,-5.997353645139053,-5.825847762268517
2023-03-28 09:40:00,0.78,81,-3.7,-7.7,13.88758333333333,33.44805555555556,0.0,-3.7,-7.7,-9.2,4.03,4.03,4.96,4.495,1.225,-0.3201809410340985,0.4508770530526448,-0.4717626561977454,-0.3272382910158623,0.5168905045014125,0.6422226672914233,-0.3438725300128946,-0.3259113803886379,-0.3268177593310589
2023-03-28 17:35:00,3.64,206,-61.5,-38.1,13.88822222222222,33.45111111111111,0.0,-61.5,-38.1,-74.7,6.6,6.6,5.645,6.1225,1.225,-1.129886702002898,-10.68730958870173,-8.410812932992062,-0.3679707797549466,-9.630008803864255,-10.74769393367285,5.999363906973326,-4.513523985206931,-2.830371120186147
2023-03-29 01:30:00,5.84,307,-92.6,-54.3,13.89522222222222,33.49722222222222,0.0,-92.6,-54.3,-97.2,8.66,8.66,5.46,7.06,1.225,26.09711508733079,-30.40623068126093,-20.48025739445834,23.61542588061869,-30.02428531959522,-32.32375886577273,-15.21038373794065,23.33942455632392,39.03189349571168
2023-03-29 09:25:00,6.73,308,-68.6,-50.6,13.89725,33.48527777777777,0.0,-68.6,-50.6,-65.0,7.95,7.95,4.82,6.385,1.225,34.29593468217499,-40.95120564752709,-26.9216599782372,30.89785839762636,-40.42187469814858,-43.53364955646898,-21.17776098682944,30.33866413774081,51.22708713747689
2023-03-29 17:20:00,4.2,295,-34.4,-35.9,13.88575,33.50861111111111,0.0,-34.4,-35.9,-52.3,8.65,8.65,4.609999999999999,6.63,1.225,15.77537210024713,-13.50460917934097,-11.72752692359995,14.1978575786317,-13.37359533734422,-13.86742641765473,-0.3419464903237024,11.52938412046424,19.76169139560532
2023-03-30 01:15:00,2.58,288,-30.9,-34.3,13.89127777777778,33.46388888888889,0.0,-30.9,-34.3,-40.9,9.06,9.06,4.38,6.720000000000001,1.225,6.489258068805183,-4.804982389291546,-4.689488631672641,5.739506994609628,-4.749607478866204,-4.783490417165639,1.799484413291292,3.804726027124993,6.933351990367372
2023-03-30 09:10:00,1.44,302,-13.4,-26.8,13.89630555555556,33.46944444444444,0.0,-13.4,-26.8,-32.0,10.04,10.04,3.82,6.93,1.225,1.669449437714428,-1.717940872042878,-1.308485579083595,1.541991968378212,-1.699777754274811,-1.826300880927726,-0.7008908610138707,1.569312865633321,2.512299044286281
2023-03-30 17:05:00,0.8,215,-5.0,-13.0,13.89016666666667,33.46777777777778,0.0,-5.0,-13.0,-18.0,8.47,8.47,3.895,6.1825,1.225,0.1414668684931838,-0.4832802286254986,-0.3937670932218295,0.1537883359443929,-0.45680252374644,-0.4963892871899152,0.4555883487207877,-0.1242842833699595,0.02039455924351773
2023-03-31 01:00:00,1.3,140,1.3,-6.8,13.88805555555555,33.51055555555556,0.0,1.3,-6.8,-13.6,8.2,8.2,4.375,6.2875,1.225,-1.073864338387229,0.1292702869816849,-0.9447605997246764,-1.075264814384441,0.0008923563281520974,-1.164155261356354,-1.076981827250546,-1.110728602412647,-1.076907308426127
2023-03-31 08:55:00,1.66,183,1.1,-4.5,13.88613888888889,33.49444444444445,0.0,1.1,-4.5,-17.5,8.88,8.88,4.115,6.4975,1.225,-2.382431681451271,-1.644051493180974,-1.726981440297226,-2.09862378082277,-0.9203418042048062,-2.102571304688502,-1.756339105347224,-1.543032727556044,-1.633286357548726
2023-03-31 16:50:00,1.46,193,-0.2,-11.1,13.88475,33.46416666666666,0.0,-0.2,-11.1,-10.4,7.75,7.75,3.84,5.795,1.225,-1.076841620792627,-1.552209583730987,-1.323817694055155,-0.6783040773777423,-1.148693537045599,-1.648474231573755,0.3932791215653311,-0.9603436563989972,-0.9326877840383414
2023-04-01 00:45:00,1.3,248,-5.4,-12.2,13.88922222222222,33.44944444444445,0.0,-5.4,-12.2,-0.5,7.03,7.03,3.79,5.41,1.225,1.845850418669332,-1.190922790596544,-1.197305425046493,1.731511297212306,-1.19535107362006,-1.183655890870561,1.810188728883129,0.7715642033936264,1.680570158462966
2023-04-01 08:40:00,1.84,195,-0.8,-2.7,13.88919444444444,33.47055555555556,0.0,-0.8,-2.7,-12.3,7.03,7.03,3.87,5.45,1.225,-1.521040799343778,-2.518406179082339,-2.096975506581357,-0.9630852406832074,-1.95666811120233,-2.610620238856776,0.7426646381680809,-1.481153511324985,-1.37311441473799
2023-04-01 16:35:00,2.54,123,3.5,-0.2,13.89905555555556,33.41861111111111,0.0,3.5,-0.2,-3.2,5.98,5.98,4.435,5.2075,1.225,-3.820220267205219,2.703320770143855,-3.938149697199105,-3.795427607554701,2.199247707125761,-2.550581238689029,-3.762043486168236,-3.791789190929072,-3.88555036395038
2023-04-02 00:30:00,3.04,158,3.5,5.7,13.88636111111111,33.48277777777778,0.0,3.5,5.7,-8.9,5.96,5.96,4.62,5.29,1.225,-7.306611766042439,-1.477613536343855,-5.734576634522983,-7.264831288671687,-1.406684001248049,-6.828053133201895,-7.356858965477953,-7.436721738775118,-7.22405435196779
2023-04-02 08:25:00,2.22,154,0.2,-4.7,13.89138888888889,33.46222222222222,0.0,0.2,-4.7,-8.6,5.95,5.95,4.46,5.205,1.225,-3.849808017144097,-0.6737016425963238,-2.915788045409629,-3.840909346800825,-0.8194845375698587,-3.744327912028145,-3.858052289879955,-3.947645635403177,-3.851193902635136
2023-04-02 16:20:00,2.56,128,0.3,-3.6,13.89511111111111,33.495,0.0,0.3,-3.6,-5.7,5.05,5.05,4.484999999999999,4.7675,1.225,-3.913836666074145,1.722388235077815,-3.598845267797865,-3.905216499914214,1.156180949739162,-3.521846031902825,-3.977371869702167,-3.90179587480077,-3.97524237140454
2023-04-03 00:15:00,1.77,119,-3.4,-8.9,13.89158333333333,33.45083333333334,0.0,-3.4,-8.9,-11.1,5.03,5.03,4.7,4.865,1.225,-1.847729761425544,1.628675285196197,-2.023762557879636,-1.828448319098844,1.436400124411128,-0.8416572128015835,-1.764777630137242,-1.84656045195788,-1.882516946432851
2023-04-03 08:10:00,1.72,152,-2.6,-14.8,13.88661111111111,33.48694444444445,0.0,-2.6,-14.8,-10.3,6.12,6.12,4.855,5.487500000000001,1.225,-2.296932775705568,-0.370105197482419,-1.707546342384991,-2.295607624749234,-0.5127230473295968,-2.278554571248345,-2.296313524024366,-2.364201875348436,-2.311394692237059
2023-04-03 16:05:00,5.0,348,-25.7,-23.6,13.88925,33.46861111111111,0.0,-25.7,-23.6,-40.1,7.05,7.05,4.99,6.02,1.225,-18.32249933959448,-19.38627917540767,-17.88605739537232,-9.85193603752364,-12.03138816168528,17.06590731224454,-21.93534169955878,-6.704545550187071,-0.07068373246828694
2023-04-04 00:00:00,1.43,343,-14.1,-22.2,13.87966666666667,33.51805555555556,0.0,-14.1,-22.2,-28.1,7.61,7.61,4.755,6.1825,1.225,-1.085355627262637,-1.713995757684804,-1.284947254448016,-0.6317225474599633,-1.218312447511142,0.7508749198623145,-1.767523287180641,-0.3735337473008116,0.01197623459777982
2023-04-04 07:55:00,1.74,352,-17.9,-24.0,13.88727777777778,33.45555555555556,0.0,-17.9,-24.0,-34.3,8.04,8.04,4.5,6.27,1.225,-2.570584890642243,-2.142409078718786,-2.322028569462874,-1.604731001015687,-1.229540865701723,2.520303993476533,-2.731182294468485,-1.281739515115574,-0.6843299437146202
2023-04-04 15:50:00,1.77,340,-13.2,-17.3,13.89808333333333,33.48055555555555,0.0,-13.2,-17.3,-27.8,7.83,7.83,4.445,6.1375,1.225,-1.282858448851865,-2.743851635842062,-1.804931018761391,-0.8077711311036283,-2.081800115861606,0.5574323652910074,-2.683400065593579,-0.4115269077532124,0.03467188857075596
2023-04-04 23:45:00,2.66,275,-13.3,-21.6,13.883,33.49083333333333,0.0,-13.3,-21.6,-28.3,8.06,8.06,4.48,6.27,1.225,7.443575349173672,-5.185515859432479,-5.865088157684291,6.917604991245717,-5.127900622351105,-5.563570906631665,1.651340211232543,6.240632928074021,9.825781611735868
2023-04-05 07:40:00,2.58,342,-12.7,-21.8,13.89113888888889,33.43555555555555,0.0,-12.7,-21.8,-27.8,8.68,8.68,4.335,6.5075,1.225,-3.263863550373226,-5.6627767570163,-4.066738843359397,-1.942973717179036,-4.118221654454037,2.024247772019466,-5.736122517479947,-1.102052630360902,0.05054492641807208
2023-04-05 15:35:00,4.01,2,-11.1,-18.7,13.88708333333333,33.47555555555556,0.0,-11.1,-18.7,-22.5,9.03,9.03,4.335,6.682499999999999,1.225,-15.53576739157602,-8.215689507359528,-13.10837586108056,-14.89023583725349,-4.434775894593733,15.4125695664084,-15.43384335384444,-14.66710764142292,-17.1432666635816
2023-04-05 23:30:00,2.7,347,-3.8,-14.6,13.88333333333333,33.45111111111111,0.0,-3.8,-14.6,-14.7,8.75,8.75,4.274999999999999,6.512499999999999,1.225,-5.048123936736689,-5.744498698192482,-5.088618252988828,-2.748673582887809,-3.675330843234486,4.516503645105044,-6.377308773744262,-1.830363445248624,-0.007950126077895761
2023-04-06 07:25:00,1.48,44,1.7,-5.2,13.88330555555556,33.47277777777778,0.0,1.7,-5.2,-7.9,7.53,7.53,3.93,5.73,1.225,-1.278479746539083,0.09841951631378315,-1.357872077685257,-1.277690982217367,0.3467253521549348,2.376405612039501,-1.373140113349894,-1.286131828717623,-1.296040502719842
2023-04-06 15:20:00,3.67,88,8.4,7.2,13.89997222222222,33.40583333333333,0.0,8.4,7.2,3.0,6.36,6.36,4.35,5.355,1.225,-6.544302265766379,7.85767444672227,-10.29606424288985,-6.683875048701863,9.282520708949436,9.300309958717847,-7.119798796287214,-6.667822390413938,-6.816124344185066
2023-04-06 23:15:00,2.61,102,2.6,-0.3,13.89825,33.49472222222222,0.0,2.6,-0.3,-3.0,5.17,5.17,4.46,4.815,1.225,-4.46250259997298,5.057778191044677,-5.149677837180124,-4.471684362824243,5.840931183098885,5.220285473696476,-4.452034371693036,-4.739920380342578,-4.419122450817229
2023-04-07 07:10:00,2.6,163,-3.2,-2.8,13.88533333333333,33.50944444444445,0.0,-3.2,-2.8,-14.7,5.73,5.73,4.505,5.1175,1.225,-5.585747003405405,-1.513036407292796,-4.255043553163697,-5.551540714471245,-1.040889034161639,-4.910759492562675,-5.724372899047615,-5.405949990826924,-5.414213545787889
2023-04-07 15:05:00,1.96,68,3.1,-1.6,13.89336111111111,33.415,0.0,3.1,-1.6,-2.5,5.36,5.36,4.51,4.935,1.225,-2.09278210012855,1.967594408608335,-2.697042760625752,-2.124542568666843,2.582377890670938,4.604547941498304,-2.485988671697187,-1.921322610557845,-1.962286498661049
2023-04-07 23:00:00,0.22,315,-0.7,-5.2,13.88319444444445,33.48611111111111,0.0,-0.7,-5.2,-7.2,5.03,5.03,4.975,5.0025,1.225,0.02543057922080771,-0.04552254146825779,-0.02742926422626752,0.0224051678346713,-0.04502709756562646,-0.04768385095924548,-0.02923520231235316,0.02644207565361846,0.04221280527208052
2023-04-08 06:55:00,1.24,68,-1.3,-5.9,13.87625,33.4775,0.0,-1.3,-5.9,-8.6,4.98,4.98,4.93,4.955,1.225,-0.8376358176691117,0.7875294571730986,-1.079491084115513,-0.8503479418945591,1.033596481855382,1.842969834144053,-0.9950167069974997,-0.7690091748213616,-0.7854049667693744
2023-04-08 14:50:00,3.31,104,4.8,5.8,13.89775,33.4775,0.0,4.8,5.8,4.2,4.63,4.63,5.0,4.815,1.225,-7.015281306815553,7.700517355920621,-7.951336592060173,-6.989898986438812,8.767967043587369,6.58314173144799,-6.776478410224469,-7.486331785589136,-7.006279925857637
2023-04-08 22:45:00,0.68,256,-11.3,-11.6,13.88225,33.39888888888889,0.0,-11.3,-11.6,-13.7,4.06,4.06,5.125,4.592499999999999,1.225,0.4734511462500898,-0.3137029018247782,-0.39089160569741,0.465489409160928,-0.3107131403559782,-0.3063938681252548,0.4443401597590415,0.2861183486457657,0.5020957713656298
2023-04-09 06:40:00,0.17,215,-2.6,-7.1,13.89875,33.46944444444444,0.0,-2.6,-7.1,-9.7,4.02,4.02,4.975,4.4975,1.225,0.006388113280395334,-0.02182312282387018,-0.01778104530329824,0.006944504544988993,-0.02062748896292519,-0.02241507874966961,0.02057266137192307,-0.005612212170924734,0.0009209418158400976
2023-04-09 14:35:00,2.94,119,6.6,4.8,13.887,33.47555555555556,0.0,6.6,4.8,4.6,4.08,4.08,5.255,4.6675,1.225,-5.097844478233534,4.49347814967661,-5.583514968651545,-5.044647416439329,3.962995344683849,-2.322113149022238,-4.868981430576867,-5.094618379949291,-5.193821532186472
2023-04-09 22:30:00,1.49,74,0.1,-3.6,13.89397222222222,33.50083333333333,0.0,0.1,-3.6,-4.7,4.0,4.0,5.435,4.717499999999999,1.225,-1.194856384612862,1.388841004991881,-1.628950205639772,-1.217666645465803,1.711735689873429,2.679152825135659,-1.373634508932931,-1.145259630975726,-1.160674432436559
2023-04-10 06:25:00,1.5,72,-0.3,-4.9,13.88808333333333,33.50944444444445,0.0,-0.3,-4.9,-5.6,3.58,3.58,5.0,4.29,1.225,-1.215570756980319,1.304017086405638,-1.618446717769494,-1.237561593302927,1.658673125530308,2.789502291377631,-1.428352076537442,-1.141460402341621,-1.162193044432326
2023-04-10 14:20:00,3.41,123,4.1,2.2,13.88688888888889,33.49666666666667,0.0,4.1,2.2,4.5,3.37,3.37,4.945,4.157500000000001,1.225,-6.885408780626357,4.87235480304262,-7.097959962490067,-6.840723504775068,3.963834128468762,-4.59706331787462,-6.780553329641154,-6.834165771443106,-7.003157075307121
2023-04-10 22:15:00,1.0,70,0.2,-1.3,13.88925,33.48166666666667,0.0,0.2,-1.3,-4.4,3.88,3.88,5.465,4.672499999999999,1.225,-0.5423079860797205,0.5335504218181528,-0.7048910016166683,-0.5515809666802995,0.7033587295396023,1.272786354492484,-0.6509198775115139,-0.4987719890058771,-0.5102577126968568
2023-04-11 06:10:00,0.44,340,-5.3,-12.1,13.89413888888889,33.45944444444444,0.0,-5.3,-12.1,-14.0,4.09,4.09,5.1,4.595,1.225,-0.07927523881953492,-0.1695584527750721,-0.1115371206333446,-0.04991684732409667,-0.1286464625206061,0.03444696795950686,-0.1658228008231724,-0.02543062636567459,0.002142576407577118
2023-04-11 14:05:00,4.39,40,7.1,7.7,13.89602777777778,33.43861111111111,0.0,7.1,7.7,6.7,3.97,3.97,5.15,4.56,1.225,-11.06394039808707,0.2739790019206625,-11.79431135952735,-11.06224423846373,2.567907923454929,21.09220001542829,-12.43891045646675,-11.12746344808549,-11.26137237783701
2023-04-11 22:00:00,1.38,57,0.2,-0.9,13.89308333333333,33.55138888888889,0.0,0.2,-0.9,-3.7,4.03,4.03,5.475,4.7525,1.225,-1.081016406975676,0.6208229887301054,-1.281791100706094,-1.08623726402276,0.8419443605902488,1.813929111087113,-1.184683483610658,-1.017837072307485,-1.028172847503924
2023-04-12 05:55:00,1.06,23,0.4,-7.0,13.88994444444445,33.50277777777778,0.0,0.4,-7.0,-5.5,4.67,4.67,5.395,5.0325,1.225,-0.9116372320133557,-0.3779761121272972,-0.7925159772822432,-0.9023105913473519,-0.2222402257773196,1.165193517890706,-0.8647896183629865,-0.9861590253104932,-0.934073188375594
2023-04-12 13:50:00,2.9,62,-0.2,-4.5,13.89241666666667,33.53083333333333,0.0,-0.2,-4.5,-8.0,4.77,4.77,5.05,4.91,1.225,-4.643576864479275,3.768290638032059,-5.832977806036304,-4.687738618911092,4.867543365067968,8.208558406101266,-5.346517572197641,-4.240559096798082,-4.30948555311834
2023-04-12 21:45:00,4.42,74,1.1,-1.4,13.88988888888889,33.52583333333333,0.0,1.1,-1.4,-3.7,4.52,4.52,4.98,4.75,1.225,-10.51447784890353,12.22150056750749,-14.33440962004453,-10.71520321268327,15.0629039825428,23.57596561099964,-12.08768668993168,-10.07803714003612,-10.21368406011152
2023-04-13 05:40:00,0.4,217,0.2,-7.9,13.89258333333333,33.425,0.0,0.2,-7.9,-4.8,4.04,4.04,4.895,4.467499999999999,1.225,0.04540483866649967,-0.1165185088983512,-0.09635623468814446,0.04825093954235855,-0.1111780249674173,-0.1198708182755072,0.1242354864274716,-0.02443816909150386,0.01603061843986962
2023-04-13 13:35:00,2.61,70,2.1,-1.0,13.89425,33.47055555555556,0.0,2.1,-1.0,-3.2,4.57,4.57,4.93,4.75,1.225,-3.694256231973665,3.634598828467439,-4.801787992112907,-3.757424703122869,4.791350001496726,8.67034792543825,-4.434131297596185,-3.397684666306936,-3.475926564662259
2023-04-13 21:30:00,2.2,53,-2.7,-7.2,13.90022222222222,33.45916666666667,0.0,-2.7,-7.2,-8.8,4.59,4.59,4.98,4.785,1.225,-2.831482281326359,0.9279013011653373,-3.143557913067906,-2.83504415730108,1.45876008372038,4.936809341082744,-2.947224803449755,-2.773147548050399,-2.786857731608101
2023-04-14 05:25:00,3.09,53,-4.4,-9.2,13.88986111111111,33.48555555555556,0.0,-4.4,-9.2,-11.9,5.05,5.05,5.005,5.0275,1.225,-5.585800820316572,1.830515374722471,-6.201447378050346,-5.592827503786454,2.877765941192265,9.739080427601683,-5.814131641698059,-5.47072109577273,-5.497767832059361
2023-04-14 13:20:00,4.85,65,0.4,-1.4,13.88786111111111,33.49166666666667,0.0,0.4,-1.4,-6.3,5.08,5.08,4.890000000000001,4.985,1.225,-12.90112448195843,11.29378238331366,-16.41445675572707,-13.06012024511777,14.71325996921114,25.57659033950263,-15.08799730792992,-11.81257882435423,-12.03438435359268
2023-04-14 21:15:00,2.84,70,-1.8,-6.1,13.90122222222222,33.44277777777778,0.0,-1.8,-6.1,-7.9,4.72,4.72,4.845000000000001,4.782500000000001,1.225,-4.374039292524594,4.303404282216493,-5.685368862639399,-4.448831444856624,5.673010168974617,10.26578562079458,-5.250059364056868,-4.022895354525803,-4.115534607527768
2023-04-15 05:10:00,3.59,107,1.6,-7.1,13.88608333333333,33.43027777777777,0.0,1.6,-7.1,-7.0,5.05,5.05,4.945,4.9975,1.225,-7.966696144013102,8.29253219858807,-8.769350786131787,-7.865993491449644,9.209221550442185,4.545316157186774,-7.294120498824737,-8.564697445524544,-8.063333537496792
2023-04-15 13:05:00,4.28,125,6.0,-3.7,13.88655555555555,33.45638888888889,0.0,6.0,-3.7,-1.7,5.04,5.04,4.55,4.795,1.225,-10.8841123459309,6.531161176203934,-10.73283734482028,-10.83223729059851,5.039357598224381,-8.282865191410828,-10.85603810874547,-10.82221434486018,-11.06406530931966
2023-04-15 21:00:00,5.06,139,-0.6,-9.6,13.89208333333333,33.46972222222222,0.0,-0.6,-9.6,-9.6,6.1,6.1,4.74,5.42,1.225,-16.17644601857688,2.275538503304724,-14.22510409268724,-16.19476241926709,0.2954283167153056,-17.3947133858676,-16.26293898152478,-16.67701971206752,-16.24115237270957
2023-04-16 04:55:00,2.52,141,-2.2,-10.2,13.88997222222222,33.45583333333333,0.0,-2.2,-10.2,-11.8,6.05,6.05,4.58,5.315,1.225,-4.121712831103808,0.3650928545339178,-3.552420892877134,-4.127026775844158,-0.1115077230308772,-4.432766420740601,-4.130927618989293,-4.262655793690873,-4.138033874728842
2023-04-16 12:50:00,3.24,131,-0.1,-7.6,13.88813888888889,33.42222222222222,0.0,-0.1,-7.6,-9.0,5.9,5.9,4.484999999999999,5.1925,1.225,-6.328485440255693,1.973036193301066,-5.543472499414247,-6.326480210054544,1.045799698049922,-6.337138059664609,-6.492731551998203,-6.343736386711607,-6.416041063470743
2023-04-16 20:45:00,1.31,110,-2.2,-8.8,13.89627777777778,33.44333333333334,0.0,-2.2,-8.8,-9.9,5.04,5.04,4.48,4.76,1.225,-1.022759359055844,1.002200599591071,-1.089894179683606,-0.9999172089069309,1.079122881509958,0.1793074334899616,-0.8810520014819736,-1.108229081124706,-1.049904563175427
2023-04-17 04:40:00,0.92,46,0.0,-9.0,13.88747222222222,33.45611111111111,0.0,0.0,-9.0,-8.9,6.06,6.06,4.48,5.27,1.225,-0.4980772977790133,0.05102957471743837,-0.528056327646493,-0.497657360393455,0.1445797871141709,0.9142446528799901,-0.5227511050415926,-0.5011176831863636,-0.50392041672716
2023-04-17 12:35:00,2.72,123,3.0,-1.2,13.89369444444445,33.4025,0.0,3.0,-1.2,-1.5,5.06,5.06,4.465,4.762499999999999,1.225,-4.380853993566107,3.100044699893406,-4.516090073742617,-4.35242290466438,2.521996750635382,-2.924889986409095,-4.314139520129438,-4.348250534777366,-4.455771562503952
2023-04-17 20:30:00,1.46,65,0.2,-1.2,13.88144444444444,33.46861111111111,0.0,0.2,-1.2,-3.9,5.04,5.04,4.98,5.01,1.225,-1.169094991847916,1.023438262441126,-1.487471825720388,-1.183503127409632,1.333310020209182,2.317740885011535,-1.367268575261279,-1.070451398533042,-1.090551331198562
2023-04-18 04:25:00,1.69,46,2.6,-8.2,13.88152777777778,33.455,0.0,2.6,-8.2,-4.1,5.12,5.12,4.93,5.025,1.225,-1.680716647195935,0.1721946696012236,-1.781878163269315,-1.679299606592328,0.4878713728459163,3.085035625106969,-1.763976170970336,-1.690976151876858,-1.700433721897969
2023-04-18 12:20:00,4.4,60,10.4,6.9,13.88491666666667,33.50277777777778,0.0,10.4,6.9,7.6,4.84,4.84,4.645,4.7425,1.225,-10.73724600853925,8.260973085674317,-13.37287724374233,-10.81944141230759,10.60223000760678,17.46006046847168,-12.23429514684937,-9.78826582559129,-9.93101264503756
2023-04-18 20:15:00,1.76,159,0.2,3.4,13.88538888888889,33.48333333333333,0.0,0.2,3.4,-7.4,4.99,4.99,4.995,4.9925,1.225,-2.456367440118826,-0.51322442517381,-1.944486566457486,-2.440260710707304,-0.4605998369811107,-2.272437403572618,-2.476124340557269,-2.495507039913119,-2.421560177509568
2023-04-19 04:10:00,1.62,35,-0.2,-4.4,13.89525,33.43722222222222,0.0,-0.2,-4.4,-6.5,5.27,5.27,5.16,5.215,1.225,-1.746044774903878,-0.3258671469164331,-1.61561240656429,-1.726421973320059,-0.01297398373433464,2.645536004508231,-1.783403071576772,-1.796658960333878,-1.802365225971887
2023-04-19 12:05:00,4.36,96,8.3,5.6,13.89158333333333,33.54277777777778,0.0,8.3,5.6,6.2,4.71,4.71,4.98,4.845000000000001,1.225,-11.24711148547572,13.0137445675645,-14.75569218198586,-11.3803898623655,15.32350530307194,15.08502407687838,-11.7937833482112,-11.75490462406378,-11.2848182448081
2023-04-19 20:00:00,3.08,70,7.2,6.6,13.88422222222222,33.54166666666666,0.0,7.2,6.6,6.0,3.74,3.74,5.095,4.4175,1.225,-5.144550479146663,5.061472721535726,-6.686877997736364,-5.232517682315994,6.672342251904486,12.0741604732575,-6.174886326025228,-4.731550596505354,-4.840508765727463
2023-04-20 03:55:00,1.96,27,-0.4,-13.2,13.88319444444445,33.42972222222222,0.0,-0.4,-13.2,-6.8,5.05,5.05,5.425,5.2375,1.225,-2.996554083571292,-1.130200681575922,-2.520611186795038,-2.950253757920868,-0.6398498701561437,3.730585752105704,-2.833789237450589,-3.183187767829881,-3.101160029852182
2023-04-20 11:50:00,3.95,176,-1.0,-6.0,13.88663888888889,33.52027777777778,0.0,-1.0,-6.0,-7.1,5.21,5.21,5.21,5.21,1.225,-14.80657813061248,-7.310776343268026,-9.727776718447144,-14.29303751968139,-3.628686839973054,-11.59341463164792,-14.98176531893447,-10.49375954747934,-11.25546491066101
2023-04-20 19:45:00,1.44,287,-9.6,-6.8,13.89341666666667,33.41472222222222,0.0,-9.6,-6.8,-11.5,5.06,5.06,5.445,5.2525,1.225,2.029163716912284,-1.490612207625173,-1.479622100060498,1.805215582813001,-1.472067679148396,-1.490455004459915,0.5753913716000315,1.237294434704457,2.200793223397692
2023-04-21 03:40:00,1.57,89,-1.7,-7.0,13.885,33.48083333333334,0.0,-1.7,-7.0,-8.9,4.88,4.88,4.975,4.9275,1.225,-1.183431068477228,1.382479611414759,-1.880382181429444,-1.208538161014723,1.642279930561494,1.573461056918398,-1.290084343590653,-1.20594872459457,-1.236441575568028
2023-04-21 11:35:00,4.07,59,8.8,-0.8,13.88341666666667,33.50555555555555,0.0,8.8,-0.8,6.6,5.13,5.13,4.98,5.055,1.225,-9.259012114882548,6.512216111688415,-11.34454792964816,-9.321035139828151,8.488829241154905,15.21883077141031,-10.4135270857064,-8.534515309333113,-8.64590810755576
2023-04-21 19:30:00,2.65,15,0.5,-3.8,13.89047222222222,33.4475,0.0,0.5,-3.8,-0.9,5.04,5.04,5.465,5.2525,1.225,-5.985508410853522,-2.724324603949521,-5.208897174139844,-6.000410022152169,-1.562837025586061,7.623083302659616,-5.874311486007118,-6.48280485192535,-6.180361081669099
2023-04-22 03:25:00,1.18,272,-10.3,-16.4,13.88788888888889,33.46305555555556,0.0,-10.3,-16.4,-16.9,5.54,5.54,5.47,5.505,1.225,1.504641255334138,-1.049749006057081,-1.197674705513974,1.402145964288806,-1.042729442458764,-1.150408899128069,0.246337221256404,1.319656129077436,2.091686348447734
2023-04-22 11:20:00,3.4,147,6.2,-2.3,13.88752777777778,33.50583333333334,0.0,6.2,-2.3,5.2,5.14,5.14,5.015,5.0775,1.225,-8.44802646182034,-0.6532388481788212,-6.492422206160012,-8.458261902337131,-1.457511223336533,-8.705960496806863,-8.437499766927054,-8.731031036806952,-8.531109620400674
2023-04-22 19:15:00,2.39,31,2.8,-1.2,13.89477777777778,33.47305555555555,0.0,2.8,-1.2,1.9,4.96,4.96,5.475,5.217499999999999,1.225,-4.217179012705285,-1.341634786608916,-3.532994766421362,-4.140703688674258,-0.6597152977204119,5.363335129494258,-4.037515691049955,-4.400411260405527,-4.391015413663813
2023-04-23 03:10:00,0.62,252,-2.5,-5.7,13.88841666666667,33.445,0.0,-2.5,-5.7,-7.8,4.04,4.04,5.125,4.5825,1.225,0.43064398171584,-0.2674931683393469,-0.2935958016029228,0.4131143234062276,-0.2674892825999853,-0.2643686788787012,0.4112877617680968,0.2212164319696304,0.4225648594741128
2023-04-23 11:05:00,2.09,135,0.2,1.1,13.88255555555556,33.42055555555555,0.0,0.2,1.1,-4.0,5.03,5.03,5.46,5.245,1.225,-2.696546655639624,0.6046037773812075,-2.366768633005754,-2.697691896841541,0.2427818114255061,-2.802268053434997,-2.738096501992957,-2.742419816579992,-2.720282416912622
2023-04-23 19:00:00,1.31,155,2.1,5.2,13.88588888888889,33.47388888888889,0.0,2.1,5.2,-1.7,4.03,4.03,6.22,5.125,1.225,-1.3445921755763,-0.2445359799528203,-1.02768947492614,-1.340328660612221,-0.2793150946588829,-1.294829305089938,-1.349077844162976,-1.376183059208127,-1.341121523620286
2023-04-24 02:55:00,0.66,162,-1.9,-6.2,13.89458333333333,33.47277777777778,0.0,-1.9,-6.2,-8.9,3.79,3.79,5.47,4.63,1.225,-0.3554418999553182,-0.089897063962182,-0.2749870698871278,-0.3531188771673474,-0.06579514218250157,-0.3167208592380363,-0.3624598188381636,-0.3493431818023453,-0.3461069915297316
2023-04-24 10:50:00,3.04,120,6.8,4.9,13.89777777777778,33.47166666666666,0.0,6.8,4.9,5.5,3.95,3.95,5.29,4.62,1.225,-5.444171779711001,4.73849675970613,-5.980969015483701,-5.394642421607525,4.062265372885338,-2.86591976612428,-5.257078432514557,-5.389197626269493,-5.541948241955367
2023-04-24 18:45:00,2.67,202,-3.0,-11.1,13.89,33.47222222222222,0.0,-3.0,-11.1,-3.2,3.93,3.93,6.12,5.025,1.225,-1.673512253896321,-5.638178988107663,-4.432374843618321,-1.016962307084206,-4.937818014216086,-5.565496739198521,2.532701378829793,-2.733747259773077,-2.055212395255651
2023-04-25 02:40:00,1.3,147,0.7,-3.5,13.888,33.38,0.0,0.7,-3.5,-7.3,4.1,4.1,5.825,4.9625,1.225,-1.235048851252282,-0.09549945098808026,-0.9491516893088598,-1.236545208905688,-0.2130790629272266,-1.272757200657751,-1.233509914023073,-1.276422357457072,-1.247195091563766
2023-04-25 10:35:00,2.0,208,5.2,10.2,13.88488888888889,33.47472222222222,0.0,5.2,10.2,-5.0,4.16,4.16,5.495,4.827500000000001,1.225,-0.04216141913786182,-3.257901604567445,-2.565290244636243,0.1186736276716356,-2.975594440963809,-3.305637157855063,2.006230315209273,-1.276973772290695,-0.7051300617549079
2023-04-25 18:30:00,2.23,128,3.6,4.3,13.88675,33.48583333333333,0.0,3.6,4.3,4.7,3.07,3.07,5.75,4.41,1.225,-2.969836175036638,1.306955635714488,-2.730819340855712,-2.963295155704253,0.8773151008541686,-2.6723919879226,-3.018046962103561,-2.960699570586661,-3.016431089593145
2023-04-26 02:25:00,1.18,168,-5.0,-4.6,13.88658333333333,33.52638888888889,0.0,-5.0,-4.6,-9.2,3.83,3.83,5.64,4.734999999999999,1.225,-1.222321120401776,-0.4331135589317123,-0.8636342011799135,-1.217174839343045,-0.2348166936990483,-1.006993490978073,-1.281478781801473,-1.097590631055028,-1.159525793369455
2023-04-26 10:20:00,2.78,121,0.7,-2.0,13.88941666666667,33.42694444444444,0.0,0.7,-2.0,-2.4,3.45,3.45,5.34,4.395,1.225,-4.560589303227278,3.721190172401942,-4.906947493369969,-4.523076540590265,3.142908598033306,-2.616224250450051,-4.433053176648842,-4.518588198108708,-4.641186874261093
2023-04-26 18:15:00,2.1,162,-2.7,-0.6,13.88519444444444,33.48361111111111,0.0,-2.7,-0.6,-7.3,3.06,3.06,5.46,4.26,1.225,-3.598482045002189,-0.9101149037493634,-2.783960005055633,-3.574963839090914,-0.6661078444096235,-3.206471508814831,-3.669531223774797,-3.536738824032009,-3.503975740693564
2023-04-27 02:10:00,2.96,284,-33.6,-25.6,13.89141666666667,33.57138888888889,0.0,-33.6,-25.6,-31.4,4.06,4.06,5.47,4.765,1.225,8.670582206955446,-6.2192665681384,-6.489582065600921,7.846200168328473,-6.124505652579165,-6.301477164895299,2.619018412350506,5.887696944782938,9.817694164988392
2023-04-27 10:05:00,2.64,328,-25.8,-25.4,13.88652777777778,33.44694444444445,0.0,-25.8,-25.4,-31.5,5.0,5.0,5.21,5.105,1.225,0.7194431082004737,-6.264173041964263,-4.159264099661386,0.7479134309866585,-5.545737897923649,-1.235270461250434,-5.349229945192514,2.57822052922061,3.331563711588772
2023-04-27 18:00:00,3.24,207,-28.8,-19.3,13.88955555555556,33.51388888888889,0.0,-28.8,-19.3,-40.4,6.14,6.14,5.48,5.81,1.225,-0.5029263547458369,-8.508772755014196,-6.698098967897135,0.009952716336009387,-7.719481906374226,-8.595332473950267,5.00921028217358,-3.463667618158929,-2.046516982790214
2023-04-28 01:55:00,1.88,310,-21.6,-20.9,13.88938888888889,33.46444444444445,0.0,-21.6,-20.9,-31.2,6.31,6.31,5.07,5.69,1.225,2.619834148453851,-3.284735928749219,-2.057656935493338,2.338694820605963,-3.239980826582357,-3.491862565124996,-1.805238774740962,2.264990441326452,3.902576333775087
2023-04-28 09:50:00,4.54,263,-31.0,-18.2,13.89041666666667,33.43111111111111,0.0,-31.0,-18.2,-45.0,7.72,7.72,5.435,6.5775,1.225,20.18188649586421,-14.28516371158372,-18.82135399658318,19.89081251272954,-14.08034460518152,-14.47108758894927,13.1530482640699,15.68368243519932,25.22980256587988
2023-04-28 17:45:00,6.62,344,-11.1,-12.3,13.88805555555555,33.46333333333333,0.0,-11.1,-12.3,-19.4,6.01,6.01,5.315,5.6625,1.225,-25.03204836346317,-36.18295019876422,-28.30100400669999,-14.28483481869354,-25.10594077703868,18.85686901851311,-37.99436117327732,-8.754764521070125,0.1805494635047624
2023-04-29 01:40:00,0.84,211,-20.1,-23.2,13.88752777777778,33.43555555555555,0.0,-20.1,-23.2,-30.5,6.66,6.66,5.285,5.9725,1.225,0.06743099050267846,-0.5707561076953788,-0.4525226708817667,0.08308163437247701,-0.5302841670787295,-0.5845469501906703,0.411101473103706,-0.1955256158590769,-0.07393504994171515
2023-04-29 09:35:00,3.18,143,-3.3,-11.8,13.89305555555556,33.48555555555556,0.0,-3.3,-11.8,-9.7,6.51,6.51,4.82,5.665,1.225,-6.838994670518915,0.1971044341317645,-5.664395011286898,-6.84762053656285,-0.5433750373038579,-7.244421336226059,-6.84570761481441,-7.07114184436156,-6.880547488985778
2023-04-29 17:30:00,2.24,63,4.2,-1.8,13.88327777777778,33.50861111111111,0.0,4.2,-1.8,0.5,4.96,4.96,4.975,4.967499999999999,1.225,-2.764292508917929,2.301860805208336,-3.48718561000967,-2.793162953582176,2.982224168293803,5.083529987524249,-3.19938069853985,-2.526593246746139,-2.56977981723828
2023-04-30 01:25:00,0.36,231,-7.6,-16.2,13.90208333333333,33.45972222222223,0.0,-7.6,-16.2,-17.1,5.94,5.94,5.425,5.6825,1.225,0.09520166956950654,-0.1005164840063053,-0.08004051043839633,0.09436531285880165,-0.09954205570846572,-0.1014436937364917,0.1760611540114759,0.006686748331692259,0.05774232852202679
2023-04-30 09:20:00,2.77,72,-3.6,-10.0,13.88630555555556,33.44361111111111,0.0,-3.6,-10.0,-11.9,5.94,5.94,4.875,5.407500000000001,1.225,-4.145312382770796,4.446930089903032,-5.519191031454912,-4.220305044112902,5.656370233280667,9.51269872511619,-4.870934510250727,-3.892582898278679,-3.963284893611021
2023-04-30 17:15:00,2.88,90,-1.5,-5.5,13.888,33.47444444444444,0.0,-1.5,-5.5,-4.5,5.01,5.01,5.005,5.0075,1.225,-3.934398657063994,4.465198106892097,-6.314481103078927,-4.017418099434495,5.336209757713686,4.862103143924981,-4.29777468934953,-4.009876694741103,-4.12376675532065
2023-05-01 01:10:00,0.89,256,-19.0,-13.6,13.89169444444444,33.44305555555555,0.0,-19.0,-13.6,-18.3,5.0,5.0,4.975,4.9875,1.225,0.8110308238423357,-0.5373790409502742,-0.6696047596732664,0.7973922166876535,-0.5322575226556452,-0.5248585271237333,0.7611631499678561,0.4901261763890808,0.86009961180518
2023-05-01 09:05:00,4.9,142,-17.7,-11.8,13.89061111111111,33.50444444444445,0.0,-17.7,-11.8,-30.3,6.77,6.77,5.265,6.0175,1.225,-15.91077427392405,0.9241770342944771,-13.44013306150117,-15.93106017738828,-0.8558689116289743,-16.98010480992523,-15.93616351925749,-16.45281236895409,-15.99095779150031
2023-05-01 17:00:00,3.25,320,-11.5,-10.4,13.88988888888889,33.43194444444445,0.0,-11.5,-10.4,-16.0,5.26,5.26,5.175,5.217499999999999,1.225,3.270273120310034,-10.05270170769907,-5.822691001098656,2.789961617956017,-9.970206756485256,-10.37704708746472,-7.365271063536626,4.772202832478281,6.761704729954661
2023-05-02 00:55:00,0.39,196,-2.9,-10.6,13.88911111111111,33.46027777777778,0.0,-2.9,-10.6,-12.6,5.04,5.04,4.975,5.0075,1.225,-0.06408149415460397,-0.1143323970630367,-0.09408131373271053,-0.04070058279151176,-0.09087420882136185,-0.1171120756661971,0.03601575853663248,-0.06554990303750667,-0.05925601683478146
2023-05-02 08:50:00,4.59,161,0.9,7.8,13.88647222222222,33.46,0.0,0.9,7.8,-13.9,6.16,6.16,5.125,5.6425,1.225,-16.97395110314291,-3.980365995099883,-13.33868989340225,-16.85584857823185,-3.120439640310634,-15.33206492676459,-17.22076516899564,-16.94436581188674,-16.60557052651252
2023-05-02 16:45:00,3.18,190,3.1,1.5,13.87994444444445,33.46416666666666,0.0,3.1,1.5,-1.6,4.75,4.75,5.41,5.08,1.225,-5.956692416146598,-7.126081925026008,-6.305477944490638,-3.729819434025979,-4.85711025461718,-7.854641488959809,1.336950202528284,-4.753722467505238,-4.909771553220753
2023-05-03 00:40:00,2.25,171,-2.5,-8.2,13.88802777777778,33.49305555555556,0.0,-2.5,-8.2,-7.5,4.36,4.36,5.315,4.8375,1.225,-4.591150579248018,-1.854822722331934,-3.127213696166137,-4.550088942191374,-0.9324343494153234,-3.672515046186631,-4.816952717654743,-3.873726393028967,-4.175570099456148
2023-05-03 08:35:00,2.61,241,-5.5,-13.8,13.895,33.46777777777778,0.0,-5.5,-13.8,-7.9,4.57,4.57,5.115,4.8425,1.225,5.621525273481246,-4.802593377160618,-4.479857367263969,4.973208309047211,-4.806199013222328,-4.773040178097533,6.025004471925364,0.790263346493226,4.113700660296362
2023-05-03 16:30:00,1.92,229,-12.7,-3.1,13.88666666666667,33.52666666666666,0.0,-12.7,-3.1,-17.8,5.05,5.05,6.44,5.745,1.225,2.557112208312173,-2.852816521462017,-2.251752383353078,2.575603300948962,-2.817129996111227,-2.888774869985939,5.013713946997025,0.131986844152719,1.515115958294566
2023-05-04 00:25:00,2.26,75,-6.7,-12.6,13.88594444444444,33.44166666666667,0.0,-6.7,-12.6,-11.3,4.05,4.05,5.625,4.8375,1.225,-2.743660704729581,3.312698654421778,-3.784413030969021,-2.797417130713363,4.024441713903737,6.079410071958374,-3.119099190569548,-2.656622895652667,-2.686286219658243
2023-05-04 08:20:00,2.34,91,-10.1,-17.4,13.89,33.55944444444444,0.0,-10.1,-17.4,-15.4,4.06,4.06,5.465,4.762499999999999,1.225,-2.704375262457695,3.081195398690679,-4.182168079755828,-2.756445103621773,3.67125064841306,3.398981433033549,-2.930523647281677,-2.770275800075952,-2.810362574363388
2023-05-04 16:15:00,4.02,22,-8.4,-12.6,13.88775,33.43472222222222,0.0,-8.4,-12.6,-13.0,4.61,4.61,5.475,5.0425,1.225,-13.23836471165279,-5.606796078679333,-11.59729377879887,-13.11937960416541,-3.322606026731836,17.02493426755222,-12.56729593280059,-14.38186804791953,-13.53171564686401
2023-05-05 00:10:00,1.04,325,-11.2,-17.9,13.89208333333333,33.48027777777778,0.0,-11.2,-17.9,-19.8,5.04,5.04,5.465,5.2525,1.225,0.1953591841501855,-0.9936025128460538,-0.6270093973684823,0.1796766346216744,-0.9207517755079736,-0.5182907683694601,-0.8016624170684192,0.43332104000585,0.5827866673571314
2023-05-05 08:05:00,0.46,242,-8.2,-15.4,13.89022222222222,33.415,0.0,-8.2,-15.4,-17.5,5.06,5.06,4.970000000000001,5.015000000000001,1.225,0.1826887303273774,-0.1491702440460827,-0.1406915970043429,0.1633822081580543,-0.1493454512146116,-0.1482534122414903,0.1927934495469039,0.03484143600498412,0.1395867392862884
2023-05-05 16:00:00,2.64,315,-5.4,-6.4,13.88844444444445,33.41694444444445,0.0,-5.4,-6.4,-10.1,5.02,5.02,5.465,5.2425,1.225,3.662003407796311,-6.555245971429123,-3.949814048582523,3.226344168192667,-6.483902049450211,-6.86647453813135,-4.209869132978855,3.807658894121059,6.078643959179597
2023-05-05 23:55:00,2.03,97,-11.3,-23.0,13.89355555555556,33.53027777777778,0.0,-11.3,-23.0,-19.0,5.12,5.12,5.46,5.29,1.225,-2.518718867782046,2.921565146181833,-3.208991373429713,-2.545551879519887,3.43360257799596,3.412546640834416,-2.626888309030632,-2.640894847885884,-2.512574682083154
2023-05-06 07:50:00,1.88,20,-5.7,-21.3,13.88836111111111,33.48055555555555,0.0,-5.7,-21.3,-14.8,6.08,6.08,4.970000000000001,5.525,1.225,-2.950688886770092,-1.300818449092429,-2.623361983681076,-2.931295921176162,-0.7818769240358484,3.839966851293621,-2.805113674212129,-3.232134994173088,-3.002013756544093
2023-05-06 15:45:00,1.86,94,2.6,-9.2,13.88966666666667,33.40611111111111,0.0,2.6,-9.2,-0.8,5.2,5.2,4.93,5.065,1.225,-1.911604936590468,2.199746237031631,-2.668205962429634,-1.939317847317979,2.601085137395174,2.506233913778942,-2.028453098986307,-1.983708530000099,-1.942508350498536
2023-05-06 23:40:00,2.83,57,-5.3,-13.8,13.88688888888889,33.49416666666666,0.0,-5.3,-13.8,-15.9,6.02,6.02,5.46,5.74,1.225,-4.546183733368773,2.610853410229228,-5.390535993722452,-4.568139899092567,3.540773046382717,7.62842725151522,-4.982152673749948,-4.280484839531305,-4.323951647959555
2023-05-07 07:35:00,2.19,105,-4.1,-14.5,13.88711111111111,33.45361111111111,0.0,-4.1,-14.5,-14.6,6.27,6.27,4.92,5.595,1.225,-3.035547749817268,3.275943496198844,-3.408288736157872,-3.015648612391183,3.701175683409078,2.485029327546238,-2.882426709513545,-3.247196777005209,-3.044908162735804
2023-05-07 15:30:00,3.61,107,1.3,-5.9,13.88952777777778,33.50194444444445,0.0,1.3,-5.9,-4.6,5.42,5.42,4.895,5.1575,1.225,-8.05570881808747,8.385185470722572,-8.8673315989128,-7.953881004951925,9.31211708223226,4.59610141852358,-7.375618419529166,-8.660391646543742,-8.153425950606524
2023-05-07 23:25:00,0.81,75,-3.6,-10.4,13.88830555555556,33.52555555555556,0.0,-3.6,-10.4,-12.5,6.02,6.02,4.975,5.4975,1.225,-0.3524386773382956,0.4255348083573751,-0.4861291780129172,-0.359343993159417,0.5169622148351952,0.7809344796405143,-0.4006658663428383,-0.341258180326908,-0.3450686014405541
2023-05-08 07:20:00,2.12,69,-3.6,-11.7,13.89075,33.43666666666667,0.0,-3.6,-11.7,-14.2,6.55,6.55,4.805,5.6775,1.225,-2.442877946397711,2.349967580333913,-3.161705593318138,-2.482294938116798,3.091187381939068,5.553703031773185,-2.916962512924924,-2.244746122368932,-2.294519264987556
2023-05-08 15:15:00,2.71,58,-0.7,-5.3,13.88869444444444,33.53027777777778,0.0,-0.7,-5.3,-7.0,6.04,6.04,4.995,5.5175,1.225,-4.136913770918511,2.640671943326524,-4.986360449998053,-4.160729639505016,3.505205330882021,6.871262708731404,-4.592732765436875,-3.854487887468421,-3.89911042477661
2023-05-08 23:10:00,1.12,30,-1.8,-13.1,13.89541666666667,33.48166666666667,0.0,-1.8,-13.1,-11.8,6.05,6.05,5.37,5.71,1.225,-0.9489948784589904,-0.329346292433669,-0.7767687659489494,-0.9303468264281178,-0.1795448336406774,1.156136674571891,-0.8952123071386164,-0.9932449558370848,-0.989983884554917
2023-05-09 07:05:00,1.24,32,-4.3,-15.8,13.88877777777778,33.47944444444445,0.0,-4.3,-15.8,-15.1,6.51,6.51,4.95,5.73,1.225,-1.107140482220625,-0.3185891938944232,-0.9499077911457612,-1.088826908867776,-0.1350884085013982,1.47028465306842,-1.076340681873706,-1.151546271094118,-1.150485175410648
2023-05-09 15:00:00,2.12,24,5.7,-5.7,13.87825,33.46027777777778,0.0,5.7,-5.7,1.9,5.55,5.55,4.93,5.24,1.225,-3.61135072360689,-1.464492030108127,-3.114782086751694,-3.569828775916247,-0.8538654383969951,4.586710851221571,-3.42320204625917,-3.889503152548945,-3.709253980355311
2023-05-09 22:55:00,0.16,203,-3.3,-10.1,13.88386111111111,33.47638888888889,0.0,-3.3,-10.1,-12.1,5.07,5.07,4.975,5.0225,1.225,-0.005052981094802783,-0.02034742482173751,-0.01600025354035602,-0.002916688778334316,-0.01795045713375265,-0.02018084009499039,0.009719123435883614,-0.009542882411329615,-0.006902390678671527
2023-05-10 06:50:00,1.92,16,-3.7,-15.1,13.88161111111111,33.49555555555555,0.0,-3.7,-15.1,-13.6,6.08,6.08,4.91,5.495,1.225,-3.129149437422728,-1.415440572257211,-2.734728435123071,-3.131362018465968,-0.8194185568278969,4.002358369452372,-3.05208479365015,-3.396700563079236,-3.221684830929577
2023-05-10 14:45:00,3.64,107,4.9,-0.7,13.88647222222222,33.48333333333333,0.0,4.9,-0.7,1.9,5.06,5.06,4.7,4.88,1.225,-8.190155044553968,8.525130517175729,-9.01532345155079,-8.086627770137664,9.467532208373523,4.672808323667716,-7.498714237259817,-8.804929762666491,-8.289503032907682
2023-05-10 22:40:00,0.14,38,-2.7,-7.8,13.89038888888889,33.47472222222222,0.0,-2.7,-7.8,-9.5,5.04,5.04,4.98,5.01,1.225,-0.01196735688161112,-0.0008062947282557751,-0.01202338841054705,-0.01190770170423192,0.001528201520643988,0.0207737812049916,-0.01291797764170318,-0.01215732145019575,-0.01225608043242658
2023-05-11 06:35:00,0.94,271,-10.7,-19.4,13.88277777777778,33.5125,0.0,-10.7,-19.4,-21.4,6.04,6.04,4.970000000000001,5.505000000000001,1.225,0.9632516649416255,-0.6723549832729042,-0.7692291348886962,0.8984230248810073,-0.6688139388162548,-0.741787876743958,0.1396903982918791,0.8568070324667417,1.360797305614955
2023-05-11 14:30:00,3.16,39,-2.5,-4.1,13.88877777777778,33.43888888888889,0.0,-2.5,-4.1,-6.3,5.56,5.56,5.445,5.5025,1.225,-5.91482285702538,-0.1344118269724144,-6.118312366734965,-5.899187191623453,1.054550794704529,10.75613393976402,-6.513190801209301,-5.979670264178516,-6.03951923027212
2023-05-11 22:25:00,0.42,268,-1.6,-8.4,13.88152777777778,33.50972222222222,0.0,-1.6,-8.4,-5.9,4.52,4.52,5.47,4.994999999999999,1.225,0.1879088132703858,-0.1316909239105035,-0.1570251600194946,0.1779830690934504,-0.1308154091298772,-0.1428387587525756,0.04971007411813089,0.1632915437637055,0.2605084595614324
2023-05-12 06:20:00,0.64,255,-8.8,-13.4,13.89313888888889,33.47333333333334,0.0,-8.8,-13.4,-15.8,4.88,4.88,4.995,4.9375,1.225,0.4292608342670777,-0.2796689016556129,-0.3379034372940208,0.4193016644498323,-0.2776815890210946,-0.273980742859726,0.404764375791189,0.2490152099642769,0.4461389827117364
2023-05-12 14:15:00,3.02,51,0.5,-3.4,13.88694444444444,33.45944444444444,0.0,0.5,-3.4,-0.2,4.97,4.97,6.065,5.5175,1.225,-5.414824962790425,1.136180335863137,-5.816161614704457,-5.412391200172191,2.107201591717289,9.610676371941414,-5.49374230070206,-5.401224446791273,-5.415227610222151
2023-05-12 22:10:00,0.38,221,-2.1,-3.1,13.8885,33.44694444444445,0.0,-2.1,-3.1,-4.9,3.83,3.83,6.115,4.9725,1.225,0.05963338350606041,-0.1007139513761239,-0.08458989327426635,0.06171516821752599,-0.09781337069549688,-0.1036500550332628,0.1339263666321787,-0.0110487996987331,0.03260922349020195
2023-05-13 06:05:00,0.7,216,-6.9,-13.5,13.89147222222222,33.49833333333333,0.0,-6.9,-13.5,-14.1,3.9,3.9,5.455,4.6775,1.225,0.1236814448031245,-0.3634246792712988,-0.2982844497402027,0.1327563485279494,-0.3451110668530417,-0.3735762144867597,0.3646405033367423,-0.08499852364892785,0.03235417669645949
2023-05-13 14:00:00,0.73,156,0.9,1.9,13.88188888888889,33.46722222222222,0.0,0.9,1.9,2.2,4.29,4.29,6.41,5.35,1.225,-0.4187980052584968,-0.07902508401506124,-0.3229766947134916,-0.4171123082777998,-0.08486170840364941,-0.3992977026833531,-0.4206924317954304,-0.427838794831446,-0.4164926707316964
2023-05-13 21:55:00,1.13,286,-9.6,-3.8,13.88527777777778,33.47194444444445,0.0,-9.6,-3.8,-6.8,3.53,3.53,6.91,5.22,1.225,1.254236161032344,-0.9140633159474366,-0.922683357897412,1.12225164373341,-0.9018468761746617,-0.9179925220129688,0.363443466875883,0.7939623339166851,1.38042055073697
2023-05-14 05:50:00,0.53,257,-13.8,-9.2,13.89644444444444,33.40277777777778,0.0,-13.8,-9.2,-14.7,3.05,3.05,6.109999999999999,4.58,1.225,0.2808435368012011,-0.1893437508402851,-0.2431886338162111,0.2780002109142529,-0.1870741752576378,-0.1843644160007721,0.2622741466525435,0.1768514995682507,0.3040708825893513
2023-05-14 13:45:00,3.34,322,-11.7,-4.5,13.886,33.48083333333334,0.0,-11.7,-4.5,-10.1,4.13,4.13,7.125,5.6275,1.225,2.878314507988443,-10.46950376363908,-6.276571004177865,2.509245689329528,-10.11667506631927,-8.714096279704394,-7.974636984342396,4.811807141602532,6.689170518868078
2023-05-14 21:40:00,0.56,213,-6.7,-3.8,13.88938888888889,33.56361111111111,0.0,-6.7,-3.8,-2.9,2.22,2.22,6.96,4.59,1.225,0.04964404733698082,-0.2452383466122204,-0.1970335313686297,0.05614072772248226,-0.2297575443353732,-0.2515146976261227,0.2029750283485277,-0.07389978628321271,-0.01143334408349708
2023-05-15 05:35:00,0.64,245,-5.6,-9.0,13.88441666666667,33.45666666666666,0.0,-5.6,-9.0,-10.5,2.08,2.08,6.155,4.1175,1.225,0.4005043145557362,-0.2886966042473703,-0.2812638974520587,0.3679622216820224,-0.2894028154742314,-0.2869286079982559,0.4059627014912137,0.1272225660682716,0.3387582244956887
2023-05-15 13:30:00,5.09,128,4.7,10.7,13.88844444444445,33.48638888888889,0.0,4.7,10.7,5.2,2.43,2.43,6.765,4.5975,1.225,-15.47242305424736,6.809052525820851,-14.22717942545072,-15.43834527609672,4.570686594228697,-13.92278124681725,-15.72359438132182,-15.42482264769376,-15.71517591592193
2023-05-15 21:25:00,1.71,109,0.9,3.7,13.89052777777778,33.44305555555555,0.0,0.9,3.7,3.8,2.03,2.03,6.96,4.495,1.225,-1.76430576982052,1.765594390589873,-1.901270509720633,-1.730742349249887,1.922301381672622,0.547436620224252,-1.55246812348471,-1.906620497103891,-1.802449788006604
2023-05-16 05:20:00,2.05,149,-1.9,-3.2,13.88530555555556,33.49444444444445,0.0,-1.9,-3.2,-3.7,3.02,3.02,6.905,4.9625,1.225,-3.185697837053656,-0.3971719989076694,-2.363362377700629,-3.189486931439915,-0.6818836105243575,-3.242107713455422,-3.178562676677672,-3.291784506478595,-3.222369435616985
2023-05-16 13:15:00,4.97,152,5.0,20.1,13.88538888888889,33.44111111111111,0.0,5.0,20.1,-15.6,3.3,3.3,6.57,4.935,1.225,-19.17803772289942,-3.090160719474541,-14.25700765569816,-19.1669734918092,-4.280935884188628,-19.02459052492842,-19.17286733557783,-19.73969514020895,-19.29878622007787
2023-05-16 21:10:00,3.0,129,-2.1,-2.7,13.88380555555555,33.4675,0.0,-2.1,-2.7,-3.1,2.05,2.05,6.109999999999999,4.08,1.225,-5.383960489934563,2.084180343054534,-4.831968284459148,-5.376672059722635,1.291736155385523,-5.092209828010629,-5.504894633488509,-5.372050163508088,-5.466926840614413
2023-05-17 05:05:00,1.16,74,-0.9,-4.8,13.88830555555556,33.47694444444444,0.0,-0.9,-4.8,-4.4,3.04,3.04,5.545,4.2925,1.225,-0.7242010500135434,0.8417749003725394,-0.987304804607395,-0.7380263223002499,1.037480989276918,1.623831377641793,-0.8325582609883121,-0.6941405159411456,-0.7034834089845653
2023-05-17 13:00:00,3.97,155,1.4,9.5,13.88694444444444,33.49638888888889,0.0,1.4,9.5,-1.9,3.15,3.15,6.145,4.6475,1.225,-12.34892070394528,-2.245852296741684,-9.43844242489563,-12.30976399221674,-2.565268501491281,-11.89189161155643,-12.3901177053017,-12.63905575308744,-12.31704575585745
2023-05-17 20:55:00,0.34,251,-2.8,-1.9,13.89522222222222,33.45027777777778,0.0,-2.8,-1.9,-2.3,3.03,3.03,6.31,4.67,1.225,0.1322929021053083,-0.08094706193729273,-0.0859350221247192,0.1262009278800953,-0.08113246133882811,-0.08022934811722973,0.126836132250986,0.06527518494640239,0.1274655860742717
2023-05-18 04:50:00,1.04,141,-0.5,-1.9,13.89077777777778,33.47888888888889,0.0,-0.5,-1.9,-1.8,3.04,3.04,6.01,4.525,1.225,-0.7020100463154886,0.0621826076253284,-0.6050482548714897,-0.702915117276556,-0.01899199313904586,-0.7549886874327654,-0.7035795088024093,-0.7260154488624414,-0.704789846136734
2023-05-18 12:45:00,3.57,170,1.7,14.6,13.89425,33.48083333333334,0.0,1.7,14.6,-1.4,3.64,3.64,6.645,5.1425,1.225,-11.45097684937086,-4.409082843074583,-7.858127654784896,-11.41082621195361,-2.224078131837901,-9.2007010888204,-12.10450779400855,-9.98821387159592,-10.77564794886045
2023-05-18 20:40:00,1.57,34,2.0,-1.4,13.88511111111111,33.42083333333333,0.0,2.0,-1.4,7.0,2.04,2.04,6.975,4.5075,1.225,-1.684897603026345,-0.3742831522094712,-1.519208441147019,-1.66282473853292,-0.08030961775902515,2.442163608040505,-1.691831271350511,-1.740318366058846,-1.743324333204825
2023-05-19 04:35:00,1.05,37,-3.4,-6.0,13.88397222222222,33.48916666666667,0.0,-3.4,-6.0,-3.4,2.11,2.11,6.41,4.26,1.225,-0.6932780377537469,-0.07586788301062387,-0.6771145137312775,-0.6882931483070822,0.05549078403894608,1.149476512325112,-0.7341576735302096,-0.7074893150600958,-0.7119918367253201
2023-05-19 12:30:00,1.69,283,-8.0,-7.0,13.89477777777778,33.43222222222222,0.0,-8.0,-7.0,-9.4,2.74,2.74,6.26,4.5,1.225,2.83694174595621,-2.018764606913084,-2.1413000620958,2.581452429848194,-1.986091997111871,-2.054568716295627,0.8741533550970912,1.990955019743551,3.256722662813079
2023-05-19 20:25:00,0.66,273,-1.6,-3.7,13.88755555555555,33.54194444444445,0.0,-1.6,-3.7,-0.6,2.06,2.06,6.585,4.3225,1.225,0.4665604273318192,-0.3253496014715677,-0.3701467555320953,0.4343903741246164,-0.3227032605542394,-0.3541014588866082,0.08526380647303802,0.4032939335545001,0.637880794743542
2023-05-20 04:20:00,1.51,44,-8.6,-16.0,13.88786111111111,33.51111111111111,0.0,-8.6,-16.0,-11.8,3.02,3.02,6.265,4.6425,1.225,-1.330835313223047,0.1024499356953328,-1.413478873415885,-1.330014247878844,0.3609242492003592,2.473722806798423,-1.429372156888739,-1.338800759066404,-1.349115207382904
2023-05-20 12:15:00,6.26,46,7.3,-6.2,13.88797222222222,33.42722222222222,0.0,7.3,-6.2,9.2,3.06,3.06,6.31,4.685,1.225,-23.06055519192445,2.362625900516408,-24.44855877277848,-23.04111244819772,6.693921154909362,42.32874971550082,-24.20293147912088,-23.20132244994558,-23.33108662870658
2023-05-20 20:10:00,1.67,28,0.9,-1.9,13.89238888888889,33.45833333333334,0.0,0.9,-1.9,3.2,2.26,2.26,6.66,4.46,1.225,-2.153577550628225,-0.7910750818916137,-1.795593152374022,-2.117348975263886,-0.4427363730422368,2.662348307256345,-2.034944078769241,-2.27669860708967,-2.234581854773387
2023-05-21 04:05:00,1.23,37,-11.5,-20.1,13.89477777777778,33.43027777777777,0.0,-11.5,-20.1,-18.3,3.87,3.87,6.21,5.04,1.225,-0.9513472501747333,-0.1041093153802928,-0.929166936801859,-0.944506761064657,0.07614694528119864,1.577363279362051,-1.007444121799414,-0.9708486029518537,-0.9770271653349084
2023-05-21 12:00:00,3.76,119,0.2,-3.8,13.88613888888889,33.46777777777778,0.0,0.2,-3.8,-4.1,4.21,4.21,6.11,5.16,1.225,-8.338109826400387,7.349599320753855,-9.132479663659593,-8.251099925338126,6.481933798996062,-3.798082610904806,-7.96377804073806,-8.332833172332256,-8.495091315359277
2023-05-21 19:55:00,0.98,32,0.2,-3.2,13.89080555555556,33.50305555555556,0.0,0.2,-3.2,0.5,3.03,3.03,6.06,4.545,1.225,-0.6915307746648596,-0.1989939267795292,-0.5933216978514497,-0.6800919376148621,-0.08437754131421885,0.9183541758629752,-0.672292918100616,-0.7192670647494739,-0.7186042940064947
2023-05-22 03:50:00,0.2,144,-8.3,-13.8,13.88016666666667,33.49944444444444,0.0,-8.3,-13.8,-15.7,3.94,3.94,5.815,4.8775,1.225,-0.02759691773515068,1.965530682243012e-05,-0.02242058683485873,-0.02763136188935275,-0.002872829020201017,-0.02902280502688103,-0.02760772658611642,-0.02853043190893061,-0.02779206184795754
2023-05-22 11:45:00,1.82,127,2.4,-1.3,13.88963888888889,33.50055555555556,0.0,2.4,-1.3,1.3,4.01,4.01,5.91,4.96,1.225,-1.974820849221585,0.9740297084353795,-1.859564967787573,-1.968789497602327,0.6933256819773623,-1.685948738024635,-1.994537176003313,-1.967032773160332,-2.006358377522299
2023-05-22 19:40:00,1.74,96,2.1,0.4,13.88311111111111,33.52722222222222,0.0,2.1,0.4,4.5,3.03,3.03,6.47,4.75,1.225,-1.791292543421549,2.072658712059079,-2.350093302866992,-1.812519376909445,2.4405271365826,2.402544971759373,-1.878359274526777,-1.872167180783157,-1.797297981966006
2023-05-23 03:35:00,0.64,107,-6.0,-13.1,13.89497222222222,33.44555555555556,0.0,-6.0,-13.1,-9.5,3.89,3.89,6.31,5.100000000000001,1.225,-0.2531916062559855,0.263547085182585,-0.2787009785771045,-0.2499911495175996,0.2926806237584376,0.1444558544691384,-0.2318163077814893,-0.2721968384546096,-0.2562628639565713
2023-05-23 11:30:00,2.34,45,0.4,-2.1,13.89688888888889,33.57194444444445,0.0,0.4,-2.1,1.2,3.82,3.82,6.34,5.08,1.225,-3.209084113121747,0.2880777549581802,-3.405288672043147,-3.206739883125612,0.9010387144067266,5.927543115759605,-3.407211832878039,-3.228483071935143,-3.249933846053028
2023-05-23 19:25:00,2.46,60,-0.1,3.0,13.89094444444444,33.51166666666666,0.0,-0.1,3.0,1.5,3.02,3.02,6.965,4.9925,1.225,-3.3562767533717,2.582236814321627,-4.180129335135904,-3.381969610057883,3.31407309473312,5.457711876601405,-3.824228332162896,-3.05964201808617,-3.104262196420935
2023-05-24 03:20:00,0.5,337,-5.2,-7.2,13.88088888888889,33.52722222222222,0.0,-5.2,-7.2,-8.8,2.09,2.09,6.16,4.125,1.225,-0.06778671149312637,-0.2196843055323327,-0.1464325245096158,-0.0400133231789407,-0.1731854820757647,0.03294232894291269,-0.2087709905836606,0.00322159036567694,0.03474748024121014
2023-05-24 11:15:00,1.5,82,0.6,-0.1,13.88386111111111,33.4875,0.0,0.6,-0.1,1.8,3.05,3.05,6.71,4.88,1.225,-1.171120316399458,1.616757809990842,-1.741154184561606,-1.196822294376273,1.860017557298167,2.257733391025148,-1.259954387792859,-1.192233022396842,-1.198645311422647
2023-05-24 19:10:00,3.14,51,-0.3,-0.9,13.89341666666667,33.44,0.0,-0.3,-0.9,4.3,2.96,2.96,7.27,5.115,1.225,-5.853691527030447,1.228266703157338,-6.287556144066058,-5.851060510198868,2.277988335346672,10.38961281926161,-5.939005042322929,-5.838988701765629,-5.854126808664788
2023-05-25 03:05:00,0.48,240,-12.4,-5.7,13.88666666666667,33.46388888888889,0.0,-12.4,-5.7,-7.9,2.01,2.01,6.390000000000001,4.2,1.225,0.1813443056980872,-0.162444698330184,-0.1498453827355711,0.158511179783669,-0.1624978254183865,-0.1614438811723566,0.1976348972716601,0.01551985259166614,0.1262799752939595
2023-05-25 11:00:00,2.79,150,-2.1,-2.0,13.89830555555556,33.47916666666666,0.0,-2.1,-2.0,1.9,2.97,2.97,6.955,4.9625,1.225,-6.006782370330412,-0.8835613936640372,-4.38043818212514,-6.013863827681992,-1.403814531699083,-6.076668668354018,-5.990502324003982,-6.20624895897676,-6.080697428897354
2023-05-25 18:55:00,1.01,32,-3.1,-1.1,13.88394444444444,33.505,0.0,-3.1,-1.1,1.9,2.01,2.01,7.43,4.72,1.225,-0.7345174336064381,-0.2113637075258201,-0.6302035235092291,-0.7223675401508961,-0.0896225842301485,0.9754405401893177,-0.7140837211104104,-0.7639778558422929,-0.7632738862099386
2023-05-26 02:50:00,1.06,265,-15.1,-14.7,13.88397222222222,33.46194444444444,0.0,-15.1,-14.7,-15.2,2.01,2.01,6.955,4.4825,1.225,1.138867700147117,-0.802764382977739,-1.015680894861538,1.104058046136695,-0.7938345248474407,-0.8372485073947543,0.5568608180803611,0.9290203542748734,1.488946611469134
2023-05-26 10:45:00,0.85,132,-2.6,-0.2,13.88786111111111,33.43,0.0,-2.6,-0.2,-0.6,2.99,2.99,7.035,5.0125,1.225,-0.4381744331945922,0.1268469686301839,-0.384016268015449,-0.4381182821236733,0.06402232724318897,-0.4429927504337316,-0.4483707684371239,-0.4408585688020301,-0.4436754576022925
2023-05-26 18:40:00,1.26,47,-2.1,-0.6,13.8915,33.50916666666667,0.0,-2.1,-0.6,1.9,2.26,2.26,7.455,4.8575,1.225,-0.9380515192396676,0.107907750441839,-0.9936276722431985,-0.9371558466565043,0.2811312711950363,1.711076874997067,-0.9731679630470599,-0.9438327248940542,-0.9481274940842127
2023-05-27 02:35:00,0.75,335,-20.4,-11.5,13.88736111111111,33.49527777777778,0.0,-20.4,-11.5,-20.6,2.0,2.0,6.955,4.4775,1.225,-0.1006453408403108,-0.4953842253399874,-0.3330764078330417,-0.05336185372610902,-0.4002594862695142,0.0568105259697291,-0.4616951903669839,0.06133966680066852,0.1261529158175472
2023-05-27 10:30:00,1.19,151,-11.6,-6.5,13.888,33.47138888888889,0.0,-11.6,-6.5,-12.8,2.95,2.95,6.91,4.93,1.225,-1.096120744671554,-0.1689489769790767,-0.807125682518941,-1.096447725947726,-0.2504052622409199,-1.098079120671379,-1.094491685493198,-1.130364317680237,-1.106305386194822
2023-05-27 18:25:00,2.01,255,-13.3,-5.4,13.88958333333333,33.49611111111111,0.0,-13.3,-5.4,-11.8,2.12,2.12,7.005,4.5625,1.225,4.234025137994189,-2.758521312448343,-3.332919133329035,4.135792613632243,-2.738919403818661,-2.702416013739206,3.99240369783687,2.45616784613446,4.400503183724817
2023-05-28 02:20:00,1.72,34,-13.1,-18.7,13.89291666666667,33.41277777777778,0.0,-13.1,-18.7,-16.8,2.44,2.44,6.44,4.44,1.225,-2.022232572839928,-0.4492187421382203,-1.823370624483484,-1.995740478914272,-0.09638848358079434,2.931111533136041,-2.030554437568806,-2.088749180148683,-2.092356974868415
2023-05-28 10:15:00,3.3,94,-7.4,-14.9,13.88011111111111,33.47555555555556,0.0,-7.4,-14.9,-10.6,3.66,3.66,6.074999999999999,4.8675,1.225,-6.017278806645336,6.924279258086039,-8.398879330228556,-6.104512474648164,8.18759889762789,7.889029749408221,-6.385089099306533,-6.244243811914985,-6.11455542170455
2023-05-28 18:10:00,3.24,216,-5.4,-7.5,13.89263888888889,33.475,0.0,-5.4,-7.5,-5.7,2.93,2.93,6.21,4.57,1.225,2.649710887684246,-7.78589165942528,-6.390348652230109,2.844128661851025,-7.393546806931615,-8.003374835094304,7.811939077199566,-1.820980616034664,0.693145316915823
2023-05-29 02:05:00,0.56,12,-10.6,-17.4,13.88455555555556,33.47777777777777,0.0,-10.6,-17.4,-18.7,3.99,3.99,6.055,5.0225,1.225,-0.270581487940237,-0.1254025564095797,-0.2325181757886406,-0.2726786317373099,-0.070040640878277,0.3402444913580676,-0.2703863825190503,-0.2911302083288962,-0.2817714074607156
2023-05-29 10:00:00,1.21,140,-3.6,-6.1,13.88677777777778,33.47388888888889,0.0,-3.6,-6.1,-7.0,4.02,4.02,5.465,4.7425,1.225,-0.9303223537471845,0.1119909036508195,-0.8184757361283423,-0.9315356300238219,0.0007730762722174472,-1.008544211924164,-0.9330231321168785,-0.9622590217706248,-0.9329585741223031
2023-05-29 17:55:00,2.04,143,0.7,0.2,13.88755555555555,33.52833333333334,0.0,0.7,0.2,0.0,3.08,3.08,6.41,4.745,1.225,-2.814481252801661,0.08111524594386607,-2.331093140992401,-2.818031093010557,-0.2236174948819009,-2.981328253712112,-2.817243859994823,-2.910017789990019,-2.831581665100591
2023-05-30 01:50:00,0.37,209,-5.0,-9.5,13.89591666666667,33.44333333333334,0.0,-5.0,-9.5,-10.3,3.01,3.01,5.925000000000001,4.4675,1.225,0.003672751702558802,-0.1120398121957111,-0.08824369917787662,0.007993415683426947,-0.1030090888340497,-0.1141784789402622,0.07200097280835997,-0.04223890187398645,-0.02157736910572617
2023-05-30 09:45:00,1.74,23,-2.8,-4.8,13.89477777777778,33.48388888888889,0.0,-2.8,-4.8,-4.7,4.02,4.02,6.01,5.015,1.225,-2.456455040622673,-1.018476750691176,-2.13547647990363,-2.431323910967642,-0.598838116378972,3.139675947637862,-2.330221652328033,-2.657257978844828,-2.516909919122417
2023-05-30 17:40:00,1.2,101,-2.9,-2.9,13.88775,33.44944444444445,0.0,-2.9,-2.9,-0.9,3.83,3.83,6.945,5.3875,1.225,-0.9539610426490038,1.097681185524334,-1.110337944709586,-0.9585404673305611,1.275856164792138,1.222639823408727,-0.9663351129643243,-1.010969522424246,-0.9407974839363129
2023-05-31 01:35:00,1.51,135,-18.7,-18.7,13.89219444444445,33.51083333333333,0.0,-18.7,-18.7,-22.3,3.38,3.38,6.715,5.047499999999999,1.225,-1.407567599076007,0.3155965002648501,-1.235427110211859,-1.408165402346192,0.1267294265770693,-1.462753002137574,-1.42925616038876,-1.431512882897379,-1.419957404547165
2023-05-31 09:30:00,1.43,148,-11.6,-14.4,13.88677777777778,33.49194444444444,0.0,-11.6,-14.4,-15.1,4.01,4.01,6.050000000000001,5.03,1.225,-1.522271004381933,-0.1544073904017794,-1.149232575263272,-1.524098170971698,-0.2948121543275168,-1.558808833732263,-1.519603993824312,-1.573112401609308,-1.538541520448806
2023-05-31 17:25:00,1.54,260,-8.4,-7.7,13.89552777777778,33.45,0.0,-8.4,-7.7,-8.7,3.31,3.31,6.359999999999999,4.835,1.225,2.199652724867312,-1.567567207725372,-2.198309175221474,2.226134176439258,-1.536922849496327,-1.511869605058623,2.020458895336448,1.570120425143804,2.543328217732118
2023-06-01 23:30:00,0.42,142,-14.9,-12.3,13.88680555555556,33.4825,0.0,-14.9,-12.3,-8.0,2.31,2.31,6.31,4.31,1.225,-0.1168954844614827,0.006789872088694115,-0.09874383473755961,-0.1170445237522404,-0.006288016493600625,-0.124751790440267,-0.117082017692504,-0.1208778051596626,-0.1174845878559206
2023-06-02 07:25:00,2.22,230,-12.4,-14.5,13.89222222222222,33.47888888888889,0.0,-12.4,-14.5,-11.2,3.01,3.01,5.89,4.449999999999999,1.225,3.59155681172812,-3.861043504748247,-3.025815672403813,3.610486474243309,-3.81974463260077,-3.902599655886676,6.969401158447063,0.2456491610323985,2.139657419727599
2023-06-02 15:20:00,4.36,253,-11.2,-22.5,13.88588888888889,33.50333333333333,0.0,-11.2,-22.5,-3.6,3.47,3.47,6.699999999999999,5.085,1.225,20.83834586584958,-13.14532378386442,-14.90677806847565,20.1063515779951,-13.11445184715443,-12.95431814128857,19.82124008545463,11.14543797141811,20.83309567956482
2023-06-02 23:15:00,2.83,283,-32.3,-23.0,13.87741666666667,33.46805555555556,0.0,-32.3,-23.0,-36.0,3.54,3.54,6.36,4.95,1.225,7.95517760204079,-5.660895577993138,-6.004501966779544,7.238750171706597,-5.569277054609177,-5.761295259948901,2.451247087159797,5.582913643648378,9.132301436995789
2023-06-03 07:10:00,2.69,324,-29.6,-27.9,13.882,33.45861111111111,0.0,-29.6,-27.9,-40.7,4.07,4.07,5.91,4.99,1.225,1.493666856191988,-6.695274723948673,-4.1536406832368,1.343921739745859,-6.294063978095183,-4.195777514790014,-5.299765434531015,2.973059972365674,4.045613103943355
2023-06-03 15:05:00,1.82,313,-24.8,-16.8,13.891,33.52194444444444,0.0,-24.8,-16.8,-34.5,5.18,5.18,6.065,5.6225,1.225,2.026362701263617,-3.100650521406888,-1.897687854713175,1.79673855988722,-3.063528610890735,-3.267046665504761,-1.877219360501,1.934875371591944,3.196356689594641
2023-06-03 23:00:00,0.43,221,-11.4,-18.5,13.88997222222222,33.43638888888889,0.0,-11.4,-18.5,-18.8,4.01,4.01,5.88,4.945,1.225,0.0763588130905164,-0.1289612853839703,-0.108314897966841,0.07902447786302323,-0.1252471761883474,-0.1327208807177998,0.1714888171072704,-0.01414766665024758,0.04175516221148434
2023-06-04 06:55:00,0.36,66,-11.7,-21.6,13.88913888888889,33.48305555555555,0.0,-11.7,-21.6,-22.1,5.44,5.44,5.465,5.452500000000001,1.225,-0.07092084178075507,0.06360917236883146,-0.09062068979788164,-0.07186200223011513,0.08308261714341764,0.1457244255351274,-0.08337512990322259,-0.06499441174519269,-0.06626977277230073
2023-06-04 14:50:00,2.25,45,-4.0,-9.5,13.89452777777778,33.43305555555555,0.0,-4.0,-9.5,-8.2,4.17,4.17,5.48,4.825,1.225,-2.966978654883273,0.2663440781787909,-3.14838079885646,-2.964811282475603,0.8330609415742666,5.480346815606144,-3.150158869154992,-2.984914082780274,-3.004746529265004
2023-06-04 22:45:00,0.79,196,-4.4,-7.3,13.88952777777778,33.49666666666667,0.0,-4.4,-7.3,-8.6,3.15,3.15,5.575,4.3625,1.225,-0.2629405687172146,-0.4691311571797581,-0.3860364753490114,-0.1670035090084318,-0.3728770133163177,-0.4805367943673479,0.1477806370987003,-0.268965775711426,-0.2431405661182584
2023-06-05 06:40:00,0.64,192,-6.9,-13.1,13.88827777777778,33.47583333333333,0.0,-6.9,-13.1,-13.5,4.42,4.42,5.46,4.94,1.225,-0.2183725431786303,-0.2950577217914033,-0.2547203411415608,-0.1372519620415575,-0.2127309754267741,-0.3172263184281808,0.06843159611217214,-0.1872066883616946,-0.1857707666817227
2023-06-05 14:35:00,2.99,254,-8.9,-11.0,13.88658333333333,33.44555555555556,0.0,-8.9,-11.0,-7.4,4.38,4.38,5.96,5.17,1.225,9.584686838522753,-6.143168064539717,-7.192894317761186,9.303874101749802,-6.114220665748918,-6.036177604715629,9.078182540779297,5.338370845025382,9.767647017845317
2023-06-05 22:30:00,0.27,150,-3.9,-5.7,13.88880555555555,33.51277777777778,0.0,-3.9,-5.7,-5.8,3.01,3.01,5.96,4.484999999999999,1.225,-0.05625498577832853,-0.008274768515063825,-0.04102387475455387,-0.056321305358104,-0.01314706637387279,-0.05690948804910112,-0.0561025191634088,-0.05812303915795093,-0.05694721837677023
2023-06-06 06:25:00,0.53,137,-7.2,-13.5,13.88836111111111,33.51388888888889,0.0,-7.2,-13.5,-13.5,4.01,4.01,5.53,4.77,1.225,-0.1754404081622585,0.03192276414158107,-0.1541326713035207,-0.1755777074078875,0.00942689024928641,-0.1855226030477868,-0.1772508460227571,-0.1796613193454057,-0.1765585479499603
2023-06-06 14:20:00,2.06,71,-3.5,-4.0,13.88686111111111,33.43472222222222,0.0,-3.5,-4.0,-3.0,4.35,4.35,6.515,5.432499999999999,1.225,-2.29697932137988,2.361804375651749,-3.021868947569498,-2.33739257895566,3.056552169114998,5.331160736671067,-2.728089545435994,-2.134716931467538,-2.178638682211973
2023-06-06 22:15:00,0.28,278,-3.2,-3.3,13.89283333333333,33.5425,0.0,-3.2,-3.3,-3.2,2.85,2.85,6.18,4.515,1.225,0.0802347604935428,-0.055807669000853,-0.06253838888898691,0.07434997262304187,-0.05492611819972557,-0.05851789854156669,0.02272461727349794,0.06399246619519995,0.09997207400749497
2023-06-07 06:10:00,1.04,79,-4.0,-9.0,13.88963888888889,33.56611111111111,0.0,-4.0,-9.0,-8.1,3.24,3.24,5.96,4.6,1.225,-0.5765615493964361,0.8010412844778768,-0.8325885641589107,-0.5890283311679496,0.9254068986020443,1.215991333141342,-0.6256889236582056,-0.5810559007647468,-0.5824243965307864
2023-06-07 14:05:00,5.14,245,-25.9,-42.7,13.88652777777778,33.475,0.0,-25.9,-42.7,-13.9,3.37,3.37,6.460000000000001,4.915000000000001,1.225,25.83291940633966,-18.62121290423296,-18.14179605743263,23.73392263659754,-18.66676421802491,-18.50717541960625,26.18499069413395,8.205979752190691,21.85023629855052
2023-06-07 22:00:00,2.74,262,-31.1,-24.2,13.89116666666667,33.44888888888889,0.0,-31.1,-24.2,-17.0,2.41,2.41,6.035,4.2225,1.225,7.221813385622602,-5.122943732054114,-6.890020732369493,7.179076032760345,-5.040871788704792,-5.109318588925438,5.325930104820428,5.465236943555076,8.810236475052536
2023-06-08 05:55:00,1.06,187,-7.4,-12.4,13.88008333333333,33.50333333333333,0.0,-7.4,-12.4,-10.9,3.09,3.09,5.92,4.505,1.225,-0.7945341486096871,-0.7397486928168008,-0.7021389139226939,-0.6035497762316305,-0.4692182698263765,-0.8661330723496782,-0.2220356514664054,-0.571469601805057,-0.597149359655764
2023-06-08 13:50:00,1.58,116,-2.5,-3.2,13.89941666666667,33.48972222222222,0.0,-2.5,-3.2,-5.6,3.01,3.01,5.475,4.2425,1.225,-1.477489337648683,1.351153792520843,-1.603555438188693,-1.456170492254498,1.28631237463131,-0.3601613642900121,-1.364709703128595,-1.518312265356037,-1.509131722883659
2023-06-08 21:45:00,0.3,113,-3.9,-5.3,13.88619444444445,33.50333333333333,0.0,-3.9,-5.3,-5.6,3.01,3.01,5.79,4.4,1.225,-0.05345220950879857,0.05063579346517888,-0.05748509758806474,-0.05246894438154552,0.05148403999242303,-0.001790409391252613,-0.04770336313292624,-0.05642929012262232,-0.0547344020741141
2023-06-09 05:40:00,0.98,56,0.1,-7.1,13.88144444444444,33.50861111111111,0.0,0.1,-7.1,-2.6,3.01,3.01,5.47,4.24,1.225,-0.5493347293947509,0.2808442902056662,-0.6407548865852796,-0.5514861063746455,0.3908134301091907,0.9309837166512284,-0.594286351806617,-0.5225446131866535,-0.5271340339423329
2023-06-09 13:35:00,2.76,109,0.4,0.3,13.88877777777778,33.49333333333333,0.0,0.4,0.3,1.1,3.96,3.96,6.26,5.109999999999999,1.225,-4.596209306174479,4.599566304079003,-4.953017418982898,-4.508772928301336,5.007805138343204,1.426132211012025,-4.044349091158691,-4.966954720679388,-4.695578641332069
2023-06-09 21:30:00,0.44,80,-2.6,-0.1,13.8845,33.45027777777778,0.0,-2.6,-0.1,0.1,3.0,3.0,6.835,4.9175,1.225,-0.1030022479162861,0.1478356820732036,-0.1504241518151057,-0.1052821982104353,0.1689170378504602,0.2144601217714852,-0.1104364513387472,-0.1048326025879329,-0.1048577015144392
2023-06-10 05:25:00,1.38,326,-24.3,-16.5,13.8905,33.45777777777778,0.0,-24.3,-16.5,-25.0,3.09,3.09,6.335000000000001,4.7125,1.225,0.2948436370615886,-1.736855910364791,-1.114825063842458,0.2790283136732601,-1.585906524549988,-0.7208882899452539,-1.428219269182416,0.7434670090102937,0.9875276904486718
2023-06-10 13:20:00,3.33,29,-2.8,-8.8,13.88405555555556,33.53,0.0,-2.8,-8.8,-4.0,3.19,3.19,6.035,4.6125,1.225,-8.475961239001554,-3.02840153093368,-7.003033570884591,-8.321512894204549,-1.673766902500943,10.40298587973925,-8.002393877552839,-8.916316468158028,-8.81817266042397
2023-06-10 21:15:00,2.74,48,-0.4,-11.1,13.90180555555555,33.51888888888889,0.0,-0.4,-11.1,-2.9,3.51,3.51,5.935,4.7225,1.225,-4.453937258440045,0.5679354421619953,-4.713650155148639,-4.449191028620024,1.376454578030731,8.073634697181856,-4.567203884864385,-4.481646399822457,-4.497405106525771
2023-06-11 05:10:00,1.53,88,-8.6,-13.2,13.8995,33.47555555555556,0.0,-8.6,-13.2,-15.9,3.99,3.99,5.75,4.87,1.225,-1.13740225066134,1.365666840820866,-1.789459925174354,-1.161660054013779,1.613305669177122,1.616397447628434,-1.23742376899589,-1.158870095829651,-1.184645032430475
2023-06-11 13:05:00,3.64,23,-4.0,-19.7,13.88805555555555,33.43111111111111,0.0,-4.0,-19.7,-13.2,4.9,4.9,5.54,5.220000000000001,1.225,-10.75011451520484,-4.457130914241578,-9.345425144712362,-10.64013386535767,-2.620678262245616,13.74007479053462,-10.19768291870971,-11.62888271783011,-11.01468148513819
2023-06-11 21:00:00,3.38,155,-1.2,-19.3,13.88880555555555,33.43972222222222,0.0,-1.2,-19.3,-7.1,5.59,5.59,5.22,5.404999999999999,1.225,-8.951202640087333,-1.62792194474273,-6.841521844499846,-8.922819620242558,-1.859453043191505,-8.619921865316405,-8.981064578320323,-9.161509085494622,-8.928097858194509
2023-06-12 04:55:00,1.68,167,-5.9,-20.5,13.88636111111111,33.56833333333334,0.0,-5.9,-20.5,-16.2,6.0,6.0,5.03,5.515000000000001,1.225,-2.448545981370885,-0.8286812576022116,-1.755780526443095,-2.437344430302735,-0.4676967659576732,-2.043006600014575,-2.556051894260768,-2.231269064701372,-2.33239334023849
2023-06-12 12:50:00,3.6,99,0.3,-6.0,13.88580555555556,33.42194444444444,0.0,0.3,-6.0,-7.8,6.45,6.45,4.955,5.702500000000001,1.225,-8.428010543195343,9.819955233591058,-10.15659027731799,-8.499447562029648,11.50153385276245,11.62804891940387,-8.703172183213926,-8.888333506703248,-8.318627201735627
2023-06-12 20:45:00,1.17,102,-0.5,-7.5,13.88402777777778,33.50555555555555,0.0,-0.5,-7.5,-7.1,5.64,5.64,4.935,5.2875,1.225,-0.8967454689600877,1.01636684219566,-1.034834190824543,-0.8985905556686056,1.173742413726173,1.049022883537104,-0.8946418654175067,-0.9524929182852504,-0.8880281738265299
2023-06-13 04:40:00,0.81,24,-3.6,-14.9,13.88538888888889,33.4125,0.0,-3.6,-14.9,-11.0,6.03,6.03,4.970000000000001,5.5,1.225,-0.5271909954072803,-0.2137889865063061,-0.4547010784793936,-0.5211295523047903,-0.1246486992996325,0.6695756918579726,-0.4997247380185656,-0.5677961504065865,-0.5414830759414203
2023-06-13 12:35:00,3.23,84,4.0,-2.7,13.88780555555556,33.46833333333333,0.0,4.0,-2.7,0.9,5.82,5.82,4.93,5.375,1.225,-5.30992286096356,7.026599808879759,-8.040723178683383,-5.425410889624882,8.146462975586573,9.380487080864844,-5.733121012924333,-5.407079643410344,-5.465192662199085
2023-06-13 20:30:00,2.18,49,-0.9,-8.3,13.89308333333333,33.50972222222222,0.0,-0.9,-8.3,-6.6,5.33,5.33,5.075,5.202500000000001,1.225,-2.830780806840678,0.3960033927547644,-2.993219113023507,-2.827453117511617,0.9010720161870037,5.099391620507626,-2.869059755672172,-2.848555492648178,-2.855650216270276
2023-06-14 04:25:00,0.82,174,-9.5,-15.9,13.88827777777778,33.40722222222222,0.0,-9.5,-15.9,-16.7,5.49,5.49,5.015,5.2525,1.225,-0.6267777286413571,-0.2875804674929731,-0.4176772620486723,-0.6113173877985113,-0.1433666676997084,-0.4948885141080888,-0.6433040066149506,-0.4771442351820533,-0.5128762739869029
2023-06-14 12:20:00,2.5,140,2.0,-0.7,13.89816666666667,33.46222222222222,0.0,2.0,-0.7,0.3,5.6,5.6,5.435,5.5175,1.225,-3.971391783976439,0.4780705879500183,-3.493937129159307,-3.976571059114055,0.003300134349674917,-4.305307919217285,-3.982920958766814,-4.107724121348546,-3.982645371398399
2023-06-14 20:15:00,0.66,142,-1.3,-1.9,13.88611111111111,33.54333333333334,0.0,-1.3,-1.9,-1.1,4.16,4.16,5.97,5.065,1.225,-0.2886602779559064,0.01676682699453037,-0.2438368163927493,-0.2890283137555323,-0.01552755093317706,-0.3080605437402511,-0.2891209008325099,-0.2984941719248813,-0.2901150026646203
2023-06-15 04:10:00,0.3,76,-3.4,-7.2,13.77669444444444,33.45111111111111,0.0,-3.4,-7.2,-6.7,3.82,3.82,5.455,4.6375,1.225,-0.04825305334328858,0.06044297444140905,-0.06733322584133901,-0.0492228171938973,0.07243620374650861,0.1056387311566685,-0.05423667123242043,-0.04719629025993667,-0.04761677704644488
2023-06-15 12:05:00,2.12,39,1.7,-1.6,13.88566666666667,33.52277777777778,0.0,1.7,-1.6,3.6,4.15,4.15,6.285,5.2175,1.225,-2.662191540680067,-0.06049716743558919,-2.753779752949611,-2.655154113326435,0.4746407919123571,4.841208177663376,-2.931509847876451,-2.691378588700121,-2.718315897746257
2023-06-15 20:00:00,0.78,274,-3.1,-2.2,13.88733333333333,33.4525,0.0,-3.1,-2.2,-2.4,3.99,3.99,6.44,5.215,1.225,0.645841422969715,-0.450146905103414,-0.5106475978284579,0.6007626102338713,-0.4458217990385407,-0.4864793343070375,0.1305395057352292,0.549941562584482,0.8679002719915142
2023-06-16 03:55:00,0.78,355,-4.9,-5.2,13.88494444444444,33.51111111111111,0.0,-4.9,-5.2,-6.4,2.99,2.99,5.755,4.3725,1.225,-0.5487727200009904,-0.3915215095902435,-0.4818376694871913,-0.4154629490903362,-0.2203069942451487,0.5280226341333244,-0.5665922494261906,-0.3679584709866637,-0.3380421505624102
2023-06-16 11:50:00,3.92,82,1.2,4.6,13.88602777777778,33.54055555555556,0.0,1.2,4.6,4.8,3.07,3.07,6.47,4.77,1.225,-7.99817921329806,11.04166542730812,-11.89123184962109,-8.173711157468253,12.70301057442958,15.41921527993282,-8.604872490924528,-8.142368673492818,-8.186161472642208
2023-06-16 19:45:00,2.69,97,0.3,3.3,13.88986111111111,33.46194444444444,0.0,0.3,3.3,4.8,2.0,2.0,6.955,4.4775,1.225,-4.422747846139838,5.130126320533467,-5.63483279799916,-4.469865309858005,6.02923915034011,5.992265948637897,-4.612688124675811,-4.637282925765499,-4.411958954845279
2023-06-17 03:40:00,0.3,293,-4.9,-6.6,13.894,33.43305555555555,0.0,-4.9,-6.6,-7.1,1.99,1.99,6.300000000000001,4.145,1.225,0.08312300633128138,-0.06754404632354626,-0.06061171490320064,0.07390515608157888,-0.06688843360776361,-0.06831146282487681,0.008170968235318429,0.05406404905278168,0.09657208459113288
2023-06-17 11:35:00,1.61,131,0.6,4.4,13.88522222222222,33.45111111111111,0.0,0.6,4.4,3.4,2.88,2.88,6.815,4.8475,1.225,-1.56264928266335,0.4871882255616231,-1.368811448877045,-1.562154144993368,0.2582321099408629,-1.564785814324859,-1.603205442761635,-1.56641509373525,-1.584268789115847
2023-06-17 19:30:00,1.32,79,0.1,3.3,13.89436111111111,33.51333333333334,0.0,0.1,3.3,4.2,1.99,1.99,6.995,4.4925,1.225,-0.9288099516164481,1.290434850290544,-1.341255837824044,-0.9488932731389011,1.490781231623707,1.9588972807558,-1.007951535301459,-0.9360501123266408,-0.9382546861272579
2023-06-18 03:25:00,0.42,308,-5.2,-6.5,13.71416666666667,33.41444444444444,0.0,-5.2,-6.5,-6.9,1.85,1.85,6.825,4.3375,1.225,0.1335706673217141,-0.1594906194176963,-0.1048504472038893,0.1203363489938001,-0.1574290605537161,-0.1695483349876278,-0.08247997010738355,0.1181584829829284,0.1995115828540659
2023-06-18 11:20:00,1.45,108,0.2,2.3,13.88641666666667,33.42472222222222,0.0,0.2,2.3,3.7,2.98,2.98,6.95,4.965,1.225,-1.284113103556234,1.311154008545197,-1.398824142626588,-1.263832577214782,1.442264155639922,0.567560255616625,-1.153094549151269,-1.384054469224951,-1.305708818223231
2023-06-18 19:15:00,1.22,91,-1.9,0.6,13.89725,33.52833333333334,0.0,-1.9,0.6,2.8,2.16,2.16,7.39,4.775,1.225,-0.7351143510559633,0.8375431425617661,-1.136814042280037,-0.7492681883685159,0.9979343752461826,0.9239250429043638,-0.796586930494201,-0.7530277048785607,-0.7639242559139575
2023-06-19 03:10:00,0.56,76,-2.4,-1.9,13.88372222222222,33.53722222222222,0.0,-2.4,-1.9,-1.0,1.96,1.96,6.88,4.42,1.225,-0.1681350836495034,0.2106101864980654,-0.2346188847093769,-0.17151417191118,0.2523999277211678,0.3680922898970138,-0.1889846677609672,-0.1644528513946238,-0.1659180142418346
2023-06-19 11:05:00,1.25,75,-1.3,-1.5,13.88588888888889,33.37027777777778,0.0,-1.3,-1.5,-0.6,2.77,2.77,7.005,4.8875,1.225,-0.8393315551609312,1.013409751651271,-1.157715044421861,-0.8557765421606296,1.23114382057612,1.859792904188849,-0.9541844477376693,-0.8127052381661236,-0.8217797435617523
2023-06-19 19:00:00,0.32,85,-5.0,-2.5,13.89472222222222,33.48611111111111,0.0,-5.0,-2.5,-2.3,1.96,1.96,6.955,4.4575,1.225,-0.0515266753751031,0.06665999116423996,-0.07875987228252516,-0.05264210313001075,0.07761184087848906,0.08672970878881248,-0.05573580762939286,-0.05247664992753383,-0.05318631272546943
2023-06-20 02:55:00,0.41,312,-6.9,-9.7,13.89461111111111,33.49083333333333,0.0,-6.9,-9.7,-8.7,1.94,1.94,6.425,4.1825,1.225,0.1100909275797155,-0.1569778921426262,-0.09682494852993086,0.09786507634905654,-0.1550124321302596,-0.1658912088421204,-0.09213068591495926,0.1013700981440935,0.1700109272409226
2023-06-20 10:50:00,1.96,206,-10.3,-8.6,13.88986111111111,33.51,0.0,-10.3,-8.6,-9.5,2.97,2.97,7.005,4.9875,1.225,-0.3276002863795384,-3.098687395540738,-2.438638069329059,-0.1066897527100141,-2.792132730114488,-3.116195282544199,1.739460541075106,-1.30865488328485,-0.8206401472729064
2023-06-20 18:45:00,1.86,71,-3.6,-0.9,13.88819444444444,33.50361111111111,0.0,-3.6,-0.9,-1.5,1.96,1.96,6.98,4.47,1.225,-1.87261515228717,1.925463855689695,-2.463582291217701,-1.905562109094872,2.491857829265305,4.346235197612222,-2.224078280561402,-1.740330543902605,-1.776137803982595
2023-06-21 02:40:00,0.86,331,-13.7,-13.8,13.88477777777778,33.44777777777778,0.0,-13.7,-13.8,-14.3,1.98,1.98,6.2,4.09,1.225,0.004081512773229833,-0.6542314906873846,-0.4474190322258657,0.02626321983406189,-0.5541330252270886,0.02917784148236955,-0.5859158711568425,0.2228948544751597,0.2920204904483168
2023-06-21 10:35:00,0.96,179,-6.3,-5.5,13.89483333333333,33.54194444444445,0.0,-6.3,-5.5,-6.0,2.96,2.96,6.67,4.815,1.225,-0.8978629966152569,-0.4883302460677374,-0.577776927001629,-0.8538143615189305,-0.2410929911492158,-0.6945330581677125,-0.8897559604907015,-0.5686292861749855,-0.6076471024944015
2023-06-21 18:30:00,2.1,67,0.1,3.8,13.88755555555555,33.47444444444444,0.0,0.1,3.8,4.6,1.96,1.96,7.02,4.49,1.225,-2.407853537599246,2.211598426550733,-3.089857850165815,-2.442096197679427,2.895790624331716,5.122255732505696,-2.845441959361605,-2.208607667626085,-2.253818954208044
2023-06-22 02:25:00,0.52,255,-8.7,-7.4,13.89011111111111,33.44083333333333,0.0,-8.7,-7.4,-7.5,1.04,1.04,6.685,3.8625,1.225,0.2833792226216255,-0.1846251733585882,-0.2230690660261309,0.2768046144219595,-0.1833132365022069,-0.180870099778491,0.267207732455902,0.1643889472029796,0.2945214378057947
2023-06-22 10:20:00,2.49,264,-5.4,-5.5,13.88163888888889,33.48055555555555,0.0,-5.4,-5.5,-2.9,2.96,2.96,7.06,5.01,1.225,6.177593821965772,-4.363387717138966,-5.63308890169499,6.037774371617656,-4.30794449663949,-4.486494111103589,3.5146577994251,4.922073817737164,7.902695837320223
2023-06-22 18:15:00,3.51,240,-11.2,-9.3,13.88886111111111,33.48166666666667,0.0,-11.2,-9.3,-3.2,2.5,2.5,7.5,5.0,1.225,9.696961721488735,-8.686349513444876,-8.012630641668876,8.476013828354084,-8.689190359969892,-8.63283316159527,10.56806292481154,0.8298877426848351,6.752525710152391
2023-06-23 02:10:00,1.02,248,-17.4,-14.3,13.89038888888889,33.43527777777778,0.0,-17.4,-14.3,-8.7,1.39,1.39,6.93,4.16,1.225,1.136344837623416,-0.7331574386607366,-0.737086724389569,1.065955238828215,-0.7358835840203021,-0.728683780391557,1.114390741733732,0.4749913592962892,1.034594788677438
2023-06-23 10:05:00,1.39,226,-11.4,-5.2,14.44975,33.48194444444444,0.0,-11.4,-5.2,-12.0,2.95,2.95,7.075,5.0125,1.225,1.136853946864416,-1.439843223147937,-1.162047631354928,1.153356622641024,-1.41359943173859,-1.466354295415021,2.314339055809214,-0.0122029227461715,0.6599291582746808
2023-06-23 18:00:00,2.14,303,-11.3,-2.8,13.88027777777778,34.70222222222223,0.0,-11.3,-2.8,-9.5,2.5,2.5,7.56,5.029999999999999,1.225,3.650467128351462,-3.851865894518087,-2.86186556968779,3.358625805990971,-3.809517616117756,-4.094814645256026,-1.646829832233433,3.399484810896824,5.487000328906875
2023-06-24 01:55:00,0.32,167,-8.3,-7.5,13.8865,33.48833333333334,0.0,-8.3,-7.5,-7.3,1.29,1.29,7.0,4.145,1.225,-0.08883613537853556,-0.0300655331556358,-0.06370178780745926,-0.08842972989760493,-0.0169685901481242,-0.07412268843590299,-0.09273657666252222,-0.08095307264222666,-0.08462198059822189
2023-06-24 09:50:00,0.98,298,-6.8,-4.2,13.89316666666667,33.42916666666667,0.0,-6.8,-4.2,-5.5,2.61,2.61,7.0,4.805,1.225,0.8166811700798152,-0.7569723257025128,-0.6260552036060948,0.7495109720790644,-0.7496340603013603,-0.7940720030083651,-0.1773326816251676,0.7038920712249959,1.143988605935323
2023-06-24 17:45:00,1.37,24,-3.1,-5.6,13.89038888888889,33.50416666666667,0.0,-3.1,-5.6,-0.9,1.93,1.93,7.0,4.465,1.225,-1.50813104599897,-0.6115844364787165,-1.300759722905005,-1.49079112440308,-0.3565815328691973,1.915449803457139,-1.429558544104627,-1.624289886752206,-1.549016285984533
2023-06-25 01:40:00,0.93,340,-13.3,-9.4,13.89172222222222,33.52333333333333,0.0,-13.3,-9.4,-13.1,1.95,1.95,6.86,4.405,1.225,-0.3541588535899575,-0.7574953812249992,-0.49828747745754,-0.2230014527407604,-0.5747227553412824,0.1538904059306688,-0.7408065104956706,-0.1136102724363221,0.009571871564635587
2023-06-25 09:35:00,1.67,152,-7.5,-10.4,14.19688888888889,33.40833333333333,0.0,-7.5,-10.4,-7.3,1.98,1.98,6.25,4.115,1.225,-2.165331198676737,-0.3489002113502969,-1.609713356637879,-2.164081971560011,-0.4833468451519444,-2.148005963951632,-2.164747426700768,-2.228746149999747,-2.178964527170069
2023-06-25 17:30:00,2.5,325,-9.9,-9.3,13.88683333333333,33.41944444444444,0.0,-9.9,-9.3,-9.9,2.9,2.9,6.359999999999999,4.63,1.225,1.128878421725831,-5.741508603261684,-3.623158962234666,1.038257180459934,-5.320542341831394,-2.994930937785804,-4.632387302771469,2.503935373554515,3.367618963555909
2023-06-26 01:25:00,0.97,346,-16.0,-19.0,13.88747222222222,33.47333333333334,0.0,-16.0,-19.0,-21.0,2.98,2.98,6.15,4.565,1.225,-0.6135090135040075,-0.7532308982243994,-0.640387919790179,-0.3387398258649125,-0.4959161100986175,0.5235726097020809,-0.8206444496763315,-0.2201475496359662,0.0006080516858507632
2023-06-26 09:20:00,3.49,14,-17.3,-23.0,13.89230555555556,33.45333333333333,0.0,-17.3,-23.0,-21.2,4.12,4.12,5.83,4.975,1.225,-10.4240933549493,-4.773645678689242,-9.033315322795039,-10.46847472710157,-2.713880905808163,13.21950402590173,-10.29299120465035,-11.26514840804419,-10.79427079175227
2023-06-26 17:15:00,3.58,154,-13.1,-11.5,13.89205555555556,33.45805555555555,0.0,-13.1,-11.5,-16.3,4.14,4.14,5.970000000000001,5.055,1.225,-10.0115005825269,-1.751974217224966,-7.582563490217507,-9.988359417323693,-2.131085469383641,-9.737197518812904,-10.03293997403162,-10.26592921061222,-10.01510460468569
2023-06-27 01:10:00,1.0,207,-15.8,-22.5,13.8935,33.44111111111111,0.0,-15.8,-22.5,-22.1,4.95,4.95,5.609999999999999,5.279999999999999,1.225,-0.04790869863071909,-0.8105445773333135,-0.63806002971128,0.0009480944535902859,-0.7353568345502042,-0.8187902448131252,0.4771767148846954,-0.3299485232966515,-0.1949509395281029
2023-06-27 09:05:00,1.79,90,-12.4,-19.7,13.89480555555556,33.49916666666667,0.0,-12.4,-19.7,-18.5,4.98,4.98,5.45,5.215,1.225,-1.519845526752839,1.72489164427722,-2.439263708330342,-1.551915669897529,2.061360639068579,1.878214781473046,-1.660216517426798,-1.549002449558735,-1.592997813069408
2023-06-27 17:00:00,1.42,277,-7.8,-9.1,13.88786111111111,33.44361111111111,0.0,-7.8,-9.1,-9.4,4.88,4.88,5.555,5.217499999999999,1.225,2.082814404915282,-1.449481059323303,-1.629442416608629,1.93194874452224,-1.42889271016378,-1.531863984816384,0.5465081241503694,1.690048572138366,2.647528694484654
2023-06-28 00:55:00,1.58,134,-3.5,-7.6,13.88788888888889,33.45444444444445,0.0,-3.5,-7.6,-7.8,4.35,4.35,5.52,4.935,1.225,-1.532060711503568,0.3764518212895667,-1.344037518295041,-1.532432382267341,0.1662381932985592,-1.577890518428525,-1.559634942448691,-1.55263003255071,-1.547439907166597
2023-06-28 08:50:00,1.76,309,-22.7,-25.0,13.88797222222222,33.45222222222223,0.0,-22.7,-25.0,-27.1,4.97,4.97,5.505,5.2375,1.225,2.320787053471506,-2.839730244654744,-1.822272040810837,2.081391823120383,-2.802017650347158,-3.018801854542011,-1.515246748185025,2.02997226125419,3.461858315134184
2023-06-28 16:45:00,1.98,223,-15.0,-23.3,13.88705555555556,33.53333333333333,0.0,-15.0,-23.3,-16.3,4.52,4.52,5.42,4.97,1.225,1.894123413137159,-2.809232325891558,-2.321106811743302,1.941429316477314,-2.740682209875955,-2.878578036839647,4.060025722919331,-0.1898865118512619,1.066817728944102
2023-06-29 00:40:00,2.18,259,-28.9,-38.4,13.88855555555556,33.47722222222222,0.0,-28.9,-38.4,-25.2,4.86,4.86,5.245,5.0525,1.225,4.522373859830539,-3.161946176144952,-4.308224457432863,4.541716033253794,-3.108208527085749,-3.059457743563936,4.17826340094979,3.094907116592433,5.112487082868392
2023-06-29 08:35:00,2.34,284,-18.8,-22.2,13.87958333333333,33.44138888888889,0.0,-18.8,-22.2,-23.1,5.56,5.56,5.08,5.32,1.225,5.418718034651804,-3.886757672171593,-4.055692517166317,4.903516896651228,-3.827536426139345,-3.938135541921647,1.636766939676136,3.679541794975057,6.135610638446225
2023-06-29 16:30:00,1.59,322,-36.0,-19.4,13.88652777777778,33.49333333333333,0.0,-36.0,-19.4,-46.7,6.74,6.74,6.025,6.3825,1.225,0.6522882594970763,-2.37261576830076,-1.422406607951348,0.5686492906875453,-2.292657161888357,-1.97480250320204,-1.807225049312992,1.090459467414157,1.515910573053031
2023-06-30 00:25:00,2.64,274,-38.8,-27.5,13.89480555555556,33.46861111111111,0.0,-38.8,-27.5,-35.2,5.23,5.23,5.405,5.317500000000001,1.225,7.39851476254064,-5.156712475030825,-5.849785499383991,6.882108955105176,-5.107165697861626,-5.572923024961092,1.495411142623691,6.299922279074302,9.942336843642433
2023-06-30 08:20:00,5.0,275,-38.7,-26.8,13.88436111111111,33.52,0.0,-38.7,-26.8,-25.3,5.11,5.11,4.985,5.0475,1.225,26.30015599091834,-18.32182380092317,-20.72293571458354,24.4417610918004,-18.11825365464097,-19.65759407905925,5.834629611738026,22.04983650882618,34.71713215747027
2023-06-30 16:15:00,2.2,274,-29.4,-21.6,13.88538888888889,33.48138888888889,0.0,-29.4,-21.6,-21.4,4.73,4.73,5.325,5.0275,1.225,5.137857473986555,-3.581050329882518,-4.062351041238882,4.779242329934149,-3.54664284573724,-3.870085434000758,1.038479960155341,4.374946027134932,6.904400585862801
2023-07-01 00:10:00,2.03,279,-28.9,-17.9,13.88455555555556,33.51,0.0,-28.9,-17.9,-22.0,4.99,4.99,5.51,5.25,1.225,4.178048626949452,-2.904488753126788,-3.244270144153468,3.867733204222178,-2.853891964025298,-3.021036330249528,1.272031258357498,3.273269722257305,5.09883178792235
2023-07-01 08:05:00,1.42,264,-9.9,-11.1,13.89038888888889,33.44305555555555,0.0,-9.9,-11.1,-11.1,4.06,4.06,5.03,4.545,1.225,2.009080528154672,-1.419063401048211,-1.831996332539439,1.963608368079521,-1.401032125776014,-1.459100131550987,1.14303898110688,1.600759608084582,2.57011917329922
2023-07-01 16:00:00,1.72,280,-20.4,-9.1,13.89477777777778,33.45583333333333,0.0,-20.4,-9.1,-12.1,3.91,3.91,5.905,4.907500000000001,1.225,2.971220036376562,-2.06438794874077,-2.298265386721293,2.747728934185111,-2.025005983930984,-2.129457611079645,0.9688796406768343,2.285033901836701,3.548501647636897
2023-07-01 23:55:00,0.72,238,-20.5,-13.0,13.888,33.46694444444444,0.0,-20.5,-13.0,-13.5,3.06,3.06,5.505,4.2825,1.225,0.4019762412556585,-0.3736262078612043,-0.333376540176935,0.3612748427181334,-0.3728530217785902,-0.372698964261839,0.5023598737911615,0.03310351833025331,0.2723164710062307
2023-07-02 07:50:00,1.83,217,-6.6,-11.2,13.88519444444444,33.45222222222223,0.0,-6.6,-11.2,-8.4,3.61,3.61,5.5,4.555,1.225,0.9503516513140048,-2.438805215310551,-2.016796214669544,1.009922321458779,-2.327025548833649,-2.508971145767787,2.600326378105998,-0.511506152940858,0.3355308630829961
2023-07-02 15:45:00,3.36,217,-30.4,-48.1,13.88772222222222,33.41888888888889,0.0,-30.4,-48.1,-20.7,3.98,3.98,6.085,5.0325,1.225,3.203765416308216,-8.221545987867657,-6.798895919595472,3.404586294108819,-7.844721441700963,-8.458084937519784,8.766055922322394,-1.724357211096512,1.1311204371172
2023-07-02 23:40:00,0.43,224,-7.3,-7.2,13.88416666666667,33.48805555555555,0.0,-7.3,-7.2,-6.1,2.97,2.97,5.505,4.2375,1.225,0.09582098337250301,-0.134259431174463,-0.1100500232737483,0.0978348228287636,-0.1312668850486422,-0.1372855188589032,0.2014834595852477,-0.006359751018807309,0.05459479342814381
2023-07-03 07:35:00,0.55,221,-8.7,-9.6,13.89194444444444,33.50861111111111,0.0,-8.7,-9.6,-12.2,3.16,3.16,5.505,4.3325,1.225,0.1249245049209368,-0.2109831737623094,-0.1772052819630579,0.1292855843892078,-0.2049068188046247,-0.2171339449277147,0.280559043671981,-0.02314585809464518,0.06831225835031916
2023-07-03 15:30:00,3.26,270,-16.6,-12.3,13.89433333333333,33.46305555555556,0.0,-16.6,-12.3,-12.3,3.13,3.13,6.4,4.765000000000001,1.225,11.68694900275687,-8.161362872394136,-9.36263846737049,10.90978443083768,-8.12975959705811,-9.063292628762445,1.480096694361277,10.53831222571359,16.76933348705391
2023-07-03 23:25:00,0.42,210,-10.2,-8.1,13.89111111111111,33.4375,0.0,-10.2,-8.1,-8.4,2.86,2.86,5.965,4.4125,1.225,0.01132423312497857,-0.1450602554010801,-0.1142803208832354,0.01536603321773075,-0.1342372533101998,-0.1484665976141544,0.09707632569086636,-0.05253779105500024,-0.02451001570465963
2023-07-04 07:20:00,0.47,211,-5.4,-7.8,13.88972222222222,33.42444444444445,0.0,-5.4,-7.8,-9.0,2.96,2.96,5.51,4.234999999999999,1.225,0.02111041071717924,-0.1786848415389869,-0.1416698667769023,0.02601010917358301,-0.1660144168192904,-0.183002297756688,0.1287022610666222,-0.06121259714182267,-0.02314661640040374
2023-07-04 15:15:00,2.64,252,-5.1,-7.3,13.89577777777778,33.45722222222222,0.0,-5.1,-7.3,-3.8,3.46,3.46,6.535,4.9975,1.225,7.80805487764495,-4.84994897517667,-5.323218779531037,7.490222654557866,-4.849878522395571,-4.79329850237512,7.457105058321871,4.010900219187138,7.661571395917733
2023-07-04 23:10:00,1.38,143,1.8,6.7,13.88963888888889,33.4975,0.0,1.8,6.7,-4.6,2.84,2.84,6.47,4.654999999999999,1.225,-1.287941680564082,0.03711934697604252,-1.066737259156557,-1.289566131663135,-0.1023301512046069,-1.36429294655165,-1.289205884028773,-1.331660390055986,-1.295767042247588
2023-07-05 07:05:00,1.67,15,-8.2,-9.5,13.89022222222222,33.45805555555555,0.0,-8.2,-9.5,-9.7,2.95,2.95,5.970000000000001,4.460000000000001,1.225,-2.377071471275099,-1.081932201915958,-2.068649815444444,-2.382989463977242,-0.620661613479098,3.027414314387668,-2.332910972349626,-2.574566671631841,-2.454454826723666
2023-07-05 15:00:00,2.06,130,-0.2,1.2,13.89875,33.38333333333333,0.0,-0.2,1.2,2.2,2.96,2.96,6.48,4.720000000000001,1.225,-2.542899146904045,0.8501441509616567,-2.226322082228881,-2.541607742245585,0.4694833304537667,-2.521594338063121,-2.615802291314496,-2.539464121327637,-2.581376715843939
2023-07-05 22:55:00,0.78,51,-3.4,-2.8,13.89316666666667,33.51638888888889,0.0,-3.4,-2.8,-2.7,1.98,1.98,6.87,4.425,1.225,-0.3612099806326143,0.07579186399051933,-0.387982185692096,-0.3610476301680586,0.1405663620456119,0.6411051603755491,-0.3664743668860065,-0.3603027228441528,-0.3612368402766499
2023-07-06 06:50:00,1.72,114,2.0,-4.9,20.41388888888889,33.46944444444444,0.0,2.0,-4.9,-3.9,6.96,6.96,8.405000000000001,7.682500000000001,1.225,-1.754996715892424,1.643372225504529,-1.893172627994015,-1.725027954591078,1.636346965442946,-0.1815068859845287,-1.58446561514671,-1.836362642283103,-1.795594222275211
2023-07-06 14:45:00,1.27,142,-8.2,-2.8,13.89111111111111,33.41027777777778,0.0,-8.2,-2.8,-6.1,3.01,3.01,7.01,5.01,1.225,-1.068824982357855,0.06208267965904048,-0.9028567519739792,-1.070187711791318,-0.05749400114812047,-1.14065851928065,-1.070530534785939,-1.105237029149773,-1.074211404494412
2023-07-06 22:40:00,2.21,282,-13.1,-6.7,13.89538888888889,33.49166666666667,0.0,-13.1,-6.7,-12.1,1.42,1.42,6.92,4.17,1.225,4.869313812518857,-3.437521988445002,-3.705922035902637,4.455056810088187,-3.378601685551586,-3.514148488478337,1.529752228340644,3.527241355267691,5.665563724851683
2023-07-07 06:35:00,1.12,248,-4.0,-10.4,20.81838888888889,33.49361111111111,0.0,-4.0,-10.4,-10.4,6.95,6.95,8.495000000000001,7.7225,1.225,1.370079742709355,-0.8839606796001808,-0.8886981805788884,1.28521169894859,-0.8872475661236708,-0.8785668340284211,1.343609906219525,0.5726923886017544,1.247400714068606
2023-07-07 14:30:00,0.95,296,-23.9,-9.5,20.83394444444444,33.42777777777778,0.0,-23.9,-9.5,-31.9,7.94,7.94,9.665,8.8025,1.225,0.79388297538205,-0.6977285430525394,-0.596107508401919,0.719036744185795,-0.6909612912409913,-0.72172455687947,-0.0672103938122705,0.6137306652270513,1.032373679429589
2023-07-07 22:25:00,3.0,343,-11.3,-12.7,20.83522222222222,33.45583333333333,0.0,-11.3,-12.7,-17.2,7.56,7.56,9.33,8.445,1.225,-4.776859819728952,-7.543626494773943,-5.655301134545528,-2.780332987989471,-5.362028474546571,3.304745600645915,-7.7792114942666,-1.643994193215954,0.05270972242164331
2023-07-08 06:20:00,3.33,140,-2.6,-7.9,20.82163888888889,18.08805555555556,0.0,-2.6,-7.9,-10.3,6.64,6.64,7.88,7.26,1.225,-7.046138616533814,0.8482043108350332,-6.199027109045542,-7.055327810785576,0.005855177566417629,-7.638580637665369,-7.066593955147091,-7.288022721475503,-7.066105001423953
2023-07-08 14:15:00,2.67,138,-14.2,-3.9,13.88461111111111,19.46555555555556,0.0,-14.2,-3.9,-18.1,2.56,2.56,5.645,4.1025,1.225,-4.478264232606634,0.7218735204132974,-3.936222540552751,-4.482556426241591,0.160750068911076,-4.775804372534214,-4.513278856204643,-4.601513269137573,-4.501460954213003
2023-07-08 22:10:00,0.6,301,-18.1,-14.5,13.89247222222222,33.45638888888889,0.0,-18.1,-14.5,-18.3,3.36,3.36,6.17,4.765,1.225,0.2927086006937011,-0.2937140508822953,-0.2293654903842078,0.2713940311633704,-0.2907363891471322,-0.3122409776581022,-0.1139084364051308,0.2776685484658811,0.4409957840054873
2023-07-09 06:05:00,1.23,323,-27.1,-27.1,13.88438888888889,33.45555555555556,0.0,-27.1,-27.1,-33.6,5.01,5.01,6.145,5.577500000000001,1.225,0.3513210857292342,-1.409839519851173,-0.8598227276596634,0.3106407925279572,-1.343972649357323,-1.029513776610382,-1.094780869081927,0.6370825984687613,0.8765076596035587
2023-07-09 14:00:00,2.41,154,-23.9,-9.7,13.886,33.41777777777778,0.0,-23.9,-9.7,-28.8,4.68,4.68,6.5,5.59,1.225,-4.536983593940149,-0.7939547338616404,-3.436244733898155,-4.526496545969051,-0.9657593017327117,-4.412675705269595,-4.546699436906859,-4.652284841933527,-4.538616854535983
2023-07-09 21:55:00,1.33,308,-24.4,-15.3,13.8985,33.50527777777778,0.0,-24.4,-15.3,-23.2,3.12,3.12,6.324999999999999,4.7225,1.225,1.339416969531633,-1.599336489160788,-1.051416984461224,1.20670616629894,-1.578663634996986,-1.700193025848156,-0.8270908113545964,1.184867009912143,2.000657816953272
2023-07-10 05:50:00,1.64,305,-23.0,-24.0,13.89219444444445,33.43388888888889,0.0,-23.0,-24.0,-29.9,4.93,4.93,6.01,5.47,1.225,2.100981676692439,-2.330032918274445,-1.647933384285917,1.917428259437877,-2.302537055125353,-2.476983890014146,-1.083344397732003,1.918543647081045,3.150304289074413
2023-07-10 13:45:00,2.76,202,-30.1,-19.9,13.88891666666667,33.43777777777778,0.0,-30.1,-19.9,-28.7,5.01,5.01,6.380000000000001,5.695,1.225,-1.788234783105475,-6.024687155074266,-4.736222784545571,-1.086677056831298,-5.276315070360429,-5.947022396234854,2.706322998411232,-2.921150966635441,-2.196101213665425
2023-07-10 21:40:00,1.04,307,-11.8,-11.4,13.88547222222222,33.4375,0.0,-11.8,-11.4,-15.9,3.91,3.91,5.705,4.8075,1.225,0.8276247794631082,-0.964280912954231,-0.6494958715825595,0.748922306966515,-0.952168177709062,-1.025091996306172,-0.4823709611018895,0.74016940326867,1.237828861095003
2023-07-11 05:35:00,0.74,250,-20.6,-25.0,13.88966666666667,33.42666666666667,0.0,-20.6,-25.0,-28.8,4.94,4.94,5.585000000000001,5.262500000000001,1.225,0.6398721405459576,-0.3858369194487142,-0.3959083873235328,0.607128492264204,-0.3875989378202768,-0.3834882796325648,0.6157484917868974,0.3032846811942808,0.6056470908402636
2023-07-11 13:30:00,3.63,249,-11.8,-12.2,13.88636111111111,33.48083333333334,0.0,-11.8,-12.2,-15.9,4.04,4.04,5.505,4.7725,1.225,14.89465383397503,-9.284999247924965,-9.431056768448585,14.05494854364026,-9.323462595955945,-9.22841164132095,14.46538334639071,6.65690617282213,13.83853148351096
2023-07-11 21:25:00,1.68,14,-8.4,-13.5,13.89411111111111,33.45666666666666,0.0,-8.4,-13.5,-12.7,3.97,3.97,5.515,4.7425,1.225,-2.415494214744453,-1.106159847910322,-2.093220020119433,-2.425778365511897,-0.6288665502379257,3.06325302441729,-2.385114931404926,-2.610385371783804,-2.501272557913448
2023-07-12 05:20:00,1.02,271,-17.4,-23.9,13.89780555555556,33.47361111111111,0.0,-17.4,-23.9,-25.1,5.02,5.02,5.505,5.262499999999999,1.225,1.134186319833937,-0.7916683166558732,-0.9057333543890895,1.057853457544364,-0.787498893101439,-0.8734224841154525,0.1644792783871333,1.008852463307377,1.602278765008827
2023-07-12 13:15:00,1.8,201,-11.3,-11.1,13.89216666666667,33.46166666666667,0.0,-11.3,-11.1,-14.6,4.06,4.06,5.025,4.5425,1.225,-0.8816647879347009,-2.549749215721761,-2.003890884919689,-0.5552510482767217,-2.216504024514522,-2.504766165186067,1.072088561667823,-1.277139975035281,-0.9945552083685206
2023-07-12 21:10:00,0.24,260,-4.8,-6.1,13.89113888888889,33.42027777777778,0.0,-4.8,-6.1,-6.2,2.98,2.98,5.405,4.1925,1.225,0.05342384759333665,-0.0380721332286142,-0.05339121626444462,0.05406701322436383,-0.03732786141465189,-0.03671938322287767,0.04907169521478302,0.03813414424366803,0.06177083207175325
2023-07-13 05:05:00,1.5,156,-2.2,-2.3,13.89208333333333,33.41611111111111,0.0,-2.2,-2.3,-10.6,3.96,3.96,5.055,4.5075,1.225,-1.768240780318292,-0.3336581704520319,-1.363665909373909,-1.761123463360948,-0.3583014522578555,-1.685906982618773,-1.776239391142275,-1.80641262595375,-1.758507241783293
2023-07-13 13:00:00,3.23,259,-8.6,-14.9,13.89011111111111,33.41777777777778,0.0,-8.6,-14.9,-6.9,3.93,3.93,5.5,4.715,1.225,9.927925730625793,-6.941391351970092,-9.45780551762295,9.970387426002333,-6.823421585353275,-6.716399438773709,9.172503205910498,6.794221121264452,11.22339586037742
2023-07-13 20:55:00,0.4,273,-5.3,-2.3,13.88886111111111,33.51888888888889,0.0,-5.3,-2.3,-3.7,2.96,2.96,6.4,4.68,1.225,0.1713720577894653,-0.1195039858481424,-0.1359584042358477,0.1595556929750657,-0.118531959799537,-0.1300648150180379,0.03131820256126282,0.148133676236731,0.234299649125268
2023-07-14 04:50:00,2.32,317,-15.9,-17.5,13.89027777777778,33.53333333333333,0.0,-15.9,-17.5,-18.4,3.55,3.55,6.08,4.815,1.225,2.36341063892723,-5.086492094640718,-3.017031527076238,2.063641040300254,-5.036619122221719,-5.29681472915507,-3.451955795850857,2.737040826547676,4.194847699524167
2023-07-14 12:45:00,2.78,206,-12.6,-6.9,13.87741666666667,33.49638888888889,0.0,-12.6,-6.9,-12.8,3.17,3.17,5.74,4.455,1.225,-0.6590550950790358,-6.233833732740795,-4.905968985579626,-0.214634809674113,-5.617117500889422,-6.269055503335742,3.499387454613923,-2.632707309448831,-1.650935889781322
2023-07-14 20:40:00,1.23,284,-18.3,-10.0,13.89327777777778,33.49555555555555,0.0,-18.3,-10.0,-15.2,2.47,2.47,5.75,4.11,1.225,1.4971835989891,-1.073905267409672,-1.120581709624684,1.354834303627665,-1.057542526683142,-1.088100895129896,0.4522362303740277,1.016651833884463,1.695259941358991
2023-07-15 04:35:00,1.33,290,-30.3,-25.5,13.89083333333333,33.44416666666667,0.0,-30.3,-25.5,-30.2,3.82,3.82,5.654999999999999,4.7375,1.225,1.71146238823793,-1.287533467655268,-1.214208450027164,1.495817550122616,-1.275025873807059,-1.270667570536786,0.4529240543488228,0.9222855932542134,1.772688931279226
2023-07-15 12:30:00,2.31,253,-15.3,-10.8,13.89091666666667,33.46805555555556,0.0,-15.3,-10.8,-17.2,3.85,3.85,5.9,4.875,1.225,5.849439092603731,-3.689965188277443,-4.184415161349681,5.643964242032425,-3.681299264666313,-3.63634884656857,5.563931867056349,3.128586164847452,5.847965336236731
2023-07-15 20:25:00,0.71,316,-7.9,-6.4,13.88880555555555,33.47694444444444,0.0,-7.9,-6.4,-8.6,2.9,2.9,5.8,4.35,1.225,0.2431085180241907,-0.4752582797069698,-0.284125079213396,0.2133154743385378,-0.4703427048306967,-0.4963627159615273,-0.3138966368610503,0.2658725927776769,0.4162679335781592
2023-07-16 04:20:00,0.74,245,-15.9,-16.4,13.89005555555556,33.40527777777778,0.0,-15.9,-16.4,-16.7,2.96,2.96,5.5,4.23,1.225,0.535439850221487,-0.3859625500143064,-0.376025659777215,0.4919338686354379,-0.3869066937345924,-0.3835988909664181,0.5427372444740932,0.1700856376440076,0.4528906341158181
2023-07-16 12:15:00,1.96,158,-8.5,-6.0,13.88925,33.42388888888889,0.0,-8.5,-6.0,-10.8,3.97,3.97,6.245,5.1075,1.225,-3.037253263550536,-0.6142226628742374,-2.383780903651261,-3.019885720931565,-0.5847382768345853,-2.83832333324407,-3.058140300573505,-3.091338105055239,-3.002935335712372
2023-07-16 20:10:00,0.54,49,-2.2,-3.2,13.89022222222222,33.41694444444445,0.0,-2.2,-3.2,0.2,2.8,2.8,6.45,4.625,1.225,-0.1736923834851321,0.02429816289186291,-0.1836593496670429,-0.1734882015542436,0.0552884016328866,0.3128908754608248,-0.1760411212764088,-0.1747830110378354,-0.175218332435067
2023-07-17 04:05:00,0.65,169,-1.8,1.3,13.88877777777778,33.47472222222222,0.0,-1.8,1.3,-7.5,1.96,1.96,5.515,3.7375,1.225,-0.3752491248559533,-0.1387921399809301,-0.2612780141880221,-0.3738028421513586,-0.07249022555719202,-0.3052814787114547,-0.3950567595988388,-0.3320797833629394,-0.3545282896250184
2023-07-17 12:00:00,0.71,305,-5.2,-3.3,13.89547222222222,33.42888888888889,0.0,-5.2,-3.3,-4.0,2.95,2.95,6.4,4.675000000000001,1.225,0.3937778343324874,-0.4367079097643321,-0.3088649684036774,0.3593752177210862,-0.4315544800300008,-0.4642502896178356,-0.2030465165439853,0.3595842699633977,0.5904477960003016
2023-07-17 19:55:00,0.83,68,-3.3,-2.1,13.88869444444444,33.47638888888889,0.0,-3.3,-2.1,2.3,1.98,1.98,6.965,4.4725,1.225,-0.3752909175287792,0.3528414692030096,-0.4836507595259998,-0.3809864055483622,0.4630883300924639,0.8257166485053576,-0.4458032059382008,-0.3445437178293678,-0.3518896212327146
2023-07-18 03:50:00,0.6,182,-14.3,-8.7,13.88572222222222,33.50055555555556,0.0,-14.3,-8.7,-9.9,1.9,1.9,6.140000000000001,4.02,1.225,-0.3254182582077189,-0.2092262520194566,-0.2257815602228641,-0.2943691315835706,-0.1127110971213148,-0.2739809394135252,-0.2690318965019889,-0.2062086032091837,-0.2188904251704193
2023-07-18 11:45:00,1.96,274,-17.9,-12.3,13.88822222222222,33.52,0.0,-17.9,-12.3,-18.4,2.11,2.11,5.77,3.94,1.225,4.078015138856767,-2.842347716379479,-3.224365239674233,3.793375482370874,-2.815037842186814,-3.071760372573825,0.824261284077016,3.47247782186809,5.480153985671598
2023-07-18 19:40:00,1.79,310,-23.9,-14.3,13.89755555555555,33.58305555555555,0.0,-23.9,-14.3,-22.0,2.02,2.02,6.175,4.0975,1.225,2.375002997697201,-2.977767765195047,-1.86536288677405,2.120136960927899,-2.937195158004904,-3.165537812617984,-1.636533940173018,2.053320471099504,3.53786918035558
2023-07-19 03:35:00,0.94,255,-34.2,-29.1,13.89080555555556,33.35833333333333,0.0,-34.2,-29.1,-31.9,2.98,2.98,5.76,4.37,1.225,0.9260128739218499,-0.6033091833566882,-0.7289342704907146,0.9045286882516398,-0.5990220997535134,-0.591038536110483,0.8731684630104845,0.5371822254014527,0.9624228640724856
2023-07-19 11:30:00,2.78,315,-25.4,-13.5,13.89425,33.49166666666667,0.0,-25.4,-13.5,-32.6,3.97,3.97,5.99,4.98,1.225,4.060696042357237,-7.26893408023313,-4.379841438972848,3.577605353170943,-7.189822744342717,-7.61404697837671,-4.668209453528721,4.222209452095556,6.740443063321221
2023-07-19 19:25:00,1.38,299,-11.3,-9.5,13.61125,33.42888888888889,0.0,-11.3,-9.5,-10.4,2.95,2.95,5.505,4.2275,1.225,1.591523254323884,-1.5153757080802,-1.233194924838001,1.470701136931359,-1.500688795916439,-1.600407000356937,-0.4565441675847403,1.446118137795818,2.313437593332977
2023-07-20 03:20:00,1.0,195,-6.9,-11.9,13.61219444444444,33.49777777777778,0.0,-6.9,-11.9,-13.4,2.95,2.95,5.48,4.215,1.225,-0.4492677219233747,-0.7438581578102368,-0.6193807616320168,-0.2844651585193783,-0.5779383598778147,-0.771095297393896,0.2193598293265833,-0.4374862687042131,-0.4055749098351811
2023-07-20 11:15:00,2.18,136,-3.4,-6.6,13.61036111111111,33.43555555555555,0.0,-3.4,-6.6,-6.1,3.96,3.96,5.505,4.7325,1.225,-2.950984932755703,0.5989402972078633,-2.591341970695578,-2.95276937882264,0.2118150362292124,-3.093783937877223,-2.988902532851382,-3.011645137984417,-2.973355545519611
2023-07-20 19:10:00,0.26,212,-9.5,-14.8,13.60561111111111,33.46333333333333,0.0,-9.5,-14.8,-14.5,3.61,3.61,5.535,4.5725,1.225,0.008580778456587192,-0.05377258035709068,-0.04291335932027779,0.01003069952534652,-0.05016534310369358,-0.05510966506648427,0.0415695588106729,-0.01733112891563935,-0.004773966136025972
2023-07-21 03:05:00,1.45,243,-22.8,-23.9,13.60508333333333,33.45666666666666,0.0,-22.8,-23.9,-28.6,3.99,3.99,5.495,4.7425,1.225,1.895424998041995,-1.482088964044454,-1.413207771758841,1.711855880814857,-1.484457900476479,-1.472990672733135,1.971699411096993,0.4484745389348905,1.504262925718131
2023-07-21 11:00:00,3.57,245,-22.4,-20.8,13.60880555555556,33.48361111111111,0.0,-22.4,-20.8,-20.9,4.06,4.06,5.14,4.6,1.225,12.46188339497412,-8.98293298699294,-8.751660758390482,11.44932060330861,-9.004907087249832,-8.927920937687917,12.63172371639494,3.958591021199986,10.54062425628687
2023-07-21 18:55:00,2.36,295,-19.2,-14.3,13.89080555555556,33.46027777777778,0.0,-19.2,-14.3,-15.2,3.18,3.18,5.465,4.3225,1.225,4.980868052694807,-4.263904267871737,-3.702813716195141,4.482788410994734,-4.22253835549163,-4.378459080259058,-0.1079651458337241,3.640252709599638,6.239496394385679
2023-07-22 02:50:00,0.68,155,-7.2,-11.2,13.88491666666667,33.41,0.0,-7.2,-11.2,-13.2,3.89,3.89,5.105,4.4975,1.225,-0.3622978975505396,-0.0658897716509435,-0.2769090456301189,-0.3611491012569729,-0.07526094037076365,-0.3488893832956048,-0.3635065527305871,-0.3708100032502989,-0.3613627367414606
2023-07-22 10:45:00,1.78,172,-9.1,-18.4,13.88741666666667,33.47361111111111,0.0,-9.1,-18.4,-15.5,4.82,4.82,5.069999999999999,4.945,1.225,-2.900076637482177,-1.225602617059548,-1.96083430489904,-2.858660733478023,-0.6142317975765139,-2.309629772937073,-3.020247531915511,-2.365711966904418,-2.547776618276729
2023-07-22 18:40:00,2.22,117,-6.2,-13.3,13.60852777777778,33.44361111111111,0.0,-6.2,-13.3,-12.6,4.54,4.54,5.005,4.7725,1.225,-2.913470554891082,2.632330211055447,-3.171696978137675,-2.875301453839436,2.446166734935245,-0.9153611840451391,-2.721539662566475,-2.966585897168373,-2.973357582836667
2023-07-23 02:35:00,0.65,319,-12.1,-18.2,13.61113888888889,33.44194444444445,0.0,-12.1,-18.2,-19.9,4.99,4.99,5.005,4.9975,1.225,0.1490471684482321,-0.4011627925403328,-0.2342139803640745,0.1283952321471075,-0.3976579745607398,-0.4153152052711075,-0.2867294714586647,0.1988748582577091,0.2900725275050534
2023-07-23 10:30:00,1.29,188,-10.5,-11.4,13.61333333333333,33.495,0.0,-10.5,-11.4,-18.1,5.1,5.1,4.98,5.04,1.225,-1.111237979455401,-1.121289945226707,-1.039142519655224,-0.8005155982572433,-0.7297175542051922,-1.286041088970828,-0.1458932487133649,-0.8250054624923783,-0.8589205111536816
2023-07-23 18:25:00,1.58,317,-11.2,-8.8,13.61147222222222,33.52416666666667,0.0,-11.2,-8.8,-12.3,3.98,3.98,5.035,4.5075,1.225,1.096168682932881,-2.359155556082991,-1.39932325806204,0.9571331549133386,-2.336024074151735,-2.456704869549405,-1.60104459883362,1.269461340553214,1.945603782158912
2023-07-24 02:20:00,1.07,179,-14.5,-21.5,13.60944444444444,33.45611111111111,0.0,-14.5,-21.5,-15.9,3.98,3.98,5.035,4.5075,1.225,-1.115411615478307,-0.6066507147601482,-0.7177699693187556,-1.060690171986788,-0.2995088602069632,-0.8628156448526628,-1.105340276872617,-0.7064058916468545,-0.7548775690601566
2023-07-24 10:15:00,2.99,241,-15.4,-24.1,13.61294444444444,33.4925,0.0,-15.4,-24.1,-11.2,4.9,4.9,5.069999999999999,4.984999999999999,1.225,7.377607213260183,-6.302853019062206,-5.879299019256414,6.526765550081911,-6.307585002878546,-6.264067834619246,7.907127387950847,1.037130010420295,5.398760334275116
2023-07-24 18:10:00,3.04,236,-12.3,-24.3,13.61338888888889,33.35583333333334,0.0,-12.3,-24.3,-5.3,4.02,4.02,5.505,4.762499999999999,1.225,7.058268339916744,-6.805551400350504,-5.875849376828617,6.522949662380596,-6.775852989039893,-6.812635047644501,9.983944867570997,0.5577649366351639,4.644028747357037
2023-07-25 02:05:00,1.1,194,-8.1,-16.7,13.61155555555555,33.48666666666666,0.0,-8.1,-16.7,-10.0,3.76,3.76,5.2,4.48,1.225,-0.5774408526885524,-0.8905890729574822,-0.7504570669720996,-0.3646206397133503,-0.6756799126015647,-0.9343897942093464,0.2443348906565561,-0.5372481136213096,-0.5100923313074796
2023-07-25 10:00:00,0.94,295,1.2,-5.2,20.55213888888889,33.445,0.0,1.2,-5.2,-6.8,7.97,7.97,7.48,7.725,1.225,0.790199477765213,-0.67645536682912,-0.587440067442909,0.7111806664670616,-0.6698927913876048,-0.6946291373378526,-0.017128340070863,0.5775149551497846,0.9898770134442662
2023-07-25 17:55:00,1.73,231,-2.2,-10.1,16.43591666666667,33.47277777777778,0.0,-2.2,-10.1,-2.8,7.63,7.63,7.96,7.795,1.225,2.198526827581606,-2.321263773012896,-1.848404658110158,2.179212537462249,-2.298760945446506,-2.342676164999584,4.065844350624586,0.1544195145210013,1.333464622172639
2023-07-26 01:50:00,2.84,140,5.5,0.1,20.55094444444444,33.4625,0.0,5.5,0.1,0.4,8.36,8.36,8.55,8.455,1.225,-5.125065211654458,0.6169481814671466,-4.508911889431567,-5.131749045502451,0.004258810177718081,-5.555982648518229,-5.139943565604737,-5.301001547703812,-5.139587921208147
2023-07-26 09:45:00,2.28,259,-10.5,-19.6,20.55508333333334,19.67388888888889,0.0,-10.5,-19.6,-8.4,7.02,7.02,7.595,7.307499999999999,1.225,4.946786523218386,-3.458686348386481,-4.712539773486866,4.967943907765867,-3.399905565020316,-3.346579651153681,4.570382220246061,3.385355852809969,5.59228029029186
2023-07-26 17:40:00,1.42,320,-0.6,-2.4,20.54977777777778,19.32361111111111,0.0,-0.6,-2.4,-4.5,6.81,6.81,7.68,7.244999999999999,1.225,0.6243009438857423,-1.91907860103237,-1.111562048247605,0.5326086254623917,-1.903330168404911,-1.980996709790662,-1.406043320474817,0.9110219920860787,1.290821435974493
2023-07-27 01:35:00,0.78,179,0.4,-6.4,20.55386111111111,18.04138888888889,0.0,0.4,-6.4,-5.6,6.86,6.86,7.52,7.19,1.225,-0.5927298688592908,-0.3223742640056548,-0.3814230494659192,-0.5636508870964816,-0.1591590449383495,-0.458500339181029,-0.5873779582926897,-0.3753841772014554,-0.4011420325060698
2023-07-27 09:30:00,1.8,121,-0.1,-2.7,13.88641666666667,19.58666666666667,0.0,-0.1,-2.7,-2.6,1.96,1.96,4.995,3.4775,1.225,-1.911949348177681,1.560045566816197,-2.057154117090045,-1.89622276169873,1.317610871283566,-1.096807433810125,-1.858482000458342,-1.894341100599376,-1.945738506366899
2023-07-27 17:25:00,2.6,269,-12.0,-27.0,20.55405555555556,11.39194444444444,0.0,-12.0,-27.0,-9.9,6.86,6.86,7.319999999999999,7.09,1.225,7.317435512024673,-5.118967880208086,-5.986450595855574,6.880079069138413,-5.09214104345585,-5.619421096467597,1.423224304962471,6.480431832043156,10.32491782082772
2023-07-28 01:20:00,2.0,308,-24.7,-16.9,13.61194444444445,13.83194444444444,0.0,-24.7,-16.9,-25.6,2.85,2.85,4.56,3.705,1.225,3.028813317952701,-3.616567333734609,-2.377561161085926,2.728715396684809,-3.569819967204446,-3.844633446431468,-1.870294106743391,2.679330679884997,4.524072173561584
2023-07-28 09:15:00,2.48,196,-19.7,-12.4,13.60916666666667,13.94944444444444,0.0,-19.7,-12.4,-24.6,3.5,3.5,4.515,4.0075,1.225,-2.591234856334492,-4.623208250470093,-3.804324207637494,-1.645791350433359,-3.674639933825798,-4.735608876905843,1.456353197263013,-2.650612252740835,-2.396109177781985
2023-07-28 17:10:00,1.86,335,-8.7,-3.5,13.61133333333333,13.74416666666667,0.0,-8.7,-3.5,-11.4,3.27,3.27,4.97,4.12,1.225,-0.6190091043042473,-3.046811139531058,-2.048553138736339,-0.3281967451570609,-2.46175594435202,0.3494074589242219,-2.839610098833098,0.3772634866908317,0.7758908934442424
2023-07-29 01:05:00,0.84,190,-9.7,-8.4,13.61566666666667,14.07055555555556,0.0,-9.7,-8.4,-7.0,2.86,2.86,4.5,3.68,1.225,-0.4156325074990149,-0.4972275034906007,-0.4399692691777021,-0.2602508398252373,-0.3389083694926903,-0.5480632722805704,0.09328666418495679,-0.331694412114997,-0.3425828495661329
2023-07-29 09:00:00,2.62,278,-7.0,-9.7,13.61186111111111,14.04194444444444,0.0,-7.0,-9.7,-9.9,3.77,3.77,4.5,4.135,1.225,7.025044514437185,-4.886303100630808,-5.475618835326043,6.509795307061334,-4.809117930742299,-5.123600290162377,1.989679372604582,5.602932205999114,8.75316715327868
2023-07-29 16:55:00,1.0,99,-11.4,-5.7,13.61119444444445,14.00611111111111,0.0,-11.4,-5.7,-8.8,2.89,2.89,4.96,3.925,1.225,-0.6503094554934677,0.7577125951844951,-0.7836875213979929,-0.6558215711442628,0.8874640318489542,0.8972259968675823,-0.6715410635195929,-0.6858282026777195,-0.6418693828499711
2023-07-30 00:50:00,0.29,237,-3.9,-6.7,13.61102777777778,14.1225,0.0,-3.9,-6.7,-6.8,1.96,1.96,4.615,3.2875,1.225,0.06472196124911463,-0.0612724674014784,-0.05377740021074679,0.05898472687424797,-0.0610746203510264,-0.06122948521259912,0.08617663264012364,0.005223064784013198,0.04321963475103446
2023-07-30 08:45:00,1.82,150,1.6,0.1,13.62666666666667,14.04527777777778,0.0,1.6,0.1,-1.5,2.46,2.46,4.505,3.4825,1.225,-2.556090739261117,-0.3759855038312402,-1.86402582629608,-2.559104140852999,-0.5973709555118824,-2.585829742302367,-2.549163024374146,-2.640970574853177,-2.587544117300599
2023-07-30 16:40:00,1.28,91,3.3,2.6,13.60825,13.99694444444444,0.0,3.3,2.6,3.6,1.97,1.97,4.505,3.2375,1.225,-0.8091987051666828,0.921950204765653,-1.251381434339972,-0.824778957150616,1.098505563291686,1.017037617773791,-0.8768664518420448,-0.8289173553299075,-0.8409120538090757
2023-07-31 00:35:00,0.37,259,7.1,-3.4,27.49469444444444,14.11583333333333,0.0,7.1,-3.4,-5.1,12.84,12.84,10.005,11.4225,1.225,0.1302737525062706,-0.09108459547055041,-0.1241048582237519,0.1308309327818458,-0.08953660200278572,-0.08813226266600088,0.1203611353400442,0.08915343495107816,0.1472728477494913
2023-07-31 08:30:00,0.78,286,2.8,-4.8,20.55794444444444,13.98083333333333,0.0,2.8,-4.8,-5.3,6.96,6.96,7.005,6.9825,1.225,0.5976014412812893,-0.4355204960626679,-0.4396276567818824,0.5347152479030517,-0.4296997724682156,-0.4373926308972437,0.173168615590326,0.3782964084539991,0.6577240685005661
2023-07-31 16:25:00,1.34,232,4.0,0.9,20.5545,14.06083333333333,0.0,4.0,0.9,-0.1,6.27,6.27,7.41,6.84,1.225,1.329488361963955,-1.378577156965637,-1.115495119206937,1.299416238438884,-1.366622589128235,-1.389129567787265,2.339419969359446,0.09578981614282456,0.8204757654316632
2023-08-01 00:20:00,0.74,189,-7.5,-5.6,13.61244444444445,13.87361111111111,0.0,-7.5,-5.6,-4.4,0.91,0.91,5.0,2.955,1.225,-0.3441171773325071,-0.3774330650807195,-0.3416986692306063,-0.2326988964480973,-0.2515724085238271,-0.4242663657976656,0.01219451225300767,-0.264451156729948,-0.2742564478335124
2023-08-01 08:15:00,0.5,120,-2.0,-3.8,13.613,14.05666666666667,0.0,-2.0,-3.8,-3.8,1.96,1.96,4.975,3.4675,1.225,-0.1472735181059286,0.1281838848171888,-0.1617947383430277,-0.1459336700789778,0.109890748703832,-0.07752769450431417,-0.142212345062396,-0.1457863796926261,-0.1499185271477711
2023-08-01 16:10:00,0.55,107,-3.0,2.2,6.668805555555556,16.7525,0.0,-3.0,2.2,1.8,-2.05,-2.05,3.195,0.5725,1.225,-0.1869884299131729,0.1946362140325487,-0.2058277490712258,-0.1846248113502779,0.2161520719895688,0.1066843163498886,-0.1712022292575696,-0.2010242764465805,-0.189256631706208
2023-08-02 00:05:00,0.86,183,-2.5,2.6,6.667333333333334,19.42805555555556,0.0,-2.5,2.6,-4.9,-2.05,-2.05,3.32,0.6350000000000002,1.225,-0.6394420349838003,-0.4412616070389926,-0.4635199133560127,-0.5632683075542606,-0.2470187249201171,-0.5643278186048833,-0.4713994782678209,-0.4141482817899731,-0.4383722565114814
2023-08-02 08:00:00,2.24,146,-2.9,0.4,6.668833333333333,19.66694444444444,0.0,-2.9,0.4,-2.9,-1.63,-1.63,3.0,0.685,1.225,-3.598487607823538,-0.1882030160361325,-2.81616330370544,-3.60288961740376,-0.5418762087700574,-3.732745952620763,-3.595893498226998,-3.719412743882105,-3.630688644069403
2023-08-02 15:55:00,4.48,125,2.7,8.1,6.667944444444444,19.53333333333333,0.0,2.7,8.1,11.1,-2.26,-2.26,3.125,0.4325000000000001,1.225,-11.92508562034739,7.155811493955991,-11.7593424450542,-11.86824915479672,5.521329523288202,-9.07505118010808,-11.89432631986227,-11.85726759908517,-12.12224956241644
2023-08-02 23:50:00,0.84,183,-12.0,-11.6,6.667638888888889,19.41222222222222,0.0,-12.0,-11.6,-10.5,-2.05,-2.05,2.995,0.4725000000000001,1.225,-0.6100463762636147,-0.4209764601496933,-0.4422115344294247,-0.5373744156439781,-0.2356630777496412,-0.5383852201292666,-0.4497288694777912,-0.3951095560181246,-0.4182199353630357
2023-08-03 07:45:00,0.56,214,-6.9,-11.3,13.33752777777778,19.63111111111111,0.0,-6.9,-11.3,-10.2,2.19,2.19,4.555,3.3725,1.225,0.05948140644932046,-0.2410228293193573,-0.1949897035236631,0.06574850616761739,-0.2267953904855644,-0.2473727241745904,0.2131066596108569,-0.06739954256724641,-0.0007200050270866954
2023-08-03 15:40:00,1.49,175,-0.5,-2.3,13.33425,19.63305555555555,0.0,-0.5,-2.3,0.3,1.96,1.96,5.0,3.48,1.225,-2.088156842282105,-0.9948900429787604,-1.381622970038322,-2.026097533724777,-0.4948460822626928,-1.641821306756404,-2.127903508324061,-1.534292001293512,-1.647473241508858
2023-08-03 23:35:00,1.46,172,-8.0,-7.7,6.665972222222222,19.48527777777778,0.0,-8.0,-7.7,-6.0,-2.03,-2.03,3.0,0.4850000000000001,1.225,-1.951080469781912,-0.8245469443643896,-1.319187730186465,-1.923217150448729,-0.4132358602809295,-1.553846365355594,-2.031927672967777,-1.59157670390527,-1.714064082665912
2023-08-04 07:30:00,0.43,303,-6.4,-6.6,13.33641666666667,19.78583333333333,0.0,-6.4,-6.6,-6.4,1.95,1.95,4.915,3.4325,1.225,0.1473865342021542,-0.1555179500166814,-0.115546978739469,0.1356035268424602,-0.1538081507599294,-0.1653269342099395,-0.06649026901475277,0.1372531971208888,0.2215360207910912
2023-08-04 15:25:00,0.77,181,-5.8,0.7,6.665833333333333,19.39638888888889,0.0,-5.8,0.7,0.4,-1.08,-1.08,3.95,1.435,1.225,-0.5592831715638044,-0.3354308623594153,-0.3721188470760314,-0.5180754319430405,-0.1732353831866351,-0.4500696357429302,-0.5082639995972958,-0.3472264471943536,-0.3695798214437915
2023-08-04 23:20:00,0.46,55,-5.8,-1.2,6.666333333333333,19.60527777777778,0.0,-5.8,-1.2,0.2,-2.16,-2.16,3.845,0.8424999999999998,1.225,-0.1219512656831978,0.05477362836768802,-0.1399272338965108,-0.1223191741395126,0.0786624587774782,0.2086900436962764,-0.1302406218591058,-0.1171661343029776,-0.1180400418502464
2023-08-05 07:15:00,1.18,150,-2.5,2.0,6.668611111111111,19.46805555555556,0.0,-2.5,2.0,0.0,-2.06,-2.06,3.035,0.4875,1.225,-1.074477945099378,-0.1580492137225633,-0.7835616352296404,-1.075744658170425,-0.2511107711794303,-1.086979028251967,-1.071565811839923,-1.110158020898914,-1.087699682686075
2023-08-05 15:10:00,2.53,152,4.8,15.3,6.665166666666666,16.75277777777778,0.0,4.8,15.3,14.1,-2.87,-2.87,3.65,0.3900000000000001,1.225,-4.969725866689348,-0.8007728361834828,-3.694508309549787,-4.966858722707331,-1.109345914565987,-4.929962126522286,-4.968386031614237,-5.115271695483301,-5.001016186296711
2023-08-05 23:05:00,2.86,114,-2.1,2.5,6.665555555555556,21.01388888888889,0.0,-2.1,2.5,5.0,-3.1,-3.1,3.84,0.3699999999999999,1.225,-4.852342866858324,4.543715337931599,-5.234381702251164,-4.769483050761621,4.52429138674186,-0.5018434709975159,-4.380846047070723,-5.077309312066951,-4.964589812237125
2023-08-06 07:00:00,2.13,120,0.8,0.4,13.05080555555556,19.66027777777778,0.0,0.8,0.4,1.4,0.8,0.8,5.155,2.9775,1.225,-2.672660897179151,2.326229868108416,-2.93618619355393,-2.648345871125257,1.994253351177663,-1.406941588786492,-2.580812753254337,-2.645672904109901,-2.72066146326689
2023-08-06 14:55:00,5.4,130,15.5,19.0,13.05313888888889,19.36666666666667,0.0,15.5,19.0,22.7,0.22,0.22,5.205,2.7125,1.225,-17.47359296911159,5.841786087765557,-15.2982260151273,-17.46471905077794,3.226066056186219,-17.32719646006236,-17.97454868854998,-17.44998910781269,-17.73799251437677
2023-08-06 22:50:00,4.43,105,-2.4,6.2,0.0,21.98388888888889,0.0,-2.4,6.2,9.4,-6.85,-6.85,1.89,-2.48,1.225,-12.42099227192696,13.40465451482511,-13.94619078380864,-12.33956807683654,15.14463890855796,10.16835596633977,-11.7944446386715,-13.2870273824669,-12.4592936350105
2023-08-07 06:45:00,1.91,175,-5.5,8.6,6.530527777777778,22.00555555555556,0.0,-5.5,8.6,-6.0,-2.2,-2.2,3.875,0.8374999999999999,1.225,-3.431289120458244,-1.63481751533301,-2.27030257961209,-3.329312379073628,-0.8131381436433177,-2.697864199440584,-3.496601409268506,-2.521170510300826,-2.707151539276818
2023-08-07 14:40:00,3.34,198,-28.3,-44.3,20.00558333333333,19.74361111111111,0.0,-28.3,-44.3,-14.1,7.56,7.56,8.26,7.91,1.225,-4.076249012309591,-8.560367346316573,-6.881730007813918,-2.60865360591283,-7.100695430924162,-8.56429109194562,3.030422445973252,-4.662203665931314,-3.989330787702816
2023-08-07 22:35:00,0.92,239,-19.5,-25.9,13.05666666666667,19.75944444444444,0.0,-19.5,-25.9,-16.1,1.94,1.94,4.95,3.445,1.225,0.6612507584589377,-0.6033920773859235,-0.5473914453003274,0.5860838326163653,-0.602858464853563,-0.6007968081171459,0.7731223915325892,0.05553127429619543,0.4542594965369313
2023-08-08 06:30:00,1.53,251,-18.6,-24.2,13.05697222222222,19.86027777777778,0.0,-18.6,-24.2,-19.7,2.95,2.95,4.5,3.725,1.225,2.678931267632492,-1.639178004230177,-1.740184198025563,2.555568789571929,-1.642932342111269,-1.624644299373902,2.568431678082466,1.321822495164648,2.581178118004003
2023-08-08 14:25:00,2.22,296,-13.3,-12.1,6.526472222222222,19.66444444444445,0.0,-13.3,-12.1,-12.3,-0.12,-0.12,2.795,1.3375,1.225,4.335260782130632,-3.810177674881037,-3.255242376075366,3.926538160714983,-3.773222856235016,-3.941215851661807,-0.3670246037278603,3.351479457623269,5.63761821795101
2023-08-08 22:20:00,0.5,251,-20.3,-15.4,6.528499999999999,19.75805555555555,0.0,-20.3,-15.4,-17.0,-0.25,-0.25,2.725,1.2375,1.225,0.2861005668367392,-0.1750585249508925,-0.1858456360828701,0.2729258820936316,-0.1754594752137285,-0.1735063756860504,0.2742995939683952,0.1411660574100397,0.2756608695377848
2023-08-09 06:15:00,0.92,263,-27.3,-26.1,6.527583333333333,19.80111111111111,0.0,-27.3,-26.1,-27.9,-0.04,-0.04,2.455,1.2075,1.225,0.8287541350549915,-0.5866096065072318,-0.7728848814603431,0.8168013987644959,-0.5781988624767432,-0.594244432032771,0.5401201289908966,0.6440387361074691,1.03604304817485
2023-08-09 14:10:00,1.36,246,-16.3,-15.9,6.530388888888889,19.70555555555556,0.0,-16.3,-15.9,-10.0,-0.03,-0.03,2.515,1.2425,1.225,1.879074397016966,-1.303560736390865,-1.283513657592898,1.739396783420122,-1.307302219984805,-1.295587274263821,1.88249658141935,0.6644692943324937,1.632896613097379
2023-08-09 22:05:00,0.36,241,-8.0,-8.0,6.526277777777778,19.84361111111111,0.0,-8.0,-8.0,-7.8,-0.86,-0.86,2.785,0.9625000000000001,1.225,0.1069493512196194,-0.09136919623611163,-0.08522915324164505,0.09461514024346655,-0.09143779335500266,-0.0908069475024501,0.1146255309759879,0.01503473667525757,0.07826303277614959
2023-08-10 06:00:00,0.3,255,-9.9,-14.0,6.527777777777778,19.74666666666667,0.0,-9.9,-14.0,-14.7,-0.04,-0.04,2.405,1.1825,1.225,0.09432000752938716,-0.06145068639893836,-0.07424636073354947,0.09213171338009006,-0.06101402102514283,-0.060200846819764,0.08893748491505613,0.05471525609566629,0.09802858506849672
2023-08-10 13:55:00,0.37,69,0.0,2.2,6.525916666666666,19.97055555555556,0.0,0.0,2.2,2.1,-0.04,-0.04,2.53,1.245,1.225,-0.07441037532525956,0.07158031366761138,-0.09630595757503847,-0.07561102194468441,0.09415796381885419,0.1691665061075447,-0.08885105198011348,-0.06837525457286994,-0.06989135087593366
2023-08-10 21:50:00,0.54,20,-6.1,-8.0,6.527027777777778,19.73777777777778,0.0,-6.1,-8.0,-6.8,-0.04,-0.04,3.0,1.48,1.225,-0.2434418513417154,-0.1073219385908082,-0.2164362704960961,-0.2418418658371914,-0.06450750086262266,0.3168103026927401,-0.231431402048511,-0.2666621107686942,-0.2476763273563428
2023-08-11 05:45:00,1.2,271,-19.9,-20.8,6.52675,19.83611111111111,0.0,-19.9,-20.8,-23.4,-0.04,-0.04,2.63,1.295,1.225,1.569808055133477,-1.095734694333389,-1.253610179085245,1.46415703466348,-1.089963865884345,-1.208889251370868,0.2276529804666205,1.39633558935277,2.217686871984536
2023-08-11 13:40:00,1.52,349,-6.2,-4.0,6.530361111111111,19.75694444444444,0.0,-6.2,-4.0,-4.1,-0.03,-0.03,2.85,1.41,1.225,-1.786695920372628,-1.762616303673244,-1.693193728717451,-0.9498233508914111,-1.058972864518315,1.722922485185796,-2.033209840955409,-0.6591224226791693,-0.01054500366559071
2023-08-11 21:35:00,0.5,309,-8.0,-9.7,6.527277777777778,19.795,0.0,-8.0,-9.7,-6.6,-0.04,-0.04,3.0,1.48,1.225,0.1873052567690717,-0.2291879394252602,-0.147071284285482,0.1679842315922313,-0.2261442447658798,-0.2436403872790233,-0.1222919960763999,0.163834279866202,0.2793984306506799
2023-08-12 05:30:00,1.17,305,-21.5,-18.3,13.05777777777778,19.89166666666667,0.0,-21.5,-18.3,-25.6,3.94,3.94,4.84,4.39,1.225,1.069316559051264,-1.185894579798441,-0.838732900709768,0.975895131002569,-1.171900273186011,-1.260686811064978,-0.5513794415732226,0.9764628191884452,1.603380257775864
2023-08-12 13:25:00,2.59,256,-50.8,-21.3,6.530361111111111,20.06138888888889,0.0,-50.8,-21.3,-38.8,0.41,0.41,2.865,1.6375,1.225,6.868420489100836,-4.55093087312023,-5.670717950213657,6.752918480952466,-4.50755799485713,-4.444897722255668,6.446103429237943,4.150757989945199,7.283971980747794
2023-08-12 21:20:00,1.78,281,-25.3,-13.1,6.527944444444444,19.73027777777778,0.0,-25.3,-13.1,-13.7,-0.04,-0.04,2.455,1.2075,1.225,3.170469001383565,-2.220453490938757,-2.432750897414022,2.916423433727442,-2.180253448710241,-2.28015225165118,1.01501579134404,2.367708919685724,3.73786931030945
2023-08-13 05:15:00,2.37,270,-26.5,-20.3,6.527,19.84222222222222,0.0,-26.5,-20.3,-20.5,-0.03,-0.03,2.065,1.0175,1.225,6.176787219464888,-4.313444156531166,-4.948342429840539,5.766040137902457,-4.296741190928874,-4.79013214333394,0.7822608230040516,5.569709618409679,8.862929472640403
2023-08-13 13:10:00,3.84,260,-23.4,-26.1,13.05436111111111,19.72916666666667,0.0,-23.4,-26.1,-9.6,4.15,4.15,4.404999999999999,4.2775,1.225,13.67650498389418,-9.746466106525235,-13.66815136369782,13.84115538543714,-9.555932522150883,-9.400162105056683,12.56235397498445,9.762340926379014,15.81333301036883
2023-08-13 21:05:00,0.36,200,-5.0,-2.9,6.527555555555556,19.72472222222222,0.0,-5.0,-2.9,-2.8,-0.17,-0.17,2.455,1.1425,1.225,-0.0401095288798625,-0.1014805338632825,-0.07973281132115514,-0.02593219442644456,-0.08755314685105993,-0.09920321842071965,0.03972378250298897,-0.05247297739843875,-0.04220163609672394
2023-08-14 05:00:00,0.54,274,-9.3,-10.9,6.5275,19.91611111111111,0.0,-9.3,-10.9,-10.8,-0.03,-0.03,2.355,1.1625,1.225,0.3095452973996859,-0.2157508835111038,-0.2447482569473675,0.2879394759109088,-0.2136779036811941,-0.2331646513542606,0.06256627197960693,0.2635814589901956,0.4159758700077673
2023-08-14 12:55:00,2.66,220,-6.8,-6.3,6.530250000000001,19.63583333333333,0.0,-6.8,-6.3,-2.2,-0.03,-0.03,3.01,1.49,1.225,2.673781722845771,-4.867401932996668,-4.122771991240289,2.784103677417035,-4.716069420412677,-5.020627433188035,6.17978858960777,-0.6407316861245612,1.434073161337913
2023-08-14 20:50:00,1.18,154,-3.3,3.6,6.525666666666667,19.71361111111111,0.0,-3.3,3.6,2.0,-0.9,-0.9,3.375,1.2375,1.225,-1.087669970593182,-0.1903380746593461,-0.8237852598060966,-1.085155866911263,-0.2315254991705769,-1.057869122779804,-1.089999190087827,-1.115311618930157,-1.088061518957301
2023-08-15 04:45:00,0.65,247,-12.4,-7.9,6.526916666666667,19.87138888888889,0.0,-12.4,-7.9,-7.5,-2.04,-2.04,2.995,0.4775,1.225,0.4453476876979798,-0.297750083665923,-0.2962582582381321,0.4151021747475054,-0.2987309484173594,-0.2959310411210562,0.4412808374473491,0.1723371443838374,0.3965707342957715
2023-08-15 12:40:00,1.19,234,-3.4,1.9,6.5275,19.66194444444444,0.0,-3.4,1.9,2.4,-0.05,-0.05,3.655,1.8025,1.225,1.065023427624687,-1.065018327512681,-0.8900488935578376,1.012151517567523,-1.058028983091412,-1.069722124415097,1.687416957384647,0.0805057721347458,0.6793388024957131
2023-08-15 20:35:00,0.6,50,-4.0,2.0,6.52725,19.6025,0.0,-4.0,2.0,3.5,-2.06,-2.06,3.9,0.9200000000000002,1.225,-0.2152975144766616,0.03276215912228893,-0.2274537081237908,-0.2150209499693281,0.07051163516350466,0.3854279014583981,-0.2156655726909618,-0.2166617296361212,-0.2169809450894044
2023-08-16 04:30:00,0.58,48,-6.9,-4.0,6.5275,19.76333333333333,0.0,-6.9,-4.0,-3.4,-2.06,-2.06,3.12,0.53,1.225,-0.1995716998427235,0.02544801038191901,-0.2112088966103684,-0.1993590311188363,0.06167607758132264,0.3617628419377665,-0.2046469426805342,-0.2008132890537954,-0.2015194040485999
2023-08-16 12:25:00,1.52,48,0.2,4.5,6.526916666666667,19.79694444444445,0.0,0.2,4.5,7.5,-2.04,-2.04,3.335,0.6475,1.225,-1.370661282154068,0.1747772984137506,-1.450585715602245,-1.369200670323899,0.4235921808676809,2.484592360324066,-1.40551812238141,-1.379188534571608,-1.384038142431288
2023-08-16 20:20:00,0.88,71,-4.0,2.4,6.526638888888889,19.58972222222222,0.0,-4.0,2.4,3.4,-2.59,-2.59,3.85,0.6300000000000001,1.225,-0.4191678731446365,0.4309975748196612,-0.5514504932127956,-0.4265427498216757,0.5577797152801053,0.9728652263356758,-0.4978396983659237,-0.3895571664927093,-0.3975722960469771
2023-08-17 04:15:00,0.44,216,-10.1,-8.8,6.528694444444445,19.63,0.0,-10.1,-8.8,-8.8,-2.16,-2.16,3.03,0.4350000000000001,1.225,0.04886679125282636,-0.1435898324631091,-0.1178527948361291,0.05245230423471635,-0.1363540868219365,-0.1476007247441565,0.1440702070326394,-0.03358309016006619,0.01278320124170318
2023-08-17 12:10:00,2.64,91,-2.4,4.1,6.528833333333333,19.59777777777778,0.0,-2.4,4.1,2.5,-2.05,-2.05,3.31,0.6300000000000001,1.225,-3.442255429400459,3.92188973824139,-5.32325930467277,-3.508532360691487,4.672939681346275,4.326382678733038,-3.730107679906197,-3.526136718571364,-3.577161041398763
2023-08-17 20:05:00,0.86,84,-3.3,2.7,6.530388888888889,19.52416666666667,0.0,-3.3,2.7,3.7,-3.07,-3.07,3.8,0.3650000000000002,1.225,-0.3764263961092935,0.4981235532447804,-0.5700158980680567,-0.3846134721857357,0.5775119110452347,0.6649932660149755,-0.4064273884690581,-0.3833139495505842,-0.3874336467293316
2023-08-18 04:00:00,0.24,198,-9.1,-8.3,6.526972222222222,19.75416666666667,0.0,-9.1,-8.3,-8.2,-2.13,-2.13,2.995,0.4325000000000001,1.225,-0.02104700268107789,-0.04419996765282322,-0.03553261576697637,-0.01346932909933836,-0.03666320563853417,-0.04422022723081392,0.01564705913514821,-0.02407247760386207,-0.02059821554839563
2023-08-18 11:55:00,0.96,146,-1.5,2.3,6.525222222222222,19.55055555555555,0.0,-1.5,2.3,3.2,-2.04,-2.04,3.12,0.54,1.225,-0.6609467034777926,-0.03456790090459576,-0.5172544843540603,-0.6617552358496701,-0.09952828324347993,-0.6856063994609565,-0.660470234368224,-0.683157442753856,-0.6668611795229517
2023-08-18 19:50:00,0.73,128,-4.6,2.0,6.52675,19.48666666666667,0.0,-4.6,2.0,2.8,-2.47,-2.47,3.845,0.6874999999999998,1.225,-0.3182500548325976,0.1400544266468762,-0.292636816895978,-0.3175491138922553,0.09401379823547357,-0.2863756943360924,-0.3234163619025092,-0.3172709688844803,-0.3232432036928526
2023-08-19 03:45:00,0.32,287,-8.7,-7.5,6.529055555555555,19.67972222222222,0.0,-8.7,-7.5,-7.4,-2.08,-2.08,3.075,0.4975000000000001,1.225,0.1002056156499894,-0.07361047938889746,-0.07306775802767894,0.0891464485339754,-0.0726947002048591,-0.07360271626962546,0.02841438872098922,0.06110095973849174,0.108681146834454
2023-08-19 11:40:00,1.17,41,-3.0,0.9,6.666833333333333,19.56722222222222,0.0,-3.0,0.9,3.5,-1.9,-1.9,3.62,0.8600000000000001,1.225,-0.7891528118667817,0.02997250168117814,-0.8404657223068445,-0.7889392175998288,0.1909710273156458,1.494922725855375,-0.8771906526692115,-0.7937324008177337,-0.8024141957618942
2023-08-19 19:35:00,0.31,154,-3.9,3.7,6.664916666666667,19.35555555555555,0.0,-3.9,3.7,4.3,-2.16,-2.16,3.945,0.8924999999999998,1.225,-0.075068287973287,-0.01313666257883019,-0.05685561869244893,-0.07489477076283566,-0.01597931662617957,-0.07301150725304455,-0.07522904493496137,-0.07697604609249357,-0.0750953116717873
2023-08-20 03:30:00,0.45,268,-7.0,-4.9,6.6645,19.65444444444444,0.0,-7.0,-4.9,-4.5,-3.06,-3.06,3.21,0.07499999999999996,1.225,0.2157116478869225,-0.1511758055095067,-0.1802584745121749,0.204317298704216,-0.1501707502766448,-0.1639730648945383,0.0570651361049972,0.187452027279764,0.299053078578175
2023-08-20 11:25:00,1.31,228,-9.2,0.0,6.666277777777777,19.51166666666667,0.0,-9.2,0.0,-2.2,-1.76,-1.76,3.95,1.095,1.225,1.130180801118309,-1.311657511230837,-1.042872055123441,1.140805390935914,-1.29281231980626,-1.330666195776243,2.241197978742668,0.03734894878372616,0.6655971507657295
2023-08-20 19:20:00,0.78,312,-12.4,-1.4,6.664888888888888,19.50277777777778,0.0,-12.4,-1.4,-4.6,-2.1,-2.1,4.205,1.0525,1.225,0.3984492584146278,-0.5681460415203675,-0.3504360421511597,0.3542005499748127,-0.5610325027248658,-0.6004057790573829,-0.333446218385849,0.3668861850735663,0.6153161697404959
2023-08-21 03:15:00,0.62,243,-20.6,-14.2,6.665999999999999,19.56166666666667,0.0,-20.6,-14.2,-14.8,-2.09,-2.09,3.595,0.7525,1.225,0.3465404847787599,-0.2709702724274378,-0.2583767264989767,0.3129785496243667,-0.2714033849908007,-0.2693068321515419,0.3604857329967582,0.08199458395556335,0.2750243370492508
2023-08-21 11:10:00,1.93,43,-8.4,-2.8,6.669527777777778,19.68222222222222,0.0,-8.4,-2.8,-4.2,-2.08,-2.08,3.33,0.625,1.225,-2.165203689883985,0.1387646208171349,-2.301753492820565,-2.16411572770153,0.5663005904271506,4.050081817339444,-2.352373548542406,-2.178032715490094,-2.197140873542338
2023-08-21 19:05:00,0.63,157,-7.2,-1.4,6.668805555555556,19.43888888888889,0.0,-7.2,-1.4,0.1,-2.08,-2.08,3.945,0.9324999999999999,1.225,-0.3128577617906508,-0.06115826523387767,-0.2434170763163146,-0.3113328390828852,-0.06180869346133764,-0.2953195660154258,-0.3146422252339871,-0.3190184421483264,-0.310226462572673
2023-08-22 03:00:00,1.41,261,-24.3,-15.4,6.666527777777778,19.75472222222222,0.0,-24.3,-15.4,-16.8,-2.09,-2.09,3.045,0.4775,1.225,1.878188931269172,-1.335349347268887,-1.833694504683006,1.883629888511139,-1.311638040177364,-1.310199792942583,1.552054304521464,1.381741138087392,2.232556099915886
2023-08-22 10:55:00,3.44,326,-53.3,-23.1,6.665305555555555,19.76,0.0,-53.3,-23.1,-50.3,-0.29,-0.29,3.49,1.6,1.225,1.832105473394253,-10.79251108007393,-6.92732297599565,1.733831890718279,-9.854538673028117,-4.479470525045241,-8.874698353180554,4.619770635278416,6.136319931576037
2023-08-22 18:50:00,1.59,228,-19.8,-9.5,6.669333333333333,19.6175,0.0,-19.8,-9.5,-19.1,-0.94,-0.94,3.33,1.195,1.225,1.664943816390186,-1.932289117267455,-1.536323549069152,1.680595599804839,-1.904527023892667,-1.960292063132637,3.3016564361397,0.05502119772748564,0.9805350252612555
2023-08-23 02:45:00,0.5,223,-28.3,-23.8,6.664111111111111,19.82805555555555,0.0,-28.3,-23.8,-25.1,-0.07,-0.07,3.0,1.465,1.225,0.120786361923347,-0.1791419450752192,-0.1480146676195861,0.1238030122230712,-0.1747705725102001,-0.1835640519360043,0.2589037931664709,-0.01210887357484325,0.06802990313131961
2023-08-23 10:40:00,1.36,324,-17.7,-11.0,6.66538888888889,19.59972222222222,0.0,-17.7,-11.0,-16.4,-0.06,-0.06,2.805,1.3725,1.225,0.3817921556104397,-1.711361110185801,-1.061700889666366,0.3435162103666259,-1.608808713794013,-1.072471371506145,-1.354658745416532,0.7599358390414108,1.034088251551752
2023-08-23 18:35:00,1.68,75,-8.9,-6.0,6.665222222222222,19.54138888888889,0.0,-8.9,-6.0,-6.2,-0.25,-0.25,2.99,1.37,1.225,-1.516114804023175,1.830558517158749,-2.091222362480806,-1.545819976060263,2.223859404284186,3.359410875380867,-1.72357771858867,-1.468018729088043,-1.484410334866361
2023-08-24 02:30:00,0.34,200,-21.1,-20.3,6.665694444444444,19.64861111111111,0.0,-21.1,-20.3,-20.9,-0.06,-0.06,2.765,1.3525,1.225,-0.03577670940209959,-0.0905181305138539,-0.07111969898707977,-0.0231308771272916,-0.0780952451850504,-0.08848682136909873,0.0354326331585303,-0.04680460021033582,-0.03764281738257168
2023-08-24 10:25:00,1.28,265,-11.9,-11.6,6.668111111111111,19.62972222222222,0.0,-11.9,-11.6,-11.6,-0.05,-0.05,2.505,1.2275,1.225,1.660662904878103,-1.170567074644649,-1.481035580403297,1.609904505865398,-1.157545821920654,-1.220850796115669,0.8119978322738196,1.354669765436056,2.171137529575498
2023-08-24 18:20:00,0.92,324,-10.2,-4.5,6.665805555555556,19.69805555555556,0.0,-10.2,-4.5,-7.5,-0.06,-0.06,2.905,1.4225,1.225,0.1747128462957808,-0.7831401620140903,-0.4858475524511309,0.15719729695843,-0.7362109079559106,-0.4907762591061856,-0.6199087165444166,0.3477561062741404,0.4732116652862256
2023-08-25 02:15:00,0.58,263,-22.1,-15.0,6.668027777777779,19.66138888888889,0.0,-22.1,-15.0,-17.6,-0.06,-0.06,2.785,1.3625,1.225,0.32938668600248,-0.233146823758309,-0.3071815620548905,0.3246360946885354,-0.2298039902376848,-0.236181270009244,0.2146696731953421,0.2559719173281575,0.4117732530789454
2023-08-25 10:10:00,1.17,291,-10.4,-10.2,6.667,19.74888888888889,0.0,-10.4,-10.2,-9.9,-0.05,-0.05,2.455,1.2025,1.225,1.304400782981464,-1.006704656418522,-0.9337283443555923,1.146412124680261,-0.9969278591185483,-1.001894108252507,0.2750965992174861,0.7499246350822463,1.40417523098085
2023-08-25 18:05:00,0.46,335,-5.9,-2.6,6.667083333333333,19.70916666666667,0.0,-5.9,-2.6,-3.0,-0.05,-0.05,3.005,1.4775,1.225,-0.03786054066099513,-0.1863525370345624,-0.1252959429288385,-0.02007354355279052,-0.1505687240793408,0.02137085741367943,-0.1736794707229401,0.02307461954670482,0.047455923532432
2023-08-26 02:00:00,0.56,275,-7.8,-7.2,6.664805555555556,19.72666666666667,0.0,-7.8,-7.2,-8.6,-0.06,-0.06,2.87,1.405,1.225,0.3299091567500796,-0.2298289577587802,-0.2599485056037359,0.3065974511355442,-0.2272753738438163,-0.2465848601277192,0.0731895938496418,0.2765931491667156,0.4354917057833071
2023-08-26 09:55:00,1.83,150,-4.6,-1.0,6.666305555555556,19.71611111111111,0.0,-4.6,-1.0,-4.7,-0.06,-0.06,2.455,1.1975,1.225,-2.584256815816795,-0.3801285635129937,-1.884565900761666,-2.587303422685246,-0.6039535058911191,-2.614323518897595,-2.577252763049927,-2.670071959342412,-2.616056784937803
2023-08-26 17:50:00,0.68,78,-2.8,1.7,6.667166666666667,19.71888888888889,0.0,-2.8,1.7,0.5,-0.06,-0.06,3.005,1.4725,1.225,-0.2469635493150109,0.3318188561942443,-0.3526103355291166,-0.2521775154535746,0.3878037983741563,0.5274856304400549,-0.2712128351443174,-0.2464346791492975,-0.2475448364944892
2023-08-27 01:45:00,0.42,253,-11.7,-5.0,6.669555555555556,19.48583333333333,0.0,-11.7,-5.0,-6.5,-0.14,-0.14,2.785,1.3225,1.225,0.193369887358801,-0.1219823202736345,-0.1383277739289151,0.1865773303151215,-0.1216958434600434,-0.1202098792254073,0.1839316319688049,0.103424336028015,0.1933211681400572
2023-08-27 09:40:00,0.89,79,-0.9,-2.1,13.19797222222222,19.62888888888889,0.0,-0.9,-2.1,-1.1,2.93,2.93,4.525,3.7275,1.225,-0.4222396480001082,0.5866353563562557,-0.6097387219584626,-0.4313695831343685,0.6777133916259979,0.8905202801232034,-0.4582176372315687,-0.425531045669153,-0.4265332511945598
2023-08-27 17:35:00,1.8,307,-9.3,-1.3,13.19591666666667,19.64583333333333,0.0,-9.3,-1.3,-5.2,2.06,2.06,5.305,3.6825,1.225,2.479201447356204,-2.888563385698695,-1.945605236619353,2.243443301194072,-2.8522789347054,-3.070726764082838,-1.444972183774151,2.217223434347717,3.707993259936956
2023-08-28 01:30:00,0.57,190,-7.0,-4.2,6.668444444444445,19.66388888888889,0.0,-7.0,-4.2,-4.8,-2.08,-2.08,3.0,0.46,1.225,-0.1913818051111535,-0.2289529703572792,-0.2025878905269776,-0.1198348892562636,-0.1560534711567107,-0.2523607669557218,0.04295470123822628,-0.1527317382315228,-0.1577454192517525
2023-08-28 09:25:00,1.67,129,1.6,0.4,13.19730555555556,19.68583333333333,0.0,1.6,0.4,2.3,1.92,1.92,4.63,3.275,1.225,-1.668369712264278,0.6458411731938657,-1.497319594280902,-1.666111189706717,0.4002803293060761,-1.577962665482094,-1.705844515926233,-1.664678966778634,-1.694079140643282
2023-08-28 17:20:00,2.02,302,-12.5,-0.8,6.671138888888889,19.33277777777778,0.0,-12.5,-0.8,-3.0,-0.98,-0.98,4.015,1.5175,1.225,3.285118386212361,-3.380539127258757,-2.57481894140273,3.034309426972634,-3.34479800759208,-3.593768380853342,-1.379202869059123,3.08807109226958,4.943665615502383
2023-08-29 01:15:00,0.2,163,-3.5,-4.3,13.19844444444444,19.49472222222222,0.0,-3.5,-4.3,-2.2,1.92,1.92,5.49,3.705,1.225,-0.03305175741660003,-0.008952878149661513,-0.0251777725039272,-0.03284935334006654,-0.006159106711015616,-0.02905774847670222,-0.03387202898844743,-0.03198786976820665,-0.03203676654312361
2023-08-29 09:10:00,2.24,56,-0.1,-2.5,13.19888888888889,19.3925,0.0,-0.1,-2.5,-0.7,1.89,1.89,5.0,3.445,1.225,-2.869993688266454,1.46726812842144,-3.347617366649624,-2.881233535345086,2.041800777713323,4.8639149278105,-3.104842980867224,-2.730028999505782,-2.754006381413005
2023-08-29 17:05:00,2.72,116,5.2,15.1,13.19505555555556,19.41083333333333,0.0,5.2,15.1,7.1,1.83,1.83,5.505,3.6675,1.225,-4.378728214893456,4.004316703487505,-4.752341192875833,-4.315547095776192,3.812150886265138,-1.067384168227538,-4.044491374630107,-4.49971217113047,-4.472504461858063
2023-08-30 01:00:00,2.58,139,-4.8,-1.3,6.665111111111112,19.48666666666667,0.0,-4.8,-1.3,0.3,-2.29,-2.29,3.515,0.6125,1.225,-4.20553731811367,0.5915923734708232,-3.698229267859337,-4.210299198847407,0.07680517768531614,-4.52226132972274,-4.22802367778834,-4.335675999133178,-4.222359615589371
2023-08-30 08:55:00,2.1,158,0.1,5.0,13.19597222222222,19.53416666666667,0.0,0.1,5.0,-0.9,1.45,1.45,4.995,3.2225,1.225,-3.486642777035054,-0.7051025466668543,-2.736483180211907,-3.466705546987767,-0.6712556749376619,-3.258279336632224,-3.5106202430053,-3.548729967537902,-3.447247196608591
2023-08-30 16:50:00,4.24,126,8.4,9.4,13.19922222222222,19.42277777777778,0.0,8.4,9.4,13.6,0.64,0.64,5.3,2.97,1.225,-10.6998464657532,5.848033738793193,-10.31284834187658,-10.65802431634686,4.354267447201702,-8.639512982001301,-10.73957433671779,-10.64833888678532,-10.87373182337493
2023-08-31 00:45:00,1.48,107,0.1,-2.5,13.19119444444445,19.43972222222222,0.0,0.1,-2.5,-1.3,1.84,1.84,5.069999999999999,3.455,1.225,-1.35398167564236,1.409359217245933,-1.490397029968969,-1.336866733162475,1.565155366895707,0.7725002530009784,-1.239673927159605,-1.455615124392033,-1.370405706080258
2023-08-31 08:40:00,2.54,160,-0.7,0.5,13.19730555555556,19.41527777777778,0.0,-0.7,0.5,-8.2,1.93,1.93,4.995,3.4625,1.225,-5.131338760264809,-1.106332480107626,-4.096519022293315,-5.093412541247691,-0.9366384653191724,-4.699253255752581,-5.178559285713083,-5.203546301549376,-5.043981133320945
2023-08-31 16:35:00,2.38,132,3.6,4.2,13.19566666666667,19.385,0.0,3.6,4.2,4.6,2.01,2.01,5.06,3.535,1.225,-3.435287556245602,0.9944802340606419,-3.010687541241119,-3.434847331849598,0.5019350455866014,-3.473063163400455,-3.51522682454705,-3.456331179407915,-3.478415587601972
2023-09-01 00:30:00,0.32,228,-13.7,-12.8,13.19411111111111,19.64583333333333,0.0,-13.7,-12.8,-14.6,1.92,1.92,4.745,3.3325,1.225,0.06743809453674897,-0.07826684292875577,-0.0622283657389665,0.06807206574898762,-0.07714234691927106,-0.07940109460257985,0.1337326921643548,0.002228618586011048,0.03971630338465748
2023-09-01 08:25:00,0.54,202,-6.0,-12.9,20.14386111111111,19.82888888888889,0.0,-6.0,-12.9,-18.2,7.91,7.91,7.0,7.455,1.225,-0.06845322184855554,-0.2306236576375311,-0.1813015338129449,-0.04159775123030965,-0.2019761439977292,-0.2276506682868731,0.1035974304684829,-0.1118209963598634,-0.08406625628870489
2023-09-01 16:20:00,2.44,277,-13.4,-13.6,13.19533333333333,19.6175,0.0,-13.4,-13.6,-15.3,2.82,2.82,4.69,3.755,1.225,6.149694426256509,-4.279721501084714,-4.811073384011672,5.704250171289233,-4.218932572520869,-4.522964401905783,1.61361375121089,4.990018438347043,7.817063497065978
2023-09-02 00:15:00,1.36,271,-27.2,-22.4,6.669,19.68611111111111,0.0,-27.2,-22.4,-27.1,-0.07,-0.07,2.505,1.2175,1.225,2.016331235260334,-1.407410340721553,-1.610192630025049,1.880628368967759,-1.399998032180337,-1.552751082871916,0.2924076060215705,1.793515490324226,2.848495582237916
2023-09-02 08:10:00,0.93,243,-18.7,-23.9,6.666388888888889,19.81222222222222,0.0,-18.7,-23.9,-24.0,-0.06,-0.06,2.29,1.115,1.225,0.7797160907522097,-0.609683112961735,-0.5813476346226975,0.704201736654825,-0.6106576162293017,-0.6059403723409694,0.811092899242706,0.1844878139000175,0.6188047583608142
2023-09-02 16:05:00,1.6,309,-10.9,-11.1,6.668722222222223,19.81888888888889,0.0,-10.9,-11.1,-12.0,-0.05,-0.05,2.505,1.2275,1.225,1.918005829315294,-2.346884499714665,-1.506009951083336,1.720158531504449,-2.31571706640261,-2.4948775657372,-1.252270039822335,1.677663025829909,2.861039929862963
2023-09-03 00:00:00,0.65,309,-10.1,-11.4,6.670111111111112,19.77083333333333,0.0,-10.1,-11.4,-12.7,-0.05,-0.05,2.405,1.1775,1.225,0.3165458839397312,-0.3873276176286898,-0.2485504704424647,0.283893351390871,-0.382183773654337,-0.4117522545015495,-0.2066734733691158,0.2768799329738815,0.472183347799649
2023-09-03 07:55:00,0.87,71,-10.0,-12.9,6.669111111111111,19.665,0.0,-10.0,-12.9,-13.6,-0.05,-0.05,2.17,1.06,1.225,-0.40969545865596,0.4212578310705083,-0.5389887374906573,-0.4169036768337117,0.5451749309084604,0.9508802812673981,-0.4865894469178302,-0.3807538989131349,-0.3885879014436427
2023-09-03 15:50:00,0.9,155,-2.6,1.7,6.665944444444444,19.81,0.0,-2.6,1.7,-2.6,-0.05,-0.05,2.455,1.2025,1.225,-0.6346481336849848,-0.1154210965338759,-0.4850699112465316,-0.632635752634403,-0.1318368548882321,-0.6111600356173006,-0.6367653713489954,-0.6495590454860338,-0.6330099843438213
2023-09-03 23:45:00,1.41,144,-12.8,-17.9,6.663972222222222,19.85944444444445,0.0,-12.8,-17.9,-14.9,-0.05,-0.05,2.405,1.1775,1.225,-1.371635803731326,0.0009769178873418327,-1.114359217159566,-1.373347764305555,-0.142786784376541,-1.442505966848554,-1.372173030646451,-1.418033791953623,-1.381334953998109
2023-09-04 07:40:00,1.47,204,-15.0,-21.3,6.666472222222222,19.76333333333333,0.0,-15.0,-21.3,-19.7,0.6,0.6,1.92,1.26,1.225,-0.3457736695232296,-1.726023425655882,-1.357633905586577,-0.1841364323076751,-1.533658814509125,-1.719931859259972,0.8730773366755643,-0.7823835875597157,-0.5422912780704747
2023-09-04 15:35:00,3.35,277,3.6,-10.6,6.667166666666667,19.74694444444444,0.0,3.6,-10.6,9.2,-0.04,-0.04,2.335,1.1475,1.225,11.59213680775727,-8.067249151088957,-9.068844237448099,10.75247708063918,-7.952662388322269,-8.525760548304834,3.041652163894824,9.406154582832185,14.73511742404981
2023-09-04 23:30:00,1.17,21,-13.0,-20.9,6.665833333333333,20.02416666666667,0.0,-13.0,-20.9,-16.9,-0.01,-0.01,2.46,1.225,1.225,-1.13210361154905,-0.4893760498982413,-0.9992103636772807,-1.12330865059656,-0.2921375363909712,1.464690261483767,-1.075490285839434,-1.235038124315127,-1.154467315635333
2023-09-05 07:25:00,1.09,291,-16.4,-23.9,6.666111111111111,20.04694444444445,0.0,-16.4,-23.9,-24.3,1.29,1.29,1.51,1.4,1.225,1.132119636394388,-0.8737422764926921,-0.8104044458535171,0.994997622421374,-0.8652567677834376,-0.8695670903753404,0.2387627069400945,0.6508769515240099,1.218716189588976
2023-09-05 15:20:00,3.02,147,-5.4,-7.2,6.665666666666667,19.86722222222222,0.0,-5.4,-7.2,-1.5,0.5,0.5,2.36,1.43,1.225,-6.665171327196042,-0.5153805874507025,-5.122274004244098,-6.673246700179548,-1.149920879006792,-6.868671463241983,-6.656866165595285,-6.888451165060046,-6.730720776981169
2023-09-05 23:15:00,0.32,218,-24.5,-20.0,6.666333333333333,20.03888888888889,0.0,-24.5,-20.0,-23.1,0.13,0.13,2.51,1.32,1.225,0.03227129564038499,-0.07319535025237724,-0.06100061784287234,0.03401783508511278,-0.07018670206900543,-0.07536484256929375,0.08281899907270973,-0.01351789965824695,0.01375782896279343
2023-09-06 07:10:00,1.04,258,-34.2,-28.9,6.665083333333333,20.01361111111111,0.0,-34.2,-28.9,-31.7,0.97,0.97,1.98,1.475,1.225,1.055315439079527,-0.7243463117494611,-0.9584515422212195,1.052042398736301,-0.7138617503419424,-0.7030972106233407,0.980406804682665,0.6926670073367606,1.167185675164358
2023-09-06 15:05:00,2.3,287,-11.8,-12.4,6.943,19.83638888888889,0.0,-11.8,-12.4,-7.5,0.68,0.68,2.385,1.5325,1.225,5.176637761605895,-3.802728866867847,-3.774691796547085,4.605319460397751,-3.755419571129927,-3.802327822913267,1.46789176107454,3.156485127115442,5.614485026897082
2023-09-06 23:00:00,0.84,77,-20.5,-13.4,6.943277777777777,19.78583333333333,0.0,-20.5,-13.4,-21.2,0.74,0.74,2.535,1.6375,1.225,-0.3775791754169711,0.4901062099516066,-0.5329793905719943,-0.3853587795852442,0.579834823674208,0.8165625856913445,-0.4195365752771848,-0.3730331490037962,-0.3755284803716655
2023-09-07 06:55:00,1.22,25,-4.5,-18.2,13.47152777777778,20.0525,0.0,-4.5,-18.2,-15.0,4.95,4.95,3.93,4.44,1.225,-1.184306116393349,-0.4692909607655739,-1.013207590222249,-1.169159390241609,-0.2711501488145969,1.4944430254989,-1.121746257435569,-1.269819466762893,-1.219430650233346
2023-09-07 14:50:00,1.73,289,-7.9,-10.4,6.94275,19.7625,0.0,-7.9,-10.4,-9.1,1.16,1.16,2.405,1.7825,1.225,2.906733261629458,-2.16945056786846,-2.081454655684408,2.555748208894419,-2.146420382837327,-2.150350704516796,0.7877124343216069,1.635587654708732,3.058367956778562
2023-09-07 22:45:00,0.58,210,-13.9,-19.3,6.947194444444444,19.78333333333333,0.0,-13.9,-19.3,-19.3,0.94,0.94,2.46,1.7,1.225,0.02159564639026526,-0.2766341832025134,-0.217935940731975,0.02930347831317814,-0.2559943991697916,-0.2831301782165621,0.1851274147528767,-0.1001911162749551,-0.04674132246625566
2023-09-08 06:40:00,0.6,28,-15.8,-23.8,6.943777777777777,20.02083333333333,0.0,-15.8,-23.8,-25.6,1.97,1.97,1.51,1.74,1.225,-0.277990576293937,-0.1021144642981035,-0.2317808221358413,-0.2733140776273796,-0.05714980612255916,0.3436643087282742,-0.2626769939248186,-0.2938834302242035,-0.2884468671226718
2023-09-08 14:35:00,2.96,296,-18.3,-12.9,6.942416666666666,19.98333333333333,0.0,-18.3,-12.9,-15.6,1.98,1.98,2.41,2.195,1.225,7.707130279343345,-6.773649199788509,-5.787097557467316,6.980512285715525,-6.707951744417805,-7.006605958509877,-0.6524881844050849,5.958185702441366,10.02243238746846
2023-09-08 22:30:00,1.2,290,-27.3,-19.5,6.944833333333333,20.03583333333333,0.0,-27.3,-19.5,-26.0,1.84,1.84,2.51,2.175,1.225,1.393242036894464,-1.048136239144997,-0.9884448911974197,1.217693070369477,-1.037954241778599,-1.034406298588372,0.3687097282278843,0.7508006412380954,1.443084437244664
2023-09-09 06:25:00,0.91,207,-14.5,-24.0,6.944638888888889,19.99277777777778,0.0,-14.5,-24.0,-23.4,1.97,1.97,1.565,1.7675,1.225,-0.03967319333609849,-0.6712119644897172,-0.5283775106039111,0.000785117017018116,-0.6089489946910244,-0.6780402017297492,0.3951500375960164,-0.2732303721419572,-0.1614388730232221
2023-09-09 14:20:00,3.3,32,4.9,-5.1,13.47191666666667,20.07333333333333,0.0,4.9,-5.1,-0.7,5.18,5.18,3.965,4.5725,1.225,-7.841285023011579,-2.256397191408864,-6.727689805916584,-7.711579759085639,-0.9567590846645597,10.41324133189067,-7.623146478671083,-8.155787520951447,-8.1482723466584
2023-09-09 22:15:00,0.76,36,-2.5,-11.5,13.47538888888889,20.00416666666667,0.0,-2.5,-11.5,-11.8,4.97,4.97,4.45,4.71,1.225,-0.3737463620222977,-0.05573339023387081,-0.3551589993684336,-0.3702811941531484,0.01310810550210189,0.5922313974492445,-0.3885658511411899,-0.3830388052975624,-0.384846182798685
2023-09-10 06:10:00,0.35,201,-5.9,-20.9,13.47627777777778,20.14027777777778,0.0,-5.9,-20.9,-21.7,5.99,5.99,3.715,4.8525,1.225,-0.03333454830925952,-0.09640255522404804,-0.07576439302551291,-0.02099328809070938,-0.08380300709970026,-0.09470180717138676,0.0405342125939223,-0.04828692806846353,-0.03760278179788387
2023-09-10 14:05:00,1.49,53,1.6,-0.9,13.47155555555556,19.89416666666667,0.0,1.6,-0.9,-5.2,5.66,5.66,3.715,4.6875,1.225,-1.298796242308399,0.4256267931233813,-1.441944818760756,-1.300430068930605,0.6691308392288463,2.264506284739215,-1.351887145896446,-1.272038196575762,-1.27832703511222
2023-09-10 22:00:00,0.43,158,-7.5,-11.3,6.943861111111111,19.92194444444445,0.0,-7.5,-11.3,-12.6,0.98,0.98,2.165,1.5725,1.225,-0.1461859976131024,-0.02956314305639486,-0.1147337278959595,-0.145350080643546,-0.02814403045260174,-0.1366113037059633,-0.1471913113223764,-0.1487891544212603,-0.1445342418714123
2023-09-11 05:55:00,0.38,223,-16.6,-21.2,6.943333333333333,19.89527777777778,0.0,-16.6,-21.2,-19.8,1.98,1.98,1.51,1.745,1.225,0.06976620264692526,-0.1034723874754466,-0.08549327201707294,0.07150861986004595,-0.1009474826818916,-0.1060265963982361,0.1495428309329536,-0.006994085376829461,0.03929407204865022
2023-09-11 13:50:00,1.02,65,2.7,-0.2,13.47466666666667,19.67638888888889,0.0,2.7,-0.2,-3.7,4.98,4.98,3.76,4.37,1.225,-0.5706166398567138,0.4995239107917751,-0.726011300187414,-0.5776490212783733,0.6507673789761833,1.131252400434416,-0.6673420086797873,-0.5224702735193174,-0.5322807304273708
2023-09-11 21:45:00,2.39,150,1.1,-5.1,13.47344444444444,19.48916666666667,0.0,1.1,-5.1,-5.8,4.97,4.97,4.485,4.7275,1.225,-4.407875229964202,-0.6483718139217567,-3.214437242599274,-4.413071719287047,-1.030142082773645,-4.459158939441296,-4.395928665477467,-4.554247077834451,-4.462115309875847
2023-09-12 05:40:00,0.72,61,1.1,-8.9,13.47269444444444,19.54416666666667,0.0,1.1,-8.9,-9.0,5.41,5.41,3.76,4.585,1.225,-0.2868720010471367,0.22674187798132,-0.358816839133334,-0.289333553662202,0.2919670975490964,0.4867542721050176,-0.3285800885015421,-0.2617454568309258,-0.2657809571231433
2023-09-12 13:35:00,1.65,120,3.0,-3.7,13.47491666666667,19.81388888888889,0.0,3.0,-3.7,-2.2,4.98,4.98,3.92,4.45,1.225,-1.603808612173563,1.395922505659187,-1.761944700555572,-1.589217667160068,1.196710253384731,-0.8442765931519814,-1.548692437729493,-1.587613674852698,-1.632612760639227
2023-09-12 21:30:00,0.8,118,-0.4,-3.5,10.35822222222222,19.36527777777778,0.0,-0.4,-3.5,-4.3,2.75,2.75,3.8,3.275,1.225,-0.3779014619512571,0.3372724618171913,-0.4126483547363347,-0.3734537091100964,0.3055455772970096,-0.1454025842694814,-0.3569665497175013,-0.3812307948616855,-0.3853431395699974
2023-09-13 05:25:00,0.73,108,-4.3,-9.9,6.948305555555556,19.82166666666667,0.0,-4.3,-9.9,-10.1,0.96,0.96,1.87,1.415,1.225,-0.3254715209917322,0.3323253132716934,-0.3545462000502778,-0.3203312154091592,0.3655565129800307,0.1438539168694885,-0.2922635363817891,-0.3508026761712137,-0.3309451744262354
2023-09-13 13:20:00,4.58,121,8.2,5.4,13.47225,19.50694444444444,0.0,8.2,5.4,2.7,4.92,4.92,4.065,4.4925,1.225,-12.37833774910935,10.10004315671706,-13.31842210547149,-12.2765207217584,8.530473049503888,-7.100947979807004,-12.03217957852295,-12.26433847611505,-12.59709543362797
2023-09-13 21:15:00,3.38,130,-0.4,-1.4,6.529472222222222,19.32861111111111,0.0,-0.4,-1.4,-0.7,-0.03,-0.03,2.46,1.215,1.225,-6.845861300285269,2.288714025413882,-5.993588933032244,-6.842384647589419,1.263918691779624,-6.788505598022509,-7.042127367540136,-6.836613702444966,-6.949448617326679
2023-09-14 05:10:00,2.72,133,-4.3,-7.0,6.528277777777777,19.71944444444444,0.0,-4.3,-7.0,-7.5,0.4,0.4,1.985,1.1925,1.225,-4.513681820914973,1.207287987684237,-3.957776650545869,-4.513945074303102,0.5741283663784262,-4.60626284607698,-4.606746933623439,-4.557904499253893,-4.56463617043162
2023-09-14 13:05:00,4.39,139,7.0,2.8,13.47255555555556,19.195,0.0,7.0,2.8,4.3,4.87,4.87,4.27,4.57,1.225,-12.17618168205313,1.71282185276832,-10.70738601543055,-12.18996863020658,0.2223720126298271,-13.0931843898428,-12.2412858483121,-12.55296878536364,-12.2248868378703
2023-09-14 21:00:00,0.74,37,-3.1,-8.3,13.47561111111111,19.79361111111111,0.0,-3.1,-8.3,-7.9,3.96,3.96,4.495,4.2275,1.225,-0.3443438126747861,-0.03768276892210216,-0.3363155625571406,-0.3418678712135674,0.02756168103376586,0.5709327330151757,-0.3646482920862972,-0.3514024026547922,-0.3536387571798505
2023-09-15 04:55:00,1.09,301,-8.8,-11.8,13.47027777777778,19.4675,0.0,-8.8,-11.8,-13.9,4.1,4.1,4.435,4.2675,1.225,0.9660196902338513,-0.9693379551479312,-0.756969830904104,0.8956756900700014,-0.9595108442936333,-1.030481959876643,-0.3759294813692666,0.91638334008976,1.455408586046999
2023-09-15 12:50:00,1.7,216,-2.8,-9.2,20.42455555555555,19.53166666666667,0.0,-2.8,-9.2,-16.6,9.86,9.86,6.88,8.37,1.225,0.7294681132265918,-2.143463924681742,-1.759269509692216,0.7829915249913753,-2.035450986133246,-2.203337265034154,2.150634805394256,-0.5013178231538806,0.1908236135770774
2023-09-15 20:45:00,1.33,337,-7.0,-12.9,13.46833333333333,19.70944444444444,0.0,-7.0,-12.9,-14.6,4.83,4.83,4.02,4.425,1.225,-0.4796316558407652,-1.554398272224574,-1.036097970420238,-0.2831182694849129,-1.225391196975281,0.2330867426684731,-1.47718002097375,0.02279468479138377,0.2458592711947065
2023-09-16 04:40:00,0.78,164,-4.6,-15.0,13.47227777777778,19.8225,0.0,-4.6,-15.0,-13.4,4.97,4.97,3.815,4.3925,1.225,-0.5089908152208339,-0.1467878441423829,-0.3818349898924026,-0.5060782357016695,-0.095464331695849,-0.44157451683295,-0.5241415897322926,-0.4851453973191249,-0.4911528054440962
2023-09-16 12:35:00,1.18,116,-2.9,-10.9,13.47052777777778,19.71,0.0,-2.9,-10.9,-11.5,5.84,5.84,3.91,4.875,1.225,-0.8240891498726273,0.7536238346042387,-0.8944041788711489,-0.8121982828934321,0.7174576792327497,-0.2008847474913527,-0.7611848223987565,-0.8468586758058586,-0.8417381072517254
2023-09-16 20:30:00,0.93,92,-5.2,-9.2,6.942805555555555,19.60416666666667,0.0,-5.2,-9.2,-8.1,0.93,0.93,1.675,1.3025,1.225,-0.4440806685841437,0.5077729335310429,-0.6627475519475217,-0.4518732158082234,0.6033527416298469,0.5667775639463211,-0.4776322383099691,-0.4570288605016508,-0.4578167909837116
2023-09-17 04:25:00,1.44,138,-2.1,-10.0,13.46780555555556,19.64,0.0,-2.1,-10.0,-10.7,4.97,4.97,3.765,4.3675,1.225,-1.302603306643818,0.2099730578250521,-1.144938357964088,-1.303851787155741,0.04675775265384662,-1.389149510708096,-1.312788093005365,-1.338453045334297,-1.309350591908441
2023-09-17 12:20:00,2.74,155,5.0,8.0,13.47061111111111,19.61194444444444,0.0,5.0,8.0,-5.9,5.03,5.03,4.055,4.5425,1.225,-5.882326331423942,-1.069796820170033,-4.495939340338842,-5.863674291948204,-1.221948607109743,-5.664623559753638,-5.901950249308294,-6.02053023443327,-5.86714291167861
2023-09-17 20:15:00,1.49,139,2.6,-3.3,13.47355555555556,19.5,0.0,2.6,-3.3,-2.3,4.92,4.92,4.51,4.715,1.225,-1.402667117352346,0.1973129962656352,-1.233465356284856,-1.4042553409292,0.02561672600492313,-1.508303644329886,-1.410166962180442,-1.446072093875904,-1.408277835251782
2023-09-18 04:10:00,1.03,158,-2.8,-14.1,13.47038888888889,19.46805555555556,0.0,-2.8,-14.1,-11.5,4.97,4.97,3.97,4.47,1.225,-0.8387708213506777,-0.1696243291970217,-0.6583072575707055,-0.8339745838547212,-0.161481892413008,-0.7838341379213436,-0.84453900585132,-0.853706943891374,-0.8292935489528466
2023-09-18 12:05:00,2.5,210,-1.3,-12.6,13.46869444444444,19.36555555555556,0.0,-1.3,-12.6,-4.9,5.0,5.0,4.175,4.5875,1.225,0.4012270806752613,-5.139606554743487,-4.049047650341392,0.5444314490409138,-4.756138510140302,-5.260296117281549,3.439495666484778,-1.861458016404488,-0.8684104203748452
2023-09-18 20:00:00,1.4,160,4.3,4.7,13.47138888888889,19.53277777777778,0.0,4.3,4.7,-1.9,3.96,3.96,4.51,4.234999999999999,1.225,-1.558903833176115,-0.336104479665656,-1.244524968022645,-1.547381824794698,-0.2845513348666342,-1.427635994369622,-1.573249457498549,-1.580840528091756,-1.532364533031969
2023-09-19 03:55:00,1.11,166,2.7,-4.1,13.47311111111111,19.57305555555556,0.0,2.7,-4.1,-10.6,4.92,4.92,4.505,4.7125,1.225,-1.056191570314801,-0.3402592372894613,-0.7687403418897917,-1.050965460305847,-0.2005564119478415,-0.8926585598751925,-1.097706419004751,-0.9768608728551406,-1.010346257405106
2023-09-19 11:50:00,2.65,165,5.0,3.2,13.47161111111111,19.55888888888889,0.0,5.0,3.2,-7.3,5.47,5.47,4.46,4.965,1.225,-5.947475755998214,-1.816828460980504,-4.394442030490644,-5.91577301177886,-1.122499419546662,-5.092359172636181,-6.153224599390989,-5.583779688354243,-5.713877114046253
2023-09-19 19:45:00,1.48,164,9.0,13.2,13.47258333333333,19.62111111111111,0.0,9.0,13.2,-3.3,3.99,3.99,4.515,4.2525,1.225,-1.832500791682633,-0.5284748418959162,-1.374706380441023,-1.822014739449271,-0.343696699780716,-1.58978438801922,-1.887047564348477,-1.746651016252155,-1.768279265359546
2023-09-20 03:40:00,1.58,161,3.6,1.1,13.47258333333333,19.58916666666667,0.0,3.6,1.1,-7.2,4.96,4.96,4.375,4.6675,1.225,-2.011276362552198,-0.4716412809018065,-1.580527216497423,-1.997282165487063,-0.36974694054383,-1.816726087458058,-2.040521839552722,-2.007770744053525,-1.967626234087832
2023-09-20 11:35:00,1.9,191,1.0,0.2,13.47088888888889,19.61444444444444,0.0,1.0,0.2,-9.8,5.0,5.0,3.97,4.484999999999999,1.225,-2.025542896216708,-2.572203104225918,-2.247974159027006,-1.270582860062223,-1.804413461669211,-2.799937622102588,0.5401973633358045,-1.673480536951312,-1.695006589361023
2023-09-20 19:30:00,1.22,231,-11.6,-12.8,13.47736111111111,19.48055555555555,0.0,-11.6,-12.8,-11.5,4.32,4.32,3.965,4.1425,1.225,1.093350038481895,-1.154388385763772,-0.9192306769792369,1.083744843048151,-1.143197497812348,-1.165036988868783,2.021986278014512,0.0767944152537867,0.6631456926866102
2023-09-21 03:25:00,0.42,231,-10.9,-14.8,13.47072222222222,19.59666666666667,0.0,-10.9,-14.8,-13.3,4.96,4.96,3.815,4.3875,1.225,0.1295800502473839,-0.1368141032308045,-0.1089440280967061,0.1284416758355911,-0.1354877980476339,-0.1380761386968915,0.2396387929600645,0.009101407451470018,0.07859372493275868
2023-09-21 11:20:00,1.66,158,2.1,-2.4,13.47105555555556,19.29166666666667,0.0,2.1,-2.4,-4.0,4.98,4.98,3.815,4.3975,1.225,-2.17863783138272,-0.4405851649875699,-1.709898651109281,-2.166180001197163,-0.4194358589247666,-2.035944340141441,-2.193620213520499,-2.217433174273796,-2.154021400221005
2023-09-21 19:15:00,0.54,92,2.1,-0.3,13.47563888888889,19.37861111111111,0.0,2.1,-0.3,-1.7,3.94,3.94,3.99,3.965,1.225,-0.1497212659950704,0.1711950369032861,-0.2234445440489044,-0.1523485139665603,0.203419654826296,0.1910883774387181,-0.1610331375779709,-0.1540867334053433,-0.1543523832244772
2023-09-22 03:10:00,1.42,163,2.2,-4.4,13.47111111111111,19.58638888888889,0.0,2.2,-4.4,-3.5,3.97,3.97,4.385,4.1775,1.225,-1.666139091370807,-0.4513145875244368,-1.26921151192297,-1.655935901872754,-0.3104805693022972,-1.464801100710559,-1.707488981307634,-1.612508515015297,-1.614973401438861
2023-09-22 11:05:00,2.19,129,3.3,-2.8,13.473,19.57666666666667,0.0,3.3,-2.8,-1.5,4.9,4.9,4.04,4.470000000000001,1.225,-2.869112545086129,1.110659704813761,-2.57495589878828,-2.865228540626192,0.6883661972049453,-2.713638617346864,-2.933558350186027,-2.86276553213346,-2.91332531336342
2023-09-22 19:00:00,3.58,127,5.3,2.7,13.47197222222222,19.19194444444445,0.0,5.3,2.7,2.8,3.97,3.97,4.515,4.2425,1.225,-7.641013745913391,3.768733955799781,-7.195063534945251,-7.617677127481723,2.682628689317312,-6.523304373269811,-7.71730052606233,-7.610879976431614,-7.763039339957974
2023-09-23 02:55:00,2.95,129,3.4,-2.3,13.46916666666667,19.78416666666667,0.0,3.4,-2.3,-2.0,3.98,3.98,4.49,4.235,1.225,-5.205990684850616,2.015286603936899,-4.672244888389527,-5.198943177748472,1.249037099138057,-4.923884003140279,-5.322927283103751,-5.194474060881016,-5.286214536716327
2023-09-23 10:50:00,2.45,161,6.6,4.7,13.4745,19.31277777777778,0.0,6.6,4.7,-0.9,4.38,4.38,4.215,4.297499999999999,1.225,-4.836038441844083,-1.134043738428575,-3.800318305169759,-4.802389920820421,-0.8890426256266385,-4.368249615433022,-4.906358092419172,-4.827609313884508,-4.731083348066101
2023-09-23 18:45:00,2.75,125,4.9,2.5,13.47088888888889,19.31222222222222,0.0,4.9,2.5,3.8,3.84,3.84,4.525,4.1825,1.225,-4.493356385716135,2.696300244292201,-4.430904577921836,-4.471940481163815,2.080429613752941,-3.419467202924075,-4.481766322243623,-4.467802645591598,-4.567647496600681
2023-09-24 02:40:00,0.78,149,3.3,-1.0,13.46905555555555,19.57972222222222,0.0,3.3,-1.0,-3.8,3.96,3.96,4.51,4.234999999999999,1.225,-0.461196564916941,-0.05749897540402763,-0.3421462630798485,-0.4617451157853764,-0.09871695149149771,-0.4693630774220771,-0.4601636008306237,-0.4765548349176865,-0.46650554779997
2023-09-24 10:35:00,2.44,150,3.8,1.7,13.46794444444444,19.30861111111111,0.0,3.8,1.7,-0.5,3.68,3.68,4.07,3.875,1.225,-4.594234339229857,-0.6757841129119886,-3.350339379131849,-4.599650529218214,-1.073695121584211,-4.647686255817946,-4.581782689866536,-4.746794594386509,-4.650767617667203
2023-09-24 18:30:00,2.04,142,4.1,3.7,13.47405555555556,19.44333333333333,0.0,4.1,3.7,4.0,2.95,2.95,4.525,3.7375,1.225,-2.757779184438246,0.1601855537659265,-2.3295484276861,-2.761295295052854,-0.1483458585020882,-2.943123872427523,-2.762179845970094,-2.851729444174898,-2.771677215539677
2023-09-25 02:25:00,0.14,293,-4.7,-11.4,13.47230555555556,19.37027777777778,0.0,-4.7,-11.4,-10.4,3.96,3.96,4.63,4.295,1.225,0.01810234360103461,-0.01470959231046119,-0.01319988457891925,0.01609490065776607,-0.01456681443013519,-0.01487671857075095,0.001779455304580458,0.01177394846038357,0.0210312539776245
2023-09-25 10:20:00,2.1,333,-3.8,-10.0,13.46930555555556,19.63055555555556,0.0,-3.8,-10.0,-7.6,3.95,3.95,4.51,4.23,1.225,-0.3823613536373231,-3.89239350374065,-2.639568342472471,-0.1308788455488751,-3.22107684088949,0.3096863646523721,-3.556660311058531,0.9049771213839415,1.365132168564194
2023-09-25 18:15:00,1.3,146,-0.5,-9.8,13.46863888888889,19.42583333333333,0.0,-0.5,-9.8,-1.7,3.01,3.01,4.515,3.7625,1.225,-1.21202249227156,-0.06338948842097096,-0.9485243907968337,-1.213505152545511,-0.1825117173193154,-1.257242637900408,-1.211148758769855,-1.252751821022154,-1.222868265401246
2023-09-26 02:10:00,1.24,34,-2.4,-11.6,13.47466666666667,19.61861111111111,0.0,-2.4,-11.6,-9.4,3.95,3.95,4.51,4.23,1.225,-1.051035966738329,-0.2334771288235964,-0.9476793781117514,-1.03726695523884,-0.0500969890325275,1.523417081310836,-1.055361176043063,-1.085607334842015,-1.087482451513546
2023-09-26 10:05:00,1.27,82,-2.3,-11.7,13.47405555555556,19.45305555555555,0.0,-2.3,-11.7,-10.5,4.95,4.95,4.34,4.645,1.225,-0.8395110925869718,1.158963854104102,-1.248136704124184,-0.8579354127108851,1.333343252518317,1.618443638393094,-0.9031913031427121,-0.8546456185883856,-0.8592422323527057
2023-09-26 18:00:00,0.32,195,-7.9,-11.9,6.523916666666667,19.9325,0.0,-7.9,-11.9,-11.8,-0.03,-0.03,1.79,0.8799999999999999,1.225,-0.04600501472495359,-0.07617107535976828,-0.06342458999111855,-0.02912923223238435,-0.05918088805148825,-0.07896015845313499,0.02246244652304214,-0.04479859391531145,-0.04153087076712257
2023-09-27 01:55:00,0.18,270,-4.7,-16.1,13.47094444444445,19.59388888888889,0.0,-4.7,-16.1,-16.2,4.97,4.97,3.865,4.4175,1.225,0.03562960100957153,-0.02488126736662746,-0.02854355511524746,0.03326028600616703,-0.02478491954389352,-0.02763094971319049,0.004512320081420582,0.03212779142168697,0.0511240924555447
2023-09-27 09:50:00,0.4,289,-4.0,-15.0,13.47194444444444,19.63638888888889,0.0,-4.0,-15.0,-15.8,6.0,6.0,3.615,4.8075,1.225,0.1553935386617372,-0.115978512766532,-0.1112742640614472,0.1366299286388142,-0.1147473224143714,-0.1149574368414205,0.04211099251276591,0.08743827884439745,0.1634999074758829
2023-09-27 17:45:00,0.56,47,0.1,0.2,6.527166666666666,19.37833333333333,0.0,0.1,0.2,0.1,0.94,0.94,1.615,1.2775,1.225,-0.1852941272572183,0.02131511119838795,-0.1962721327887799,-0.185117204277828,0.05553210295210593,0.3379904938265811,-0.1922307087500365,-0.1864360938062329,-0.1872844432758939
2023-09-28 01:40:00,0.28,144,-1.9,-12.8,13.47052777777778,19.86055555555556,0.0,-1.9,-12.8,-13.8,5.21,5.21,3.915,4.5625,1.225,-0.05408995876089533,3.852440137196303e-05,-0.0439443501963231,-0.05415746930313139,-0.005630744879593993,-0.05688469785268681,-0.05411114410878819,-0.055919646541504,-0.05447244122199678
2023-09-28 09:35:00,0.42,238,-9.8,-16.1,6.529611111111111,19.63472222222222,0.0,-9.8,-16.1,-17.1,2.33,2.33,1.515,1.9225,1.225,0.1367835820939393,-0.1271366957305487,-0.1134406282546515,0.1229338006471426,-0.126873597688548,-0.126821175339098,0.1709419014983813,0.01126439165404453,0.09266324360628685
2023-09-28 17:30:00,0.92,127,5.2,2.7,13.47241666666667,19.37611111111111,0.0,5.2,2.7,1.8,4.0,4.0,3.965,3.9825,1.225,-0.5046154953451121,0.248888644251813,-0.4751647713849179,-0.5030743360616501,0.1771618334819585,-0.4308015372129123,-0.5096535037342121,-0.5026254495842607,-0.512674112647891
2023-09-29 01:25:00,0.66,263,0.0,-10.0,13.47216666666667,19.72055555555556,0.0,0.0,-10.0,-11.2,4.97,4.97,4.115,4.5425,1.225,0.4265185506024979,-0.3018988003243739,-0.3977654233980687,0.4203670714813497,-0.297570208524184,-0.3058280654459771,0.2779729775383205,0.3314547181573883,0.5331998485172075
2023-09-29 09:20:00,0.44,124,-0.9,-9.9,13.47219444444445,19.67388888888889,0.0,-0.9,-9.9,-10.8,5.29,5.29,3.915,4.6025,1.225,-0.1148336612637127,0.07507334908359048,-0.1158036948304073,-0.114187547876067,0.05962707764890975,-0.08203817764071324,-0.1138124222828133,-0.1140799926685098,-0.1167648022150287
2023-09-29 17:15:00,1.39,101,0.3,3.2,6.526555555555555,19.39777777777778,0.0,0.3,3.2,1.0,-0.02,-0.02,2.465,1.2225,1.225,-1.279963979515375,1.472798485105253,-1.489780515953744,-1.286108358978734,1.711862288885339,1.640460001950001,-1.296566716498869,-1.356454315469365,-1.262301957439826
2023-09-30 01:10:00,0.36,134,-6.9,-9.4,6.5255,19.505,0.0,-6.9,-9.4,-11.1,0.2,0.2,2.46,1.33,1.225,-0.07953655993064508,0.01954340491873411,-0.06977538149777172,-0.07955585512812344,0.008630215450846527,-0.08191580323198878,-0.08096806943652873,-0.08060441123961387,-0.08033496714019826
2023-09-30 09:05:00,1.02,201,-3.8,-13.8,13.46961111111111,19.5325,0.0,-3.8,-13.8,-11.5,4.99,4.99,4.115,4.5525,1.225,-0.2831123596812539,-0.8187528037150987,-0.6434716286019888,-0.1782972810577473,-0.7117440700941075,-0.8043082463764146,0.3442595492466675,-0.4101038364279956,-0.3193627280205583
2023-09-30 17:00:00,0.95,186,3.3,0.2,13.47394444444444,19.42777777777778,0.0,3.3,0.2,0.5,3.98,3.98,4.475,4.2275,1.225,-0.6737108099216944,-0.5802495316733872,-0.5643829842057118,-0.535420875708939,-0.3580211615398574,-0.6939285621894837,-0.2775647018816926,-0.4706041703164043,-0.4934639277334111
2023-10-01 00:55:00,0.72,201,-16.8,-17.0,6.528,19.54611111111111,0.0,-16.8,-17.0,-13.4,-0.03,-0.03,2.355,1.1625,1.225,-0.1410663660695521,-0.4079598745154817,-0.3206225415871502,-0.08884016772427546,-0.3546406439223235,-0.4007625864297706,0.1715341698668516,-0.2043423960056449,-0.1591288333389633
2023-10-01 08:50:00,1.83,195,-19.6,-18.6,13.47180555555556,19.64777777777778,0.0,-19.6,-18.6,-29.9,5.88,5.88,4.51,5.195,1.225,-1.50455267394919,-2.491106584690703,-2.074244232629462,-0.9526453693655462,-1.935457773394814,-2.58232104144242,0.7346141324317953,-1.46509776526354,-1.358229815547039
2023-10-01 16:45:00,2.29,331,-11.5,-13.6,13.46908333333333,19.35722222222222,0.0,-11.5,-13.6,-18.4,5.19,5.19,4.365,4.7775,1.225,0.0289397797919072,-4.638798486092094,-3.172404200778342,0.1862181599943266,-3.929054891283633,0.2068841515923393,-4.154409707860462,1.580425779276886,2.070557942076822
2023-10-02 00:40:00,1.54,330,-26.1,-22.4,6.527027777777778,19.59833333333333,0.0,-26.1,-22.4,-31.3,1.98,1.98,1.57,1.775,1.225,0.1224443765637262,-2.100164878185593,-1.442288970256966,0.1615152559980861,-1.799211136831124,0.05707119677091946,-1.861848693380453,0.8287630531020577,1.037519679550807
2023-10-02 08:35:00,2.34,296,-15.5,-22.3,13.47266666666667,19.42444444444444,0.0,-15.5,-22.3,-27.9,7.0,7.0,3.72,5.36,1.225,4.816604565099118,-4.233221507300261,-3.616671770643266,4.362501491926581,-4.192163597029554,-4.378808846148727,-0.4077753267129843,3.723594050434618,6.263562680426213
2023-10-02 16:30:00,2.05,333,-10.8,-12.9,13.47163888888889,19.4825,0.0,-10.8,-12.9,-22.5,7.0,7.0,4.029999999999999,5.515,1.225,-0.3643704282677665,-3.709248004414984,-2.515370965814185,-0.1247207139272443,-3.069518236697977,0.2951149540706562,-3.389311781683328,0.8623959983256266,1.300899759272341
2023-10-03 00:25:00,1.54,255,-18.1,-23.0,13.46866666666667,19.575,0.0,-18.1,-23.0,-24.5,7.0,7.0,3.77,5.385,1.225,2.485436998407718,-1.61929386515247,-1.956474101285399,2.427773016135796,-1.607787247369209,-1.586359203530581,2.343601546939413,1.441807792849802,2.583162137204965
2023-10-03 08:20:00,1.69,248,-13.9,-22.9,13.47019444444444,19.79194444444444,0.0,-13.9,-22.9,-21.0,7.0,7.0,3.51,5.255,1.225,3.11948720755117,-2.01265951610816,-2.023446168328574,2.926254092288798,-2.020143314417902,-2.000378455571248,3.059218951812488,1.303943503735228,2.840163567802412
2023-10-03 16:15:00,2.89,257,-6.7,-22.8,13.47683333333333,19.50444444444445,0.0,-6.7,-22.8,-9.1,6.91,6.91,3.735,5.3225,1.225,8.350421159548988,-5.629825352058187,-7.230814483789164,8.265879535695731,-5.562343250869762,-5.481773011320927,7.798290851750474,5.258388784421455,9.041048125576793
2023-10-04 00:10:00,2.31,188,0.4,-19.2,13.47125,19.30166666666667,0.0,0.4,-19.2,-10.7,6.35,6.35,3.58,4.965,1.225,-3.563293661541953,-3.59552627650035,-3.33211249271813,-2.566931845358137,-2.339910967486525,-4.123816991080607,-0.4678210230511305,-2.64546099898178,-2.754212931655045
2023-10-04 08:05:00,1.9,199,-6.3,-29.0,13.47013888888889,19.85972222222222,0.0,-6.3,-29.0,-16.3,7.05,7.05,3.49,5.27,1.225,-1.218170056070057,-2.798452795163993,-2.223954939956156,-0.7832555844476877,-2.368301496648612,-2.767370425081343,1.043580604402128,-1.485170323093108,-1.233244259648985
2023-10-04 16:00:00,2.88,295,-34.6,-21.9,13.47458333333333,19.62777777777778,0.0,-34.6,-21.9,-30.7,7.27,7.27,3.9,5.585,1.225,7.417644350810076,-6.349922356979915,-5.514331026933527,6.67589058391172,-6.288319113722668,-6.520520503321734,-0.1607846354501654,5.421163472152981,9.292027954178499
2023-10-04 23:55:00,1.98,265,-27.8,-23.2,13.47252777777778,19.51722222222222,0.0,-27.8,-23.2,-24.5,6.96,6.96,3.565,5.2625,1.225,3.973671174489815,-2.800958959617238,-3.543854912971854,3.852215347164737,-2.769801416172932,-2.921278967951579,1.94296649270403,3.241483977304391,5.195146222502308
2023-10-05 07:50:00,2.42,258,-23.3,-31.2,13.47502777777778,19.74055555555556,0.0,-23.3,-31.2,-27.5,7.02,7.02,3.51,5.265,1.225,5.714080378536743,-3.922024537841663,-5.189603931087601,5.696358269193115,-3.865255135634755,-3.80696977098237,5.308482258638644,3.750494694681032,6.319809715266777
2023-10-05 15:45:00,3.77,240,-26.6,-31.6,13.46838888888889,19.63361111111111,0.0,-26.6,-31.6,-19.5,7.49,7.49,3.76,5.625,1.225,11.18675556621677,-10.02087783375465,-9.24365208455902,9.7782272011602,-10.02415513406678,-9.95913949094873,12.19168850448081,0.957387642795537,7.789950784963184
2023-10-05 23:40:00,2.97,239,-20.5,-33.2,13.47194444444444,19.60583333333333,0.0,-20.5,-33.2,-20.7,7.27,7.27,3.625,5.4475,1.225,6.891336029407423,-6.288352050346754,-5.704732041410276,6.107971265507676,-6.282790917564737,-6.261305015028984,8.057225074987969,0.5787285177685613,4.734141768670389
2023-10-06 07:35:00,2.94,307,-33.3,-26.2,13.47747222222222,19.63388888888889,0.0,-33.3,-26.2,-29.9,7.62,7.62,3.405,5.5125,1.225,6.613958527891386,-7.70604521006952,-5.190442414581187,5.985008184629964,-7.609246358030741,-8.19201662284766,-3.854864681379709,5.915059406520966,9.892102019009592
2023-10-06 15:30:00,2.45,326,-25.5,-23.5,13.47477777777778,19.74166666666667,0.0,-25.5,-23.5,-36.3,8.18,8.18,3.68,5.93,1.225,0.9293210100095496,-5.474415880048657,-3.513829786659503,0.8794725125098426,-4.998636795637108,-2.272175992646706,-4.501620543618703,2.343342113833381,3.112599748959334
2023-10-06 23:25:00,1.44,253,-24.4,-30.1,13.47269444444444,19.59944444444444,0.0,-24.4,-30.1,-27.8,7.98,7.98,3.35,5.665,1.225,2.273082757523865,-1.433914621992112,-1.626057097613369,2.193235556357346,-1.43054705781602,-1.413079396608869,2.162135102327176,1.215763623512992,2.272510058136183
2023-10-07 07:20:00,1.76,212,-19.3,-57.8,13.47238888888889,19.86055555555556,0.0,-19.3,-57.8,-25.5,9.56,9.56,3.725,6.6425,1.225,0.393192593892374,-2.463993267960415,-1.966396772640421,0.4596315806170616,-2.298700692278125,-2.525261812277244,1.904820493667757,-0.7941553983592372,-0.2187549926472492
2023-10-07 15:15:00,5.01,257,-44.9,-57.9,13.46975,19.54138888888889,0.0,-44.9,-57.9,-30.0,9.03,9.03,3.315,6.172499999999999,1.225,25.09505467448852,-16.91899993046009,-21.73036321698212,24.84098645058326,-16.71619973792891,-16.47406649363111,23.43576827480778,15.80274234358508,27.17055735165887
2023-10-07 23:10:00,4.79,334,-49.7,-31.6,13.46255555555556,19.38638888888889,0.0,-49.7,-31.6,-44.8,8.39,8.39,3.66,6.025,1.225,-3.047301198392248,-20.22880319653307,-13.65951078603009,-1.428766511506046,-16.54241310518784,1.964246191407331,-18.66835667602982,3.605189547758328,6.124074319353662
2023-10-08 07:05:00,4.27,313,-37.9,-30.0,13.47105555555556,19.60333333333333,0.0,-37.9,-30.0,-38.0,9.1,9.1,3.19,6.145,1.225,11.15398759083123,-17.0673381511169,-10.44570489258539,9.89003577121352,-16.86300290107163,-17.98325538808167,-10.33303733790565,10.65040126877754,17.59414680766517
2023-10-08 15:00:00,4.63,313,-72.1,-41.6,13.45980555555556,19.58305555555556,0.0,-72.1,-41.6,-64.8,10.12,10.12,3.77,6.945,1.225,13.11403652660247,-20.06651828352473,-12.28128993258691,11.62797513417653,-19.82627595664884,-21.14338626487109,-12.14882372573478,12.52195684497021,20.68590107449926
2023-10-08 22:55:00,4.49,289,-58.3,-43.9,13.46794444444444,20.00972222222222,0.0,-58.3,-43.9,-53.4,10.16,10.16,3.2,6.68,1.225,19.57968299234055,-14.61336509515351,-14.02062681815739,17.21545640219599,-14.45823434128731,-14.48470889041701,5.306011375978825,11.01727778331836,20.60109052940342
2023-10-09 06:50:00,2.66,282,-40.1,-39.9,13.47202777777778,20.16972222222222,0.0,-40.1,-39.9,-46.3,10.6,10.6,2.95,6.775,1.225,7.05417923708737,-4.979941152196199,-5.3687725388982,6.454044750406416,-4.8945832571587,-5.090950030727734,2.216153409399288,5.109917678452955,8.207707190999482
2023-10-09 14:45:00,2.47,283,-30.1,-35.2,13.46880555555556,19.91527777777778,0.0,-30.1,-35.2,-40.6,10.52,10.52,3.06,6.789999999999999,1.225,6.059976155563268,-4.312272326009607,-4.574019659269728,5.514226788018926,-4.242480538209384,-4.388753293388887,1.867274326568343,4.252868414955161,6.956667936541549
2023-10-09 22:40:00,2.79,265,-35.6,-32.9,13.47327777777778,19.74305555555556,0.0,-35.6,-32.9,-36.4,10.14,10.14,2.79,6.465,1.225,7.88987189810891,-5.561408182215217,-7.036455725962711,7.64871683600271,-5.499543720954933,-5.800308033474107,3.85783223034829,6.436086987994876,10.3151560326957
2023-10-10 06:35:00,1.62,277,-24.8,-34.3,13.473,19.79861111111111,0.0,-24.8,-34.3,-37.2,10.96,10.96,2.505,6.7325,1.225,2.710840172713583,-1.886539422777265,-2.120764073669752,2.514484370722162,-1.859743120687277,-1.993763063753282,0.7112953387325084,2.199644650228094,3.44583133594799
2023-10-10 14:30:00,2.66,291,-14.2,-20.4,13.47213888888889,19.71444444444445,0.0,-14.2,-20.4,-33.2,10.91,10.91,2.77,6.84,1.225,6.742215048625645,-5.203476855106212,-4.826275311069055,5.92559984614483,-5.152942333245088,-5.178611989445129,1.421925266581376,3.876226713410726,7.257931378718755
2023-10-10 22:25:00,0.48,210,-6.8,-24.8,13.47405555555556,19.84138888888889,0.0,-6.8,-24.8,-25.8,10.05,10.05,2.48,6.265000000000001,1.225,0.01479083510201283,-0.1894664560340639,-0.149264092582185,0.02006992093744425,-0.175330290037812,-0.193915556067467,0.1267935682492948,-0.06862078831673502,-0.03201308173669829
2023-10-11 06:20:00,0.72,187,-2.4,-26.7,13.47011111111111,20.13472222222222,0.0,-2.4,-26.7,-23.2,10.8,10.8,2.38,6.59,1.225,-0.3665775210388588,-0.3413009276933334,-0.3239487477550057,-0.2784622677095739,-0.2164851825186841,-0.3996114139427493,-0.1024415109649204,-0.2636613043571925,-0.275509280923414
2023-10-11 14:15:00,3.27,165,-3.6,-37.5,13.47280555555555,19.95833333333333,0.0,-3.6,-37.5,-17.2,10.77,10.77,2.92,6.845,1.225,-9.056000500009013,-2.766417237510634,-6.691253711332632,-9.00772790852975,-1.709188187008972,-7.753946229559475,-9.369286624254595,-8.50221400207947,-8.700308521578522
2023-10-11 22:10:00,1.84,184,3.2,-19.0,13.47269444444444,19.80638888888889,0.0,3.2,-19.0,-12.3,9.2,9.2,2.555,5.8775,1.225,-2.793853961422342,-2.072190001764373,-2.120276195236798,-2.388466588301311,-1.201525281812756,-2.589906264628072,-1.785669953182595,-1.852340880868625,-1.954851185309699
2023-10-12 06:05:00,2.28,220,-6.1,-30.1,13.47219444444445,20.0675,0.0,-6.1,-30.1,-16.4,9.58,9.58,2.915,6.2475,1.225,1.964411061682607,-3.576050399752653,-3.028975340503069,2.045463926265576,-3.464867329282783,-3.688624236627943,4.540252841344483,-0.4707416469486571,1.053604771595201
2023-10-12 14:00:00,4.98,242,-12.6,-57.7,13.47122222222222,20.12027777777778,0.0,-12.6,-57.7,-11.4,9.98,9.98,3.725,6.8525,1.225,21.41187895846451,-17.4833729699455,-16.48964027573963,19.14907426844523,-17.50390797874694,-17.37591646953618,22.59619407439997,4.083561198005708,16.36014635631222
2023-10-12 21:55:00,2.59,253,-17.6,-19.1,13.46980555555556,19.825,0.0,-17.6,-19.1,-14.1,7.72,7.72,3.125,5.422499999999999,1.225,7.353427105394406,-4.638716568183489,-5.260297847463465,7.095121255594481,-4.627822491577761,-4.571314573877293,6.994511226813721,3.932997667287569,7.351574421770509
2023-10-13 05:50:00,0.62,337,-3.5,-10.9,13.47513888888889,19.64277777777778,0.0,-3.5,-10.9,-14.7,7.03,7.03,2.975,5.0025,1.225,-0.1042288475918311,-0.3377865881865149,-0.2251546496859853,-0.06152448571993923,-0.2662899972396958,0.05065212498262256,-0.3210062751214366,0.004953517346264865,0.05342772561888472
2023-10-13 13:45:00,2.78,283,-10.1,-13.6,13.47380555555555,19.63916666666667,0.0,-10.1,-13.6,-15.3,7.06,7.06,3.485,5.2725,1.225,7.676559150396685,-5.462630996137066,-5.794203074087453,6.985223542186472,-5.374221277434049,-5.559514326185752,2.365395745783537,5.38738026490181,8.812455945969887
2023-10-13 21:40:00,0.91,182,0.0,-13.2,13.47102777777778,19.61583333333333,0.0,0.0,-13.2,-11.7,6.98,6.98,3.52,5.25,1.225,-0.748552387838367,-0.4812784980480892,-0.5193603056126495,-0.6771307718454304,-0.2592668320171133,-0.6302322664676119,-0.6188480930369362,-0.4743370675486807,-0.5035087807878452
2023-10-14 05:35:00,3.25,208,2.9,-16.8,13.47122222222222,19.77916666666667,0.0,2.9,-16.8,-10.7,7.19,7.19,3.345,5.2675,1.225,-0.1113324974109164,-8.60289642456091,-6.77396955224258,0.3133725480704127,-7.857429070670057,-8.728948119961027,5.297701926099488,-3.372008867455115,-1.861984069321554
2023-10-14 13:30:00,3.19,231,5.5,-17.4,13.46994444444445,19.56361111111111,0.0,5.5,-17.4,-2.7,7.08,7.08,3.46,5.27,1.225,7.475167513165554,-7.892482969880894,-6.284724060742014,7.409497377951015,-7.815971551658319,-7.965286819690689,13.82419683129769,0.5250387322386852,4.533886645624976
2023-10-14 21:25:00,1.69,219,3.6,-9.4,13.47208333333333,19.33694444444444,0.0,3.6,-9.4,-1.4,5.65,5.65,3.585,4.6175,1.225,0.9896914915933364,-2.003142883030249,-1.682790844049387,1.036314376757284,-1.930641826255183,-2.064323296047332,2.402227967972767,-0.3178351503203314,0.4812992093023157
2023-10-15 05:20:00,1.36,209,-8.2,-17.7,13.47058333333333,19.505,0.0,-8.2,-17.7,-11.6,5.24,5.24,3.57,4.405,1.225,0.04962104856868343,-1.513724153668279,-1.192224587285615,0.1079957753693681,-1.391713737819273,-1.542618806778007,0.972775743654804,-0.5706725559249479,-0.2915230233597599
2023-10-15 13:15:00,0.99,318,-4.7,-13.4,13.47477777777778,19.55805555555555,0.0,-4.7,-13.4,-14.8,6.02,6.02,3.525,4.7725,1.225,0.3880579223280237,-0.9284099128731981,-0.5463513995327506,0.3368110740459468,-0.9198039669886726,-0.9639742280602565,-0.6468615933216205,0.479869958135581,0.7183770323840547
2023-10-15 21:10:00,1.42,278,-28.0,-22.4,13.47097222222222,19.775,0.0,-28.0,-22.4,-26.7,6.01,6.01,3.505,4.7575,1.225,2.063588916571169,-1.435339078741326,-1.608449073415219,1.912235775473235,-1.412666131861309,-1.505044523204274,0.5844632432433832,1.645847051479606,2.571220536080521
2023-10-16 05:05:00,1.94,299,-15.1,-23.2,13.46908333333333,19.65277777777778,0.0,-15.1,-23.2,-26.5,7.99,7.99,3.47,5.73,1.225,3.145272484758125,-2.994784716934804,-2.437120572947019,2.906495903673003,-2.965759479264394,-3.162829125469107,-0.9022524832608323,2.857913370829838,4.571966879997897
2023-10-16 13:00:00,3.62,304,-17.9,-30.4,13.47005555555555,19.5975,0.0,-17.9,-30.4,-29.4,8.17,8.17,3.36,5.765,1.225,10.34110844585023,-11.18725427576968,-8.10914559451728,9.47640152375973,-11.05968171503249,-11.89284071232294,-4.995340881372925,9.53757720859767,15.52498352512522
2023-10-16 20:55:00,2.82,278,-40.8,-35.2,13.47038888888889,19.84527777777778,0.0,-40.8,-35.2,-32.0,8.94,8.94,3.135,6.0375,1.225,8.138506496796552,-5.660776874520194,-6.343498517867084,7.541590845503546,-5.571357938411959,-5.935685412780036,2.305041408236798,6.490990920544744,10.14053471093371
2023-10-17 04:50:00,3.45,293,-21.6,-28.1,13.47183333333333,19.77694444444445,0.0,-21.6,-28.1,-29.0,9.28,9.28,2.975,6.1275,1.225,10.99301758731196,-8.932700126288994,-8.015899295948286,9.773956891788808,-8.845995344626738,-9.034190958589958,1.080610549120862,7.149970487230378,12.77165818717732
2023-10-17 12:45:00,3.05,228,-22.2,-30.0,13.46961111111111,20.00777777777778,0.0,-22.2,-30.0,-28.3,10.02,10.02,2.995,6.5075,1.225,6.126395258086982,-7.11012994477295,-5.653118869987652,6.183988199511299,-7.007975412270691,-7.213170727934558,12.14890985213779,0.2024582460582789,3.6080167210525
2023-10-17 20:40:00,1.38,250,-30.8,-36.2,13.46941666666667,20.33166666666667,0.0,-30.8,-36.2,-31.3,9.07,9.07,2.98,6.025,1.225,2.225296757588973,-1.341833143532015,-1.376858898500613,2.111423485514883,-1.347960951762116,-1.333665229606019,2.141401438566412,1.054739493912323,2.106271584726439
2023-10-18 04:35:00,1.38,230,-25.4,-41.2,13.47091666666667,19.86416666666667,0.0,-25.4,-41.2,-32.4,10.06,10.06,2.96,6.51,1.225,1.387825824254328,-1.491959104464443,-1.169215844194022,1.395140500273711,-1.476000665190509,-1.508016959798431,2.693070279633671,0.09492213746248268,0.8267923849787433
2023-10-18 12:30:00,3.17,268,-28.2,-47.9,13.47175,19.77944444444444,0.0,-28.2,-47.9,-29.1,10.71,10.71,2.945,6.827500000000001,1.225,10.70451742444887,-7.501978034491265,-8.945182145804418,10.1390819898706,-7.452102975086298,-8.137031762067782,2.831811586200031,9.302156429291953,14.84026904357641
2023-10-18 20:25:00,1.68,243,-9.2,-19.6,13.47263888888889,19.47944444444444,0.0,-9.2,-19.6,-21.2,9.99,9.99,2.605,6.2975,1.225,2.544422123411997,-1.989559045003123,-1.897092801432652,2.297998591206588,-1.992739109776368,-1.977345481437336,2.646813040608872,0.6020330742876742,2.019325413339764
2023-10-19 04:20:00,2.16,242,-16.4,-31.2,13.46988888888889,19.80138888888889,0.0,-16.4,-31.2,-25.5,10.05,10.05,2.655,6.3525,1.225,4.028131097426333,-3.289076987813817,-3.102130033003131,3.602438706910295,-3.292940156837864,-3.268861626436187,4.250931560520013,0.768224025637306,3.077768860180091
2023-10-19 12:15:00,3.58,212,-6.9,-23.2,13.47372222222222,19.62555555555555,0.0,-6.9,-23.2,-19.4,10.02,10.02,2.66,6.34,1.225,1.626844511997102,-10.19483578237599,-8.136017431840358,1.901737535453418,-9.510933481570687,-10.44833596683564,7.8812439872945,-3.285838470923079,-0.9051044317420601
2023-10-19 20:10:00,1.42,152,3.8,-9.9,13.47380555555555,19.61833333333333,0.0,3.8,-9.9,-12.5,9.02,9.02,2.58,5.8,1.225,-1.565554099828524,-0.252258017916289,-1.163837359648829,-1.564650897290547,-0.3494641538113166,-1.55302779795334,-1.565132027394108,-1.611403684915017,-1.575411120006357
2023-10-20 04:05:00,2.37,111,2.1,-12.7,13.47322222222222,19.57972222222222,0.0,2.1,-12.7,-13.5,9.01,9.01,2.33,5.67,1.225,-3.343686652600506,3.240235761488426,-3.574075076835497,-3.273388959705347,3.425729664598237,0.3540096295882255,-2.914880267183652,-3.592118262887378,-3.429592471416947
2023-10-20 12:00:00,2.5,87,4.3,-10.0,13.47205555555556,19.76583333333333,0.0,4.3,-10.0,-11.7,9.16,9.16,2.23,5.695,1.225,-3.072823144271744,3.787009016127524,-4.787508917283268,-3.138694067603082,4.450607766821621,4.641614451245933,-3.336490679350153,-3.130361949308106,-3.19067797292908
2023-10-20 19:55:00,1.91,83,1.7,-10.8,13.47336111111111,19.74666666666667,0.0,1.7,-10.8,-13.1,8.21,8.21,2.28,5.245,1.225,-1.877781680495097,2.539192551069769,-2.817344923022895,-1.918809492137292,2.932193297156345,3.470369356430922,-2.02378888901955,-1.91188405243033,-1.927242691119925
2023-10-21 03:50:00,3.68,77,1.7,-10.7,13.47338888888889,19.75,0.0,1.7,-10.7,-13.8,9.06,9.06,2.295,5.6775,1.225,-7.246780364465407,9.40648290483084,-10.22933687483302,-7.396092313853759,11.12862119632313,15.672076474584,-8.05205798899341,-7.159529644372183,-7.2074218999224
2023-10-21 11:45:00,2.64,86,6.9,-6.1,13.46877777777778,19.60111111111111,0.0,6.9,-6.1,-7.6,9.07,9.07,2.085,5.577500000000001,1.225,-3.466825026264284,4.380037867412232,-5.349658675606481,-3.541511946028493,5.122744431227274,5.539536088571565,-3.757079638491681,-3.531235644198206,-3.589016640948753
2023-10-21 19:40:00,2.87,126,5.3,-8.8,13.47161111111111,19.85833333333333,0.0,5.3,-8.8,-10.3,8.05,8.05,2.175,5.112500000000001,1.225,-4.902409963163187,2.679427126149521,-4.725096815325917,-4.883248069337256,1.995019665353312,-3.958415165619799,-4.920612309435673,-4.878810440579498,-4.982080013792548
2023-10-22 03:35:00,3.26,131,5.6,-9.4,13.894,20.05694444444444,0.0,5.6,-9.4,-9.4,9.56,9.56,2.755,6.157500000000001,1.225,-6.406856030412798,1.997469845290962,-5.612121659691248,-6.404825967876053,1.058750654530116,-6.415615801982509,-6.573136130355136,-6.422295841279555,-6.495495923462664
2023-10-22 11:30:00,3.23,122,5.9,-5.7,13.89127777777778,19.74833333333333,0.0,5.9,-5.7,-6.4,8.1,8.1,2.47,5.285,1.225,-6.167112275639594,4.697471141768373,-6.496246196246039,-6.121746089859709,3.89957857646173,-3.828152841923546,-6.033990104856979,-6.115774739715027,-6.274336080798117
2023-10-22 19:25:00,1.39,102,5.9,-4.8,13.88916666666667,19.45666666666667,0.0,5.9,-4.8,-5.8,8.0,8.0,2.69,5.345000000000001,1.225,-1.265689181516389,1.434525805980156,-1.460591087801958,-1.268293383451905,1.656649658528993,1.480617366704681,-1.262720102398396,-1.344372538110112,-1.253385371210635
2023-10-23 03:20:00,3.43,255,-17.0,-34.4,13.88536111111111,19.59361111111111,0.0,-17.0,-34.4,-14.7,8.33,8.33,3.145,5.7375,1.225,12.32961618424986,-8.032902004609667,-9.705566771045959,12.0435599416158,-7.975820621763367,-7.86952158610935,11.62600684752382,7.152439071554494,12.81440556080397
2023-10-23 11:15:00,5.38,266,-37.0,-31.1,13.89783333333333,19.64972222222222,0.0,-37.0,-31.1,-26.6,7.52,7.52,3.225,5.3725,1.225,29.8360718299381,-20.9891481490736,-26.03133975360167,28.69537951603942,-20.78790430037251,-22.19109174605681,12.28218403667049,24.8858031068201,39.81900108522014
2023-10-23 19:10:00,2.99,292,-16.3,-15.7,13.88788888888889,19.74138888888889,0.0,-16.3,-15.7,-21.9,7.82,7.82,3.295,5.5575,1.225,8.387921013637373,-6.642050857585313,-6.059442020553101,7.4141947608166,-6.577562927412364,-6.664457785099938,1.304138560460268,5.134039113590153,9.381706057387277
2023-10-24 03:05:00,2.09,276,-15.5,-17.1,13.88355555555556,19.70333333333333,0.0,-15.5,-17.1,-21.1,7.08,7.08,3.115,5.0975,1.225,4.55362054044156,-3.170626760866028,-3.575316624871696,4.227858327241898,-3.130542334829116,-3.37655483155341,1.101671484522434,3.756882478847014,5.900610869422493
2023-10-24 11:00:00,1.29,312,-12.2,-13.7,13.88980555555556,19.7475,0.0,-12.2,-13.7,-27.3,8.05,8.05,3.47,5.760000000000001,1.225,1.089841240841193,-1.553997086939585,-0.9585151507951096,0.9688118593245983,-1.534540085115794,-1.642234150114054,-0.91204446419443,1.003509698522225,1.683017156583101
2023-10-24 18:55:00,2.0,141,2.4,-6.6,13.88680555555556,19.6925,0.0,2.4,-6.6,-10.3,6.93,6.93,2.985,4.9575,1.225,-2.596190999687457,0.2299652648865695,-2.237604492867935,-2.599538155608565,-0.0702366610171814,-2.792117926896321,-2.601995224860981,-2.684968375970566,-2.60647132447017
2023-10-25 02:50:00,2.59,138,2.3,-11.6,13.89116666666667,19.76416666666667,0.0,2.3,-11.6,-12.5,8.04,8.04,3.24,5.64,1.225,-4.213924209730612,0.6792632471046642,-3.703877796614051,-4.217963046595018,0.1512614200314759,-4.493901346827247,-4.246872013256795,-4.329898183548901,-4.235751690577262
2023-10-25 10:45:00,4.78,119,9.0,-4.9,13.88936111111111,19.6725,0.0,9.0,-4.9,-3.7,7.08,7.08,2.865,4.9725,1.225,-13.4755876922198,11.8780121887953,-14.7594038837681,-13.33496714676435,10.4757396031138,-6.138249117742572,-12.87061355435148,-13.46705985844248,-13.72929241242184
2023-10-25 18:40:00,3.54,108,11.2,-2.5,13.88833333333333,19.50944444444444,0.0,11.2,-2.5,-2.0,7.86,7.86,2.85,5.355,1.225,-7.653741625933554,7.814914422585011,-8.337457610339763,-7.532862936801311,8.596374550685967,3.382848085272436,-6.872827420758168,-8.249425439495553,-7.782459275360877
2023-10-26 02:35:00,0.98,78,1.4,-11.6,13.89691666666667,19.46694444444444,0.0,1.4,-11.6,-12.8,8.05,8.05,2.945,5.4975,1.225,-0.5129407282918175,0.6891843198290487,-0.7323680065790733,-0.5237700818373984,0.8054644635781567,1.095582178794612,-0.5633062432365967,-0.5118422704476323,-0.514148055729471
2023-10-26 10:30:00,1.22,216,-0.1,-15.5,13.88772222222222,19.44555555555555,0.0,-0.1,-15.5,-13.6,8.21,8.21,2.975,5.5925,1.225,0.3756886988672869,-1.103921005362043,-0.9060542346802404,0.4032541819367346,-1.048292473273607,-1.134756811514476,1.107614132992668,-0.2581873522429882,0.09827746243879656
2023-10-26 18:25:00,0.98,133,5.2,-2.2,13.89027777777778,19.32944444444444,0.0,5.2,-2.2,-7.6,7.06,7.06,2.935,4.9975,1.225,-0.5859293929507379,0.1567202886261815,-0.5137663136873177,-0.5859635663603885,0.07452866607237246,-0.5979475072140369,-0.598010347514591,-0.5916700206914248,-0.5925438713887499
2023-10-27 02:20:00,1.12,173,3.6,-4.5,13.89227777777778,19.59027777777778,0.0,3.6,-4.5,-9.6,7.05,7.05,2.975,5.0125,1.225,-1.158728645475464,-0.5108626899007427,-0.7777567762485433,-1.136109100844245,-0.2553194239929536,-0.9188234802837745,-1.197932401596769,-0.9133737450516598,-0.9827443809332767
2023-10-27 10:15:00,1.82,277,-17.2,-19.3,13.88691666666667,19.62638888888889,0.0,-17.2,-19.3,-18.0,8.07,8.07,3.36,5.715,1.225,3.421500909959028,-2.381105465633064,-2.676733317186285,3.173669421422074,-2.347284374700707,-2.516438337287141,0.8977650815491391,2.776292843855944,4.349173798656502
2023-10-27 18:10:00,1.51,128,4.2,-2.9,13.89083333333333,19.47,0.0,4.2,-2.9,-4.6,6.1,6.1,3.095,4.5975,1.225,-1.361685025377755,0.5992458213502388,-1.252094588486619,-1.358685934670166,0.4022534459686681,-1.22530534932581,-1.383789917008653,-1.35749584566242,-1.383049031225508
2023-10-28 02:05:00,3.62,113,6.4,-2.8,13.89002777777778,19.15833333333333,0.0,6.4,-2.8,-2.5,6.98,6.98,3.465,5.2225,1.225,-7.782879269856668,7.372796576501003,-8.370085698144841,-7.639711497261392,7.496305040852317,-0.2606915647414527,-6.945821687101319,-8.216355438698802,-7.969572206000232
2023-10-28 10:00:00,5.01,278,-94.4,-42.6,13.90961111111111,19.95388888888889,0.0,-94.4,-42.6,-45.3,5.64,5.64,2.87,4.255,1.225,25.68750652887721,-17.86706725367743,-20.02193641520995,23.80346617137262,-17.58483494164454,-18.73475899468339,7.2753847707465,20.48746557074156,32.00649304586128
2023-10-28 17:55:00,2.07,302,-35.5,-25.4,13.88691666666667,19.45527777777778,0.0,-35.5,-25.4,-33.6,7.28,7.28,3.325,5.3025,1.225,3.44976075215208,-3.549963755119853,-2.70386277865321,3.186381840906539,-3.512431375044434,-3.773879554729558,-1.448325255766944,3.242837913750104,5.191430446982198
2023-10-29 01:50:00,4.3,274,-32.3,-33.6,13.89197222222222,19.75916666666667,0.0,-32.3,-33.6,-29.4,8.22,8.22,3.29,5.755000000000001,1.225,19.62788939958913,-13.68050012386937,-15.51918817200556,18.25789063646331,-13.54905500365321,-14.78468588319711,3.967250922163688,16.71337852101754,26.37652207285189
2023-10-29 09:45:00,1.5,319,-5.7,-19.1,13.88694444444444,19.71027777777778,0.0,-5.7,-19.1,-23.8,9.05,9.05,3.0,6.025,1.225,0.7937423171799344,-2.136369901102364,-1.247293386554243,0.6837615913159573,-2.117705189968437,-2.211737779550277,-1.52696168232425,1.059096878295493,1.544764939376024
2023-10-29 17:40:00,1.5,319,1.5,-11.3,13.88816666666667,19.4775,0.0,1.5,-11.3,-12.8,8.06,8.06,2.9,5.48,1.225,0.7937423171799344,-2.136369901102364,-1.247293386554243,0.6837615913159573,-2.117705189968437,-2.211737779550277,-1.52696168232425,1.059096878295493,1.544764939376024
2023-10-30 01:35:00,1.5,319,1.2,-9.8,13.88313888888889,19.56,0.0,1.2,-9.8,-12.3,8.21,8.21,2.865,5.537500000000001,1.225,0.7937423171799344,-2.136369901102364,-1.247293386554243,0.6837615913159573,-2.117705189968437,-2.211737779550277,-1.52696168232425,1.059096878295493,1.544764939376024
2023-10-30 09:30:00,1.5,319,0.3,-22.6,13.89361111111111,19.75361111111111,0.0,0.3,-22.6,-8.9,8.06,8.06,2.885,5.4725,1.225,0.7937423171799344,-2.136369901102364,-1.247293386554243,0.6837615913159573,-2.117705189968437,-2.211737779550277,-1.52696168232425,1.059096878295493,1.544764939376024
2023-10-30 17:25:00,1.72,200,2.6,-10.6,13.88738888888889,19.60166666666667,0.0,2.6,-10.6,-2.2,7.06,7.06,2.98,5.02,1.225,-0.9155866530724169,-2.316512433496413,-1.820073680652048,-0.5919583641295801,-1.998589734908763,-2.264527788393959,0.9067811586176125,-1.197809076663127,-0.9633435202820071
2023-10-31 01:20:00,1.51,213,-4.5,-16.7,13.88833333333333,19.68361111111111,0.0,-4.5,-16.7,-8.2,7.13,7.13,3.275,5.2025,1.225,0.3609483173885522,-1.783061078158557,-1.432577024469428,0.4081839071429585,-1.670504390430754,-1.828694713192992,1.475776027224101,-0.5373051744399021,-0.08312872399483956
2023-10-31 09:15:00,1.16,151,5.1,1.5,13.89383333333333,19.60388888888889,0.0,5.1,1.5,-9.8,6.28,6.28,3.095,4.6875,1.225,-1.041550790219648,-0.1605379164063595,-0.7669432373402213,-1.041861492857327,-0.2379389314818035,-1.043411669215033,-1.040002833133004,-1.074089559967889,-1.051228393237591
2023-10-31 17:10:00,3.54,155,15.0,11.5,13.89025,19.48666666666667,0.0,15.0,11.5,-1.0,6.25,6.25,3.925,5.0875,1.225,-9.818711792699698,-1.785692609041875,-7.504570493551896,-9.787578021868251,-2.039662630515271,-9.45532481770588,-9.851467811848234,-10.04940016594171,-9.793367802225964
2023-11-01 01:05:00,2.92,181,10.1,13.4,13.88555555555556,19.4325,0.0,10.1,13.4,-8.2,6.2,6.2,3.775,4.987500000000001,1.225,-8.042961770992783,-4.823777542285915,-5.351381578190376,-7.45035986324699,-2.491270317427097,-6.472379393149807,-7.309263225107746,-4.993407959787379,-5.3148682569714
2023-11-01 09:00:00,2.43,246,-6.7,-17.4,13.892,28.05583333333333,0.0,-6.7,-17.4,-13.2,6.59,6.59,4.140000000000001,5.365,1.225,5.998997841125369,-4.16165429947795,-4.097653436808123,5.553073132794918,-4.173599091040374,-4.136198797469959,6.009923261041911,2.121336903170384,5.213068344873871
2023-11-01 16:55:00,3.64,270,-26.5,-26.0,13.89191666666667,36.90972222222222,0.0,-26.5,-26.0,-29.8,7.58,7.58,4.595000000000001,6.0875,1.225,14.57030745482775,-10.17490247224899,-11.67255209428959,13.60140387244786,-10.13550216014727,-11.29935281851509,1.845260375024388,13.13828349446864,20.90659800614152
2023-11-02 00:50:00,2.32,286,-26.5,-29.8,13.88966666666667,36.99305555555556,0.0,-26.5,-29.8,-32.1,9.03,9.03,4.55,6.789999999999999,1.225,5.286867188613431,-3.852967649585311,-3.889302925481268,4.730524901895768,-3.801472806267132,-3.869530073210592,1.53199006665577,3.346716944218942,5.818760726984626
2023-11-02 08:45:00,2.6,296,-18.8,-30.4,13.88852777777778,36.89777777777778,0.0,-18.8,-30.4,-36.1,10.03,10.03,4.495,7.262499999999999,1.225,5.946425389011256,-5.226199391728716,-4.465026877337365,5.38580431102047,-5.175510613616733,-5.405936847097194,-0.5034263292752893,4.59702969189459,7.732793432624954
2023-11-02 16:40:00,0.76,178,-3.2,-12.9,13.88580555555556,37.00888888888889,0.0,-3.2,-12.9,-15.8,8.04,8.04,4.41,6.225,1.225,-0.5578605100401289,-0.2942504023255095,-0.3614489286469266,-0.5331188886474493,-0.1455120986654668,-0.4332542415403633,-0.5566349880524357,-0.3670789777402091,-0.3927809308551009
2023-11-03 00:35:00,1.32,153,-1.7,-8.1,13.88597222222222,36.92944444444444,0.0,-1.7,-8.1,-27.7,9.04,9.04,4.484999999999999,6.762499999999999,1.225,-1.356944635490131,-0.2280810352358388,-1.018272066805974,-1.354981370280577,-0.2958498809550917,-1.332886695170358,-1.358219627437693,-1.394049165126038,-1.361448416224831
2023-11-03 08:30:00,2.34,145,-5.5,-21.5,13.89102777777778,36.93777777777778,0.0,-5.5,-21.5,-23.5,10.1,10.1,4.48,7.29,1.225,-3.852347471862315,-0.1013456637665117,-3.071186579002776,-3.857106911640476,-0.4922997643449493,-4.023198963463534,-3.851671835393903,-3.982223362062643,-3.883274263133474
2023-11-03 16:25:00,3.4,123,-0.2,-13.2,13.89066666666667,36.95972222222223,0.0,-0.2,-13.2,-13.4,9.25,9.25,4.475,6.8625,1.225,-6.84508436494704,4.843819843583446,-7.056390740222835,-6.800660788538091,3.940619922867783,-4.57014060376421,-6.740843000202245,-6.794141460589631,-6.962143066412423
2023-11-04 00:20:00,3.88,113,-1.9,-16.2,13.88780555555556,36.94416666666667,0.0,-1.9,-16.2,-17.4,10.08,10.08,4.484999999999999,7.2825,1.225,-8.941010475880638,8.469905434913212,-9.615596145886245,-8.776538625528213,8.611792574021482,-0.2994837682185927,-7.979394554981388,-9.438990058022286,-9.155484250939372
2023-11-04 08:15:00,3.31,173,0.1,2.5,13.88944444444444,36.92805555555555,0.0,0.1,2.5,-23.2,9.25,9.25,4.395,6.8225,1.225,-10.12049339341018,-4.461944130119202,-6.793033335663796,-9.922931217920627,-2.229994532213966,-8.025129091467683,-10.4629043248839,-7.977530363648349,-8.583422920872986
2023-11-04 16:10:00,2.13,70,0.2,-10.3,13.89102777777778,36.95611111111111,0.0,0.2,-10.3,-11.1,8.06,8.06,4.165,6.112500000000001,1.225,-2.460397102045084,2.420664908746777,-3.198019985234662,-2.502467687731851,3.191068220048222,5.77450441169695,-2.953158392281988,-2.262878636920764,-2.31498821673437
2023-11-05 00:05:00,5.5,179,-4.6,-8.9,13.89630555555556,36.91611111111111,0.0,-4.6,-8.9,-18.8,8.22,8.22,4.495,6.3575,1.225,-29.47087201346736,-16.0286349213857,-18.9645746981329,-28.02504821608903,-7.913479798463301,-22.79690213712381,-29.20477192365855,-18.66431847525316,-19.94501394363677
2023-11-05 08:00:00,1.88,249,-24.4,-32.4,13.88866666666667,37.0125,0.0,-24.4,-32.4,-29.6,8.15,8.15,4.385,6.2675,1.225,3.995147911177996,-2.490487242209169,-2.5296638088173,3.769916302972789,-2.500804149621436,-2.475308919782708,3.880005987712081,1.785561792016524,3.711867410037348
2023-11-05 15:55:00,3.06,147,-2.1,-13.5,13.88855555555556,36.91722222222222,0.0,-2.1,-13.5,-14.1,8.97,8.97,4.915,6.942500000000001,1.225,-6.842901434074477,-0.5291234670248453,-5.25886198698961,-6.851192140893078,-1.180584090902592,-7.05182800241356,-6.834374811210915,-7.072135139813632,-6.910198792524548
2023-11-05 23:50:00,2.26,139,-2.1,-14.1,13.88863888888889,36.83777777777778,0.0,-2.1,-14.1,-15.5,9.17,9.17,4.8,6.984999999999999,1.225,-3.226999940808452,0.453941651153713,-2.837731477753493,-3.230653835111022,0.05893427761936191,-3.470029140029424,-3.244254211987219,-3.326858171560095,-3.239908054291248
2023-11-06 07:45:00,2.11,242,-20.5,-36.5,13.89063888888889,37.02333333333333,0.0,-20.5,-36.5,-27.5,8.66,8.66,4.38,6.52,1.225,3.843801967346486,-3.13856731341004,-2.9601751371599,3.437589456240422,-3.142253702044291,-3.119277016258689,4.056406978864699,0.7330697411993843,2.93692874280002
2023-11-06 15:40:00,4.49,270,-30.2,-35.3,13.8935,36.85361111111111,0.0,-30.2,-35.3,-25.6,8.08,8.08,4.425,6.2525,1.225,22.16963948497109,-15.48175426660328,-17.76052239132408,20.69539172570765,-15.42180421286567,-17.19267621336085,2.807679755353305,19.99072493334419,31.81070420719218
2023-11-06 23:35:00,3.01,268,-32.8,-36.5,13.88847222222222,36.91944444444444,0.0,-32.8,-36.5,-30.2,8.96,8.96,4.48,6.720000000000001,1.225,9.651205437137316,-6.763792175292252,-8.064986691001264,9.14140818760527,-6.718824763365081,-7.336357359264229,2.55316464012289,8.386835122752542,13.38000393691913
2023-11-07 07:30:00,2.33,268,-36.2,-37.7,13.89008333333333,36.99972222222222,0.0,-36.2,-37.7,-36.0,9.58,9.58,4.455,7.0175,1.225,5.783096124510191,-4.05293002731141,-4.832618431008131,5.477620656470707,-4.025985116922848,-4.396016651881278,1.529881073582317,5.025473140242522,8.017428436015082
2023-11-07 15:25:00,1.6,269,-7.2,-18.9,13.88858333333333,36.95611111111111,0.0,-7.2,-18.9,-16.6,8.59,8.59,4.385,6.4875,1.225,2.77109983887325,-1.938544049309571,-2.267058213815129,2.605473730324606,-1.928384773853103,-2.128064793928558,0.5389725178556103,2.454128031069598,3.910028050490971
2023-11-07 23:20:00,1.79,245,-26.9,-30.6,13.88644444444444,37.01361111111111,0.0,-26.9,-30.6,-29.1,8.18,8.18,4.46,6.32,1.225,3.132948911787192,-2.258332006027829,-2.200189584536477,2.87838807248869,-2.263856350246544,-2.244501838103544,3.175647196894526,0.9951997654769261,2.64993951930331
2023-11-08 07:15:00,0.34,284,-11.6,-27.6,13.88802777777778,36.92638888888889,0.0,-11.6,-27.6,-30.4,9.3,9.3,4.475,6.8875,1.225,0.1143991169562694,-0.08205661240832716,-0.08562313810074264,0.1035222721259555,-0.08080634284127919,-0.08314129385750284,0.03455516440692552,0.07768190362683847,0.1295340400694689
2023-11-08 15:10:00,1.72,21,-7.8,-25.4,13.88752777777778,36.96416666666666,0.0,-7.8,-25.4,-23.8,10.05,10.05,4.465,7.2575,1.225,-2.446647179784287,-1.057615681217735,-2.15944476579945,-2.427639938581974,-0.6313534134407548,3.165417247113432,-2.324297217932195,-2.669104234767968,-2.494978527705143
2023-11-08 23:05:00,1.18,337,-18.1,-31.9,13.88769444444444,37.03083333333333,0.0,-18.1,-31.9,-34.4,9.48,9.48,4.075,6.7775,1.225,-0.3775448683321168,-1.223553708092881,-0.8155705885087564,-0.2228582047774282,-0.9645738609691792,0.1834755952804465,-1.162770909154756,0.01794296970067429,0.193529565951444
2023-11-09 07:00:00,1.14,299,-22.4,-33.8,13.88988888888889,36.92027777777778,0.0,-22.4,-33.8,-36.8,11.01,11.01,4.04,7.525,1.225,1.086086757676602,-1.034122175079304,-0.8415564609953091,1.00363536943709,-1.024099537477948,-1.092149200621652,-0.311554715497337,0.98685944753174,1.578735295261257
2023-11-09 14:55:00,1.9,290,-20.0,-29.3,13.88425,36.96916666666667,0.0,-20.0,-29.3,-32.8,11.04,11.04,4.25,7.645,1.225,3.49278038415904,-2.627619321745445,-2.477976428626865,3.052688877801257,-2.602093620014405,-2.59319912354446,0.9243348047935157,1.88221549643717,3.617732512814747
2023-11-09 22:50:00,1.49,179,-9.4,-26.6,13.8895,36.96277777777778,0.0,-9.4,-26.6,-24.5,10.9,10.9,3.83,7.365,1.225,-2.162918444862773,-1.176369335172508,-1.391843050820656,-2.056806927092206,-0.5807840165477148,-1.673104212714994,-2.143388897445102,-1.369806725517671,-1.463799188636958
2023-11-10 06:45:00,1.24,156,-5.5,-16.4,13.889,36.97916666666666,0.0,-5.5,-16.4,-32.0,11.05,11.05,3.94,7.495,1.225,-1.208376455029958,-0.2280145790609086,-0.9318989787792544,-1.203512638783909,-0.2448552502185238,-1.152111367322056,-1.213842527920161,-1.234462246073994,-1.201724771095996
2023-11-10 14:40:00,6.12,199,-0.3,-14.2,13.88833333333333,37.08277777777778,0.0,-0.3,-14.2,-20.4,11.01,11.01,4.045,7.5275,1.225,-12.63873366982558,-29.03445162636849,-23.07393293714512,-8.126417718043623,-24.57155445320659,-28.71196644021237,10.82733667299697,-15.40890951503006,-12.79513124614874
2023-11-10 22:35:00,3.18,166,1.5,-12.8,13.89102777777778,36.93583333333333,0.0,1.5,-12.8,-21.4,11.19,11.19,4.28,7.734999999999999,1.225,-8.668640236710816,-2.792660913209925,-6.309398452500876,-8.62574719649123,-1.646056862414862,-7.326451116696612,-9.009371310399843,-8.017537448795002,-8.292367091456367
2023-11-11 06:30:00,3.52,160,-1.1,-17.1,13.88947222222222,36.86916666666666,0.0,-1.1,-17.1,-15.5,10.86,10.86,4.234999999999999,7.547499999999999,1.225,-9.854817374788437,-2.124729053494564,-7.867429675401928,-9.781979470375624,-1.798829009965074,-9.024990318692536,-9.945505141933687,-9.993493101667395,-9.687045668407809
2023-11-11 14:25:00,5.38,119,1.4,-14.8,13.89080555555556,37.01277777777778,0.0,1.4,-14.8,-16.0,10.78,10.78,3.98,7.379999999999999,1.225,-17.07090213751014,15.04709021189084,-18.69724312307808,-16.89276374200408,13.27068842318793,-7.775946576722574,-16.30451965838181,-17.06009906018375,-17.39229579760957
2023-11-11 22:20:00,1.3,73,-5.2,-19.8,13.89052777777778,36.97972222222222,0.0,-5.2,-19.8,-21.1,10.07,10.07,3.83,6.95,1.225,-0.9112928046271289,1.01834247758068,-1.227817072320879,-0.9282334782764446,1.274433594969851,2.067334778739314,-1.059249376401621,-0.8645830559282606,-0.8782363961649099
2023-11-12 06:15:00,2.65,322,-19.8,-27.6,13.88997222222222,36.95888888888889,0.0,-19.8,-27.6,-37.3,11.05,11.05,4.44,7.745,1.225,1.811911831936323,-6.590599356390999,-3.951129466531524,1.579581363020959,-6.368492116356548,-5.485562508894557,-5.020069581424979,3.029054076150435,4.210862702925086
2023-11-12 14:10:00,3.21,287,-40.7,-39.0,13.88680555555556,36.92583333333334,0.0,-40.7,-39.0,-44.7,11.4,11.4,4.1,7.75,1.225,10.08328793182671,-7.407126373741584,-7.352514506767641,8.97044844080992,-7.314975199032115,-7.406345202283668,2.859225613476025,6.148343742591726,10.93614653414938
2023-11-12 22:05:00,4.15,276,-49.2,-42.9,13.88627777777778,36.91472222222222,0.0,-49.2,-42.9,-38.8,10.32,10.32,3.6,6.96,1.225,17.95396848921838,-12.50111476134136,-14.09672181769026,16.66955656713986,-12.34307029637473,-13.31304585207038,4.343659060504024,14.81259780956084,23.26486818035964
2023-11-13 06:00:00,3.09,269,-37.9,-41.3,13.88980555555556,36.89972222222222,0.0,-37.9,-41.3,-37.1,11.45,11.45,3.85,7.649999999999999,1.225,10.33544467638503,-7.230239233286217,-8.45550723880009,9.717704579887645,-7.192347913760474,-7.93709978863643,2.010220116303575,9.153226505256104,14.58333548003626
2023-11-13 13:55:00,4.36,282,-35.1,-40.6,13.88827777777778,36.91972222222222,0.0,-35.1,-40.6,-35.0,11.25,11.25,3.885,7.5675,1.225,18.95205009120585,-13.3793161465867,-14.42396665377342,17.33970392437756,-13.14999009063317,-13.6775571971454,5.954009532946565,13.7285164650799,22.0511660662027
2023-11-13 21:50:00,1.54,236,-23.6,-44.0,13.88969444444444,36.95972222222223,0.0,-23.6,-44.0,-35.3,11.05,11.05,3.78,7.415000000000001,1.225,1.811308560741273,-1.746455776172011,-1.507873569737572,1.673933887995782,-1.738834503636493,-1.748273597536541,2.562102195283433,0.1431348818087728,1.191761012944939
2023-11-14 05:45:00,1.26,220,-16.5,-39.5,13.88805555555555,36.81305555555556,0.0,-16.5,-39.5,-32.7,12.41,12.41,4.01,8.21,1.225,0.5999344031870012,-1.092131735658532,-0.9250541032976826,0.6246880827445424,-1.058176241145227,-1.126511972543576,1.386600763873212,-0.143765281374209,0.3217726483888391
2023-11-14 12:05:00,2.15,183,-4.7,-18.8,13.88836111111111,37.03027777777778,0.0,-4.7,-18.8,-27.0,12.03,12.03,3.63,7.83,1.225,-3.996512718648751,-2.757885043993704,-2.896999458475079,-3.520426922214128,-1.543867030750732,-3.52704886628052,-2.94624673917388,-2.588426761187332,-2.739826603196758
2023-11-14 16:05:00,1.07,167,-4.6,-21.0,13.88847222222222,36.86944444444445,0.0,-4.6,-21.0,-27.3,12.09,12.09,3.68,7.885,1.225,-0.9932469862781772,-0.3361526260731195,-0.7122282896558604,-0.9887031031227331,-0.1897201060604238,-0.8287408788111849,-1.036856509969938,-0.9051091100398955,-0.9461299373721117
2023-11-14 20:00:00,2.06,267,-19.5,-27.8,13.88961111111111,36.98222222222222,0.0,-19.5,-27.8,-31.7,12.03,12.03,3.465,7.7475,1.225,4.447396923808571,-3.122655632219877,-3.797007769815916,4.244386989493995,-3.097372244491341,-3.344855384669859,1.498288457693879,3.788407212127225,6.052459729903322
2023-11-15 00:00:00,0.3,336,-8.4,-23.4,13.88477777777778,36.95194444444444,0.0,-8.4,-23.4,-25.3,11.05,11.05,3.415,7.2325,1.225,-0.02025323533598761,-0.07917391302301888,-0.05300396703837417,-0.01147134647029805,-0.06319414567519878,0.01047446128730261,-0.07451439353441762,0.005487059609875331,0.0163467797088216
2023-11-15 03:55:00,1.56,256,-15.7,-31.5,13.88777777777778,36.95944444444444,0.0,-15.7,-31.5,-26.3,11.27,11.27,3.615,7.4425,1.225,2.4917619150394,-1.651010773963625,-2.057253052822701,2.449859485583984,-1.635275731769699,-1.612543506638451,2.338551498247412,1.505833938720448,2.642517883208038
2023-11-15 07:55:00,2.66,247,-18.0,-31.3,13.89188888888889,36.93694444444444,0.0,-18.0,-31.3,-26.5,11.21,11.21,3.56,7.385000000000001,1.225,7.458229820297814,-4.98641536564877,-4.961431791691663,6.951708751818816,-5.002841890229274,-4.955951892440581,7.390122351343109,2.886127097756876,6.64136304753411
2023-11-15 13:15:00,2.9,265,-14.7,-23.0,13.88672222222222,36.93944444444445,0.0,-14.7,-23.0,-22.5,10.01,10.01,3.315,6.6625,1.225,8.524276751724145,-6.008587095801695,-7.602239520991044,8.263731014604486,-5.941748268037536,-6.26669628621385,4.168030865126234,6.953596635325457,11.14457191389766
2023-11-15 21:10:00,1.56,255,-15.1,-23.2,13.88933333333333,36.89833333333333,0.0,-15.1,-23.2,-24.9,10.21,10.21,3.565,6.8875,1.225,2.550413003594629,-1.661626560227294,-2.007621594235178,2.491241529797636,-1.649819128519863,-1.627830898006419,2.404869592103119,1.479500524826817,2.650692940252152
2023-11-16 05:05:00,3.0,247,-16.9,-29.0,13.88522222222222,36.97666666666667,0.0,-16.9,-29.0,-25.5,10.03,10.03,3.76,6.895,1.225,9.486696305992469,-6.342605332528539,-6.310826802705772,8.842413189887688,-6.363499492914166,-6.303856497253268,9.400065176393234,3.671087099300678,8.447660612217618
2023-11-16 13:00:00,2.29,317,-29.9,-37.8,13.89030555555556,36.90694444444444,0.0,-29.9,-37.8,-49.3,11.99,11.99,4.29,8.14,1.225,2.302683139788623,-4.955795406046631,-2.939509332480028,2.010616078225059,-4.907203912537699,-5.1607138304775,-3.363258284226642,2.666712953050435,4.087061686436289
2023-11-16 20:55:00,2.5,326,-31.4,-38.6,13.89191666666667,36.87666666666667,0.0,-31.4,-38.6,-53.5,12.26,12.26,4.0,8.129999999999999,1.225,0.9676395356201057,-5.700141482766197,-3.658714896563414,0.9157356440127473,-5.204744685169833,-2.365864215583826,-4.687235051664621,2.439964716611183,3.24094101307719
2023-11-17 04:50:00,1.14,326,-18.3,-34.6,13.88786111111111,36.94,0.0,-18.3,-34.6,-40.4,11.96,11.96,3.68,7.82,1.225,0.2012070944787022,-1.185264619360472,-0.7607785407318098,0.1904144068734346,-1.082253790855474,-0.4919483415316383,-0.9746449077029345,0.5073565033132629,0.6739083104952184
2023-11-17 12:45:00,1.3,9,-14.9,-33.3,13.88819444444444,36.99611111111111,0.0,-14.9,-33.3,-36.9,12.3,12.3,3.67,7.985,1.225,-1.490341356666395,-0.7110250798177657,-1.268334486510347,-1.496250318535032,-0.3893164836765221,1.806318403522894,-1.503079068595509,-1.570610397605326,-1.57204742974473
2023-11-17 20:40:00,1.14,87,-8.3,-27.0,13.88686111111111,36.96722222222222,0.0,-8.3,-27.0,-29.8,12.15,12.15,3.49,7.82,1.225,-0.6389505533272891,0.7874555067774925,-0.9954954542242134,-0.6526474896411143,0.9254415766018204,0.965158742534274,-0.6937765259013532,-0.6509149422913302,-0.6634568149789811
2023-11-18 04:35:00,1.71,75,-9.4,-28.5,13.88733333333333,36.91333333333333,0.0,-9.4,-28.5,-30.3,12.05,12.05,3.205,7.6275,1.225,-1.57074521628549,1.896519331074227,-2.166575719292137,-1.601520759636414,2.303992093277845,3.480461075928711,-1.78568367592302,-1.5209160876298,-1.537898334815309
2023-11-18 12:30:00,3.58,67,-5.0,-24.3,13.88941666666667,36.98888888888889,0.0,-5.0,-24.3,-27.5,12.5,12.5,3.39,7.945,1.225,-6.997735618885934,6.427376434023768,-8.97978552173813,-7.097252087967939,8.415784797660999,14.88636697734376,-8.269460845342872,-6.418684651102711,-6.550078286782758
2023-11-18 20:25:00,2.58,40,-6.1,-32.4,13.88625,37.03583333333334,0.0,-6.1,-32.4,-28.0,13.03,13.03,3.44,8.235,1.225,-3.821379759643568,0.09462974083699742,-4.073642941535063,-3.82079392224563,0.886930967651963,7.285045230291297,-4.296281337395783,-3.843320016803371,-3.889570887232544
2023-11-19 04:20:00,1.67,43,-10.0,-37.4,13.88988888888889,36.95111111111111,0.0,-10.0,-37.4,-34.6,13.99,13.99,3.5,8.745000000000001,1.225,-1.621127163337927,0.1038955813570585,-1.723364470489751,-1.620312586374613,0.4239994943870386,3.032369508007724,-1.761264621742842,-1.630732486840002,-1.645039110371345
2023-11-19 12:15:00,3.29,87,-9.5,-31.0,13.88638888888889,36.9475,0.0,-9.5,-31.0,-34.7,14.02,14.02,3.15,8.585,1.225,-5.321687199345884,6.558554286634547,-8.29127604345053,-5.435766153142802,7.707811764616624,8.038607837076974,-5.778321401976637,-5.421336124080939,-5.525794791485064
2023-11-27 17:05:00,4.87,271,-65.5,-58.2,13.88094444444445,36.91111111111111,0.0,-65.5,-58.2,-59.0,14.25,14.25,3.11,8.68,1.225,25.85484768249665,-18.04682650835802,-20.64704670579642,24.11476803847937,-17.95178056305029,-19.91048992072066,3.749460397519995,22.9977441243894,36.52545678761808
2023-11-28 01:00:00,5.12,269,-34.7,-55.8,13.88641666666667,36.96666666666667,0.0,-34.7,-55.8,-48.6,14.31,14.31,2.98,8.645,1.225,28.37606235006208,-19.85069106493001,-23.21467610946693,26.68005099852397,-19.74666008425578,-21.79138348982844,5.51907858284145,25.13027103815269,40.03868723702755
2023-11-28 08:55:00,3.24,238,-23.8,-56.3,13.89052777777778,36.96694444444444,0.0,-23.8,-56.3,-45.7,15.02,15.02,2.985,9.0025,1.225,8.140018885427086,-7.565930709189388,-6.750874938582935,7.315815565042204,-7.550273691016453,-7.547154026302241,10.17278744427102,0.6703462461876296,5.514408537876173
2023-11-28 16:50:00,2.55,102,-0.3,-23.0,13.89019444444444,36.95472222222222,0.0,-0.3,-23.0,-23.8,14.02,14.02,2.99,8.504999999999999,1.225,-4.259688371621717,4.82790955612337,-4.915632497506459,-4.268452836755867,5.575469388015516,4.983031120023389,-4.249695909034506,-4.524497918876353,-4.218279786914318
2023-11-29 00:45:00,3.45,110,4.6,-19.8,13.88630555555556,36.93166666666666,0.0,4.6,-19.8,-18.7,13.76,13.76,2.865,8.3125,1.225,-7.093638640616618,6.951047512751428,-7.559271297525856,-6.935210406744797,7.484563893230161,1.243637740874231,-6.11078692829042,-7.68643822509575,-7.281911930071394
2023-11-29 08:40:00,4.02,113,0.0,-20.9,13.88841666666667,36.97944444444445,0.0,0.0,-20.9,-22.3,13.76,13.76,2.965,8.3625,1.225,-9.59787873939987,9.092163074607518,-10.3220241229129,-9.421323653150314,9.244474221039479,-0.3214859102933191,-8.565615884148235,-10.13244333441806,-9.828109236427926
2023-11-29 16:35:00,5.42,284,-44.3,-51.1,13.88888888888889,36.86138888888889,0.0,-44.3,-51.1,-45.4,12.98,12.98,2.98,7.98,1.225,29.07123027122968,-20.85231720373686,-21.75864666178767,26.30719441938511,-20.5345973169771,-21.12795765463274,8.781196640861648,19.74061136421675,32.91733369114831
2023-11-30 00:30:00,4.66,271,-54.4,-56.2,13.89186111111111,37.02527777777778,0.0,-54.4,-56.2,-54.7,14.11,14.11,3.035,8.5725,1.225,23.67314152920594,-16.52398356129593,-18.90478972565524,22.07989479301268,-16.43695786527644,-18.23038571324253,3.433070182375657,21.05712855843682,33.44333405365791
2023-11-30 08:25:00,3.22,236,-36.8,-65.7,13.88622222222222,37.02916666666667,0.0,-36.8,-65.7,-52.6,14.94,14.94,3.005,8.9725,1.225,7.918861393653996,-7.635331451198295,-6.592273705712196,7.318272948345197,-7.602012003501691,-7.643278785924218,11.20125670499947,0.6257715080730646,5.210260957420436
2023-11-30 16:20:00,1.89,204,-12.3,-46.6,13.89238888888889,36.92027777777778,0.0,-12.3,-46.6,-33.9,14.16,14.16,2.935,8.5475,1.225,-0.5715850455383997,-2.853222397512784,-2.24425196637781,-0.3043887962637077,-2.535231917862022,-2.8431526653073,1.443250291239198,-1.293327971272183,-0.896440684157315
2023-12-01 00:15:00,1.45,162,-2.2,-22.2,13.88691666666667,36.88305555555556,0.0,-2.2,-22.2,-31.0,14.18,14.18,2.99,8.585,1.225,-1.715602834380295,-0.4339039875585116,-1.327273449122328,-1.704390356391983,-0.317571823780325,-1.528708922286435,-1.749476053965195,-1.686166298759024,-1.670546257326126
2023-12-01 08:10:00,0.46,60,-9.1,-30.8,13.89358333333333,36.90611111111111,0.0,-9.1,-30.8,-32.7,14.01,14.01,2.955,8.4825,1.225,-0.1173554367462245,0.0902903876512751,-0.1461622326847044,-0.1182538121303867,0.1158797453310742,0.1908341319797835,-0.1337178126587463,-0.1069833186309462,-0.1085435059757205
2023-12-01 16:05:00,2.2,285,-17.5,-33.8,13.89,36.97388888888889,0.0,-17.5,-33.8,-35.7,13.97,13.97,2.985,8.477500000000001,1.225,4.771907559895507,-3.450140618544115,-3.541140013195245,4.29406987165323,-3.400814375705849,-3.480294307910063,1.412190160269843,3.130942165236273,5.327892460549018
2023-12-02 00:00:00,0.9,236,-8.3,-28.4,13.88558333333333,36.92333333333333,0.0,-8.3,-28.4,-30.1,14.08,14.08,3.055,8.5675,1.225,0.6186371792040947,-0.5964872569992109,-0.5150015143731799,0.571718017067205,-0.5938842755715799,-0.5971081185716808,0.8750644198766996,0.04888651301446532,0.4070359337516447
2023-12-02 07:55:00,0.85,168,-10.4,-30.5,13.89116666666667,36.93861111111111,0.0,-10.4,-30.5,-33.5,13.03,13.03,2.975,8.0025,1.225,-0.6342480677178132,-0.2247375368630868,-0.4481296397245673,-0.6315777229426529,-0.1218436233823344,-0.5225170908012479,-0.6649442831453348,-0.56952688231633,-0.6016643103342654
2023-12-02 15:50:00,3.37,91,-2.8,-22.9,13.88911111111111,36.92944444444444,0.0,-2.8,-22.9,-24.3,13.05,13.05,3.0,8.025,1.225,-5.609124008000182,6.390683764955471,-8.674202765903091,-5.717121666542865,7.614512836759858,7.049801343563942,-6.078176639968821,-5.745807808072647,-5.828951479433772
2023-12-02 23:45:00,2.01,123,-5.1,-25.0,13.88647222222222,36.84666666666666,0.0,-5.1,-25.0,-27.0,13.0,13.0,3.0,8.0,1.225,-2.392285929309907,1.692864753465526,-2.466135313977013,-2.376760350499371,1.377205756953125,-1.59721670010967,-2.355854654421893,-2.37448191305607,-2.433196730329829
2023-12-03 07:40:00,0.87,184,-8.8,-28.3,13.89025,36.97388888888889,0.0,-8.8,-28.3,-30.0,12.85,12.85,2.995,7.922499999999999,1.225,-0.6246065877246485,-0.4632681392767762,-0.474018505486393,-0.5339763588980572,-0.2686184090867424,-0.5790111211297814,-0.3992124254382992,-0.4141176786181067,-0.437035344447339
2023-12-03 15:35:00,5.16,290,-36.6,-45.3,13.88994444444445,36.95388888888889,0.0,-36.6,-45.3,-52.9,13.28,13.28,3.095,8.1875,1.225,25.76104526217865,-19.380039061791,-18.27634603824029,22.51514487113162,-19.1917739304863,-19.126172460899,6.817442874933582,13.88230385649239,26.68263124465383
2023-12-17 22:15:00,2.2,251,-21.6,-27.3,13.88625,36.79972222222222,0.0,-21.6,-27.3,-24.3,9.98,9.98,3.04,6.51,1.225,5.538906973959272,-3.389133043049279,-3.597971514564366,5.283845077332708,-3.396895440137785,-3.359083433281936,5.310440139228132,2.732974871458369,5.336794434251514
2023-12-18 06:10:00,3.21,268,-24.0,-24.3,13.89211111111111,36.97305555555555,0.0,-24.0,-24.3,-23.6,9.97,9.97,3.355,6.662500000000001,1.225,10.97636736292167,-7.69249687679263,-9.172352331955071,10.39657223495364,-7.64135519963247,-8.343678311011418,2.903727747849391,9.538392268115638,15.21714976285123
2023-12-18 14:05:00,3.1,279,-23.8,-22.2,13.88813888888889,37.04833333333333,0.0,-23.8,-22.2,-25.5,9.12,9.12,3.365,6.2425,1.225,9.743271446767512,-6.773310907216492,-7.565686157226536,9.019611272434453,-6.65531844361259,-7.045101587929328,2.966395785584594,7.633313604041035,11.89055145282191
2023-12-18 22:00:00,2.38,259,-19.4,-21.3,13.89097222222222,37.01888888888889,0.0,-19.4,-21.3,-24.2,9.04,9.04,3.53,6.285,1.225,5.390231144605691,-3.768733254809245,-5.134985821202486,5.41328513987938,-3.704683187615627,-3.646576980608439,4.980084843098219,3.688829196032776,6.09358888818275
2023-12-19 05:55:00,1.68,223,-12.0,-23.2,13.88463888888889,36.94361111111111,0.0,-12.0,-23.2,-20.1,9.04,9.04,3.69,6.365,1.225,1.363629711569819,-2.022440903121194,-1.671026391558079,1.397686486793585,-1.973089855411156,-2.072364720736715,2.92292026333219,-0.1367043391105503,0.7680303943913459
2023-12-19 13:50:00,2.62,255,-34.6,-31.2,13.889,36.93444444444444,0.0,-34.6,-31.2,-27.6,9.22,9.22,3.775,6.4975,1.225,7.193891774274726,-4.686912130187473,-5.66285242910419,7.026988148069893,-4.653607176944339,-4.591585476773201,6.783360793899016,4.173193377145464,7.476749103824322
2023-12-19 21:45:00,1.75,223,-16.5,-26.1,13.88777777777778,36.93861111111111,0.0,-16.5,-26.1,-21.0,8.92,8.92,3.795,6.3575,1.225,1.479632933561001,-2.194488827171436,-1.81317967833993,1.516586899732623,-2.140939513249952,-2.248659636216054,3.171571466289269,-0.1483337012918298,0.8333663133586654
2023-12-20 05:40:00,2.6,223,-18.7,-29.0,13.88761111111111,36.93083333333333,0.0,-18.7,-29.0,-22.9,9.38,9.38,4.05,6.715,1.225,3.266063226407304,-4.843998194833927,-4.002316612433608,3.347633450511846,-4.725796280675812,-4.963571964349557,7.000758567221373,-0.3274239414637614,1.839528580670882
2023-12-20 13:35:00,2.9,259,-9.9,-19.6,13.8875,37.01694444444445,0.0,-9.9,-19.6,-17.9,8.78,8.78,3.74,6.26,1.225,8.002938338770898,-5.595481723209123,-7.62397266370894,8.037166871404844,-5.500385849842425,-5.414114894237162,7.393989395250341,5.476847245716344,9.047221691550197
2023-12-20 21:30:00,4.2,242,-20.4,-32.0,13.88908333333333,36.96666666666667,0.0,-20.4,-32.0,-23.3,8.63,8.63,3.995,6.3125,1.225,15.22981664921993,-12.43555342614792,-11.72873237786678,13.62033153075651,-12.45015954359995,-12.35912189007509,16.07219494332412,2.904550714215122,11.63662609173028
2023-12-21 05:25:00,1.89,221,-21.0,-37.2,13.89180555555556,36.86111111111111,0.0,-21.0,-37.2,-27.9,9.91,9.91,4.435,7.1725,1.225,1.475182889349019,-2.491414859492051,-2.092545413885088,1.526681110732857,-2.41966164446942,-2.564046825376164,3.313008131903085,-0.2733200651235769,0.8066717952171076
2023-12-21 13:20:00,2.68,220,-15.8,-33.6,13.89016666666667,36.92444444444445,0.0,-15.8,-33.6,-26.1,9.67,9.67,4.36,7.015000000000001,1.225,2.714140121850792,-4.940871112492971,-4.185001632354041,2.826127289937265,-4.787254367851775,-5.096409417735562,6.273067099044441,-0.6504029711149653,1.455719242748802
2023-12-21 21:15:00,3.5,212,-4.9,-25.8,13.889,36.94722222222222,0.0,-4.9,-25.8,-22.9,9.72,9.72,4.27,6.995,1.225,1.554948758775046,-9.74429155879232,-7.776459344281109,1.817693331146373,-9.090613210358676,-9.986588713970892,7.532945198679632,-3.140626171842929,-0.8651048101526355
2023-12-22 05:10:00,5.1,184,-2.6,-7.8,13.88713888888889,37.04055555555556,0.0,-2.6,-7.8,-24.3,9.95,9.95,4.135,7.0425,1.225,-21.46388868637614,-15.91967803222215,-16.28910203157759,-18.34948486581908,-9.230763403813143,-19.89705279506621,-13.71847692647663,-14.23067884906454,-15.01821813855897
2023-12-22 13:05:00,2.76,211,-8.8,-27.3,13.88886111111111,36.88361111111111,0.0,-8.8,-27.3,-23.2,9.96,9.96,3.7,6.83,1.225,0.7279794688962634,-6.161836346343986,-4.885397814213359,0.8969425425110271,-5.724904579278528,-6.310721156140092,4.438217944323683,-2.110878587539829,-0.7981967636564757
2023-12-22 21:00:00,2.74,244,-24.0,-37.2,13.88794444444444,36.83222222222222,0.0,-24.0,-37.2,-31.0,10.04,10.04,3.98,7.01,1.225,7.054530765074577,-5.291893859193308,-5.100796074284283,6.428553106092676,-5.302595463006376,-5.259446893625801,7.240734639424001,1.966643362499169,5.790275474410206
2023-12-23 04:55:00,3.16,216,-13.3,-38.8,13.88672222222222,36.89305555555556,0.0,-13.3,-38.8,-27.6,10.85,10.85,3.765,7.3075,1.225,2.520476398420573,-7.406149953737717,-6.078671839440345,2.705411824205494,-7.03294095748517,-7.613025810977526,7.430926959427294,-1.732165832140274,0.6593385037146244
2023-12-23 12:50:00,2.55,243,-19.3,-41.5,13.89136111111111,36.985,0.0,-19.3,-41.5,-31.5,10.99,10.99,3.7,7.345000000000001,1.225,5.862069464812398,-4.583725797240932,-4.370693715035368,5.294336677763902,-4.591052317644854,-4.555587086538505,6.097966906377263,1.387018163816469,4.65230424470019
2023-12-23 20:45:00,2.88,267,-32.1,-43.0,13.89227777777778,36.98583333333333,0.0,-32.1,-43.0,-36.7,10.97,10.97,3.755,7.362500000000001,1.225,8.69273471694736,-6.103439267575773,-7.421505619276354,8.29593822359765,-6.054021195378682,-6.537743543832049,2.928504991869193,7.404695254092765,11.82993731353335
2023-12-24 04:40:00,3.1,274,-42.8,-44.4,13.88441666666667,36.92416666666666,0.0,-42.8,-44.4,-41.0,11.03,11.03,3.465,7.2475,1.225,10.20140709194438,-7.110308609539462,-8.065949071550756,9.489363386501484,-7.041991270151835,-7.684198558005639,2.061940582043972,8.686618041480724,13.70894413845899
2023-12-24 12:35:00,3.48,273,-35.4,-36.5,13.88669444444444,36.95222222222223,0.0,-35.4,-36.5,-45.4,11.58,11.58,3.625,7.6025,1.225,12.97115105408463,-9.045256688845898,-10.29069161661131,12.07677040128272,-8.971684037226952,-9.844605848715288,2.370474751861983,11.21223795435817,17.73414044229153
2023-12-24 20:30:00,3.2,283,-23.5,-31.5,13.88894444444444,36.92944444444444,0.0,-23.5,-31.5,-33.1,11.3,11.3,3.325,7.3125,1.225,10.17131174629446,-7.237894182553125,-7.677221608438427,9.255303694424395,-7.120752792418181,-7.366262965185824,3.134109574662727,7.138188229464643,11.67635589342317
2023-12-25 04:25:00,2.26,149,-4.2,-9.2,13.88961111111111,36.97388888888889,0.0,-4.2,-9.2,-31.9,11.21,11.21,3.645,7.4275,1.225,-3.871807322435514,-0.4827116482143514,-2.872363992943184,-3.876412480909578,-0.828742112817182,-3.940366295596646,-3.863135449708238,-4.000742069075566,-3.916376949281929
2023-12-25 12:20:00,4.57,265,-31.9,-30.0,13.889,36.96416666666666,0.0,-31.9,-30.0,-24.5,10.87,10.87,3.185,7.0275,1.225,21.16868817266155,-14.92137225173708,-18.87895507395313,20.52166419344985,-14.75538863295328,-15.56234545397713,10.35064302200653,17.26815343271209,27.67577526332477
2023-12-25 20:15:00,4.7,276,-45.7,-37.5,13.89136111111111,36.97277777777778,0.0,-45.7,-37.5,-31.3,9.79,9.79,3.505,6.647499999999999,1.225,23.02819938608413,-16.03423574266399,-18.08080040370316,21.38078122038726,-15.83152404394936,-17.0756384306712,5.571283416840405,18.99900047108138,29.84008930783245
2023-12-26 04:10:00,6.08,272,-64.6,-43.4,13.89263888888889,36.96277777777778,0.0,-64.6,-43.4,-46.3,10.07,10.07,3.595,6.8325,1.225,39.94625861906341,-27.86946398844332,-31.79669795598375,37.22514261296016,-27.68310375014913,-30.54185257736848,6.539931238044192,35.03514531020407,55.53153851713468
2023-12-26 12:05:00,2.28,271,-27.6,-35.3,13.88816666666667,36.91333333333333,0.0,-27.6,-35.3,-27.1,10.19,10.19,3.75,6.97,1.225,5.667007079031854,-3.955602246543533,-4.525532746497735,5.285606895135161,-3.934769555842484,-4.364090197448836,0.8218272594845001,5.040771477563502,8.005849607864175
2023-12-26 20:00:00,3.9,265,-41.3,-35.6,13.89027777777778,36.9725,0.0,-41.3,-35.6,-25.5,9.19,9.19,3.685,6.4375,1.225,15.41667650341549,-10.86689770834052,-13.74911570918832,14.94546358289349,-10.74601559534494,-11.33370398493611,7.538139055715816,12.57600532976221,20.15564076223346
2023-12-27 03:55:00,4.78,247,-29.6,-47.8,20.82894444444444,36.83416666666667,0.0,-29.6,-47.8,-27.2,14.56,14.56,6.91,10.735,1.225,24.08398131975982,-16.10204263108279,-16.02136612432695,22.44833261420332,-16.15508686821111,-16.00367053242684,23.86404990847813,9.319829608851293,21.44616985913256
2023-12-27 11:50:00,5.84,294,-74.8,-58.1,20.80513888888889,36.90027777777778,0.0,-74.8,-58.1,-52.1,14.4,14.4,7.0,10.7,1.225,31.00001960401616,-25.85301369558475,-22.8215795745703,27.72846006008892,-25.6021384564315,-26.34916014818335,1.217634964056839,21.38940992087067,37.40191394998016
2023-12-27 19:45:00,3.83,287,-37.0,-32.7,20.82566666666667,36.89305555555556,0.0,-37.0,-32.7,-45.5,14.52,14.52,7.025,10.7725,1.225,14.35455229890751,-10.54477305769334,-10.46702769269746,12.77031580957062,-10.41358679526423,-10.54366098327645,4.070388932708191,8.752772151444937,15.56868041796798
2023-12-28 03:40:00,2.24,285,-24.7,-27.4,20.83625,36.93527777777778,0.0,-24.7,-27.4,-33.3,14.28,14.28,6.635,10.4575,1.225,4.94700896126688,-3.576740819753503,-3.67107936574555,4.451637394216374,-3.525604589161502,-3.60800097507635,1.464009369456604,3.245829629811886,5.5233952913328
2023-12-28 11:35:00,4.32,243,-5.8,-28.8,20.82583333333333,36.9225,0.0,-5.8,-28.8,-26.9,15.03,15.03,6.895,10.9625,1.225,16.82434220378546,-13.15545164451045,-12.54404219722816,15.19492946022316,-13.17647901158252,-13.07469257113668,17.50137602361785,3.980790123861357,13.35227416167518
2023-12-28 19:30:00,2.48,186,0.5,-22.1,20.83605555555556,36.85666666666667,0.0,0.5,-22.1,-18.9,14.31,14.31,6.195,10.2525,1.225,-4.591236526695169,-3.954312154685874,-3.846184051034693,-3.648811694138791,-2.439859669733783,-4.729017428133187,-1.891561155072756,-3.207095722009987,-3.362881486018362
2023-12-29 03:25:00,1.92,255,-9.1,-20.9,20.8335,36.93583333333333,0.0,-9.1,-20.9,-18.0,13.64,13.64,6.19,9.915000000000001,1.225,3.863347508403698,-2.517020114900516,-3.041130935646187,3.77371498004849,-2.499134301189851,-2.465826685737534,3.6428793821207,2.241136889678492,4.015250844405626
2023-12-29 11:20:00,3.75,239,-17.2,-32.6,20.83630555555555,36.96722222222222,0.0,-17.2,-32.6,-24.2,14.06,14.06,6.955,10.5075,1.225,10.98634072640455,-10.02504854470646,-9.09462688981079,9.73748097373303,-10.01618284735731,-9.981929482688283,12.84503028228619,0.9226235170017109,7.547287535504012
2023-12-29 19:15:00,1.81,234,-12.9,-32.1,20.83330555555555,36.89472222222222,0.0,-12.9,-32.1,-23.4,13.81,13.81,7.04,10.425,1.225,2.463896088723422,-2.463884289784827,-2.059098354766494,2.341578692679164,-2.447714675168262,-2.474766366638161,3.903782708910278,0.1862474119699462,1.571627604587392
2023-12-30 03:10:00,2.93,235,-23.8,-36.9,20.83,36.94194444444445,0.0,-23.8,-36.9,-28.0,13.64,13.64,7.125,10.3825,1.225,6.506631694022789,-6.389236687064425,-5.427054226138377,6.097727866330996,-6.354256711664288,-6.406784873640526,9.752107014692571,0.5030925835225157,4.216210339867322
2023-12-30 11:05:00,3.01,250,-7.6,-26.1,20.84194444444444,36.97305555555555,0.0,-7.6,-26.1,-21.5,14.18,14.18,7.025,10.6025,1.225,10.58675233849604,-6.383712698862848,-6.550346201588641,10.04500520957435,-6.412865479447571,-6.344854204344412,10.18762401467946,5.017877173280319,10.02049526611007
2023-12-30 19:00:00,3.35,238,-32.2,-53.0,20.82827777777778,36.90388888888889,0.0,-32.2,-53.0,-31.4,13.64,13.64,7.28,10.46,1.225,8.702118764451443,-8.088387572766909,-7.21704903961353,7.821001007724254,-8.071649376755843,-8.068314287091992,10.87525787735592,0.716636254747816,5.895199837707224
2023-12-31 02:55:00,2.97,275,-19.7,-24.0,20.833,36.96083333333333,0.0,-19.7,-24.0,-29.1,13.0,13.0,7.01,10.005,1.225,9.279641839211665,-6.464599022622528,-7.311797745790798,8.623933216586488,-6.392772146488901,-6.93590686447895,2.058667373687198,7.779976114428195,12.24945404191318
2023-12-31 10:50:00,2.18,319,-14.2,-25.4,20.83219444444444,36.97694444444444,0.0,-14.2,-25.4,-31.8,14.14,14.14,7.095,10.6175,1.225,1.676524883629299,-4.512393030221724,-2.634505373449061,1.444226038475536,-4.472969842136002,-4.671583388237662,-3.225214532923452,2.237000890849556,3.262818176840276
2023-12-31 18:45:00,3.78,285,-32.1,-33.2,13.88836111111111,36.94944444444445,0.0,-32.1,-33.2,-36.4,9.07,9.07,4.45,6.76,1.225,14.08738098735763,-10.18532835000118,-10.45397210011135,12.67673304837397,-10.03970994335443,-10.27434652668226,4.168995430991656,9.243007031769,15.72873112258442
2024-01-01 02:40:00,0.6,52,-11.4,-25.1,13.89405555555556,36.90583333333333,0.0,-11.4,-25.1,-28.8,9.02,9.02,4.34,6.68,1.225,-0.2121699182246571,0.05693235447595876,-0.231696807488157,-0.2122543520047056,0.09583908915082896,0.3732764303469849,-0.2180319029137795,-0.2097320252090299,-0.2105182741729029
2024-01-01 10:35:00,2.88,115,-6.3,-21.4,13.8905,36.81444444444445,0.0,-6.3,-21.4,-23.7,9.97,9.97,4.435,7.202500000000001,1.225,-4.914734555753842,4.548377277510851,-5.317865027182788,-4.83730677654868,4.430809748128722,-0.8527694745516958,-4.488319761533816,-5.096614467183501,-5.024212332621079
2024-01-01 18:30:00,1.32,73,-3.7,-18.1,13.88705555555556,36.93083333333333,0.0,-3.7,-18.1,-20.5,9.77,9.77,3.86,6.815,1.225,-0.9395482738356862,1.049917120080815,-1.265886666752603,-0.957014208608803,1.313948577441105,2.131434389630403,-1.092092374817861,-0.8913902465381073,-0.9054669211110883
2024-01-02 02:25:00,2.16,105,-3.2,-17.5,13.88836111111111,36.92805555555555,0.0,-3.2,-17.5,-20.1,10.02,10.02,3.805,6.9125,1.225,-2.952951686067315,3.186806358471536,-3.315550536356242,-2.933593996366278,3.600468144641146,2.417412654156446,-2.803997009217156,-3.158841826232878,-2.962057405821432
2024-01-02 10:20:00,2.82,316,-33.0,-39.8,13.88680555555556,36.92972222222222,0.0,-33.0,-39.8,-55.1,10.84,10.84,4.145,7.4925,1.225,3.835144175234227,-7.497409132199379,-4.482198531911546,3.365145761019218,-7.419863768886396,-7.830340929205414,-4.951857994393606,4.194257502093231,6.566810384818395
2024-01-02 18:15:00,2.2,348,-18.2,-40.7,13.88741666666667,36.8825,0.0,-18.2,-40.7,-41.7,12.04,12.04,3.65,7.845,1.225,-3.547235872145491,-3.753183648358925,-3.462740711744081,-1.907334816864576,-2.329276748102269,3.303959655650542,-4.24668215303458,-1.298000018516217,-0.01368437060586035
2024-01-03 02:10:00,1.37,58,-16.1,-41.4,13.88661111111111,36.95888888888889,0.0,-16.1,-41.4,-42.8,13.05,13.05,3.5,8.275,1.225,-1.057253231388047,0.6748651530384329,-1.274342659904052,-1.063339750328423,0.8958102266489384,1.756059010364507,-1.173744928234702,-0.9850748649922362,-0.9964788546266012
2024-01-03 10:05:00,3.59,122,-6.6,-31.9,13.8875,36.96333333333333,0.0,-6.6,-31.9,-33.5,13.72,13.72,3.345,8.5325,1.225,-7.618433965596397,5.802938571463828,-8.025023780716634,-7.562391643811492,4.817275987625341,-4.729041459421143,-7.453983827162843,-7.555015041160295,-7.75089101236801
2024-01-03 18:00:00,2.93,111,-4.2,-28.5,13.88477777777778,36.9425,0.0,-4.2,-28.5,-29.2,13.83,13.83,3.005,8.4175,1.225,-5.110508562358255,4.952393667112107,-5.462635462109892,-5.003065192574985,5.235903540673576,0.5410702111577483,-4.455118589568078,-5.490212764169177,-5.241807475274146
2024-01-04 01:55:00,1.93,74,-7.2,-30.7,13.88725,36.93027777777777,0.0,-7.2,-30.7,-32.3,13.95,13.95,3.0,8.475,1.225,-2.004738771696974,2.330207585016106,-2.733064556095486,-2.043009994007284,2.871962646371577,4.495102183842087,-2.304694014830087,-1.921524976091835,-1.947388042603008
2024-01-04 09:50:00,2.23,78,-9.0,-31.9,13.89227777777778,37.03361111111111,0.0,-9.0,-31.9,-35.3,14.04,14.04,2.995,8.5175,1.225,-2.655979745650124,3.568559666886585,-3.79216249470749,-2.712053560984172,4.170652052194727,5.672866115085096,-2.916769696992161,-2.650291989492952,-2.662231222758316
2024-01-04 17:45:00,2.43,97,-7.6,-29.8,13.89075,36.95305555555556,0.0,-7.6,-29.8,-32.7,14.02,14.02,2.995,8.5075,1.225,-3.609110398788178,4.186354930158245,-4.598212322785099,-3.647559827556355,4.920061118398491,4.889889747255004,-3.764108028827436,-3.784178210410678,-3.6003063020779
2024-01-05 01:40:00,1.73,94,-9.2,-31.1,13.88936111111111,36.96333333333333,0.0,-9.2,-31.1,-33.6,14.03,14.03,2.835,8.4325,1.225,-1.653729452746449,1.903000495089597,-2.308265008947755,-1.677703892137235,2.250198782434391,2.168142987787316,-1.754814799386091,-1.716106272238784,-1.680463996475624
2024-01-05 09:35:00,0.59,140,-15.6,-32.4,13.89275,36.92777777777778,0.0,-15.6,-32.4,-37.7,13.63,13.63,2.77,8.200000000000001,1.225,-0.2211906368003518,0.02662661946646422,-0.1945983223456567,-0.2214791017084164,0.0001838042827394941,-0.2397884298687259,-0.2218327657194764,-0.2287838026626286,-0.2218174166054052
2024-01-05 17:30:00,2.25,273,-29.1,-41.3,13.88902777777778,36.90861111111111,0.0,-29.1,-41.3,-44.8,14.06,14.06,2.995,8.5275,1.225,5.422319015994801,-3.781180802226381,-4.301808884024868,5.048441848039189,-3.750425290532224,-4.115332037680106,0.9909275029149565,4.687042099677817,7.413387335604182
2024-01-06 01:25:00,0.99,210,-24.6,-47.0,13.88872222222222,36.93166666666666,0.0,-24.6,-47.0,-41.8,14.47,14.47,3.005,8.7375,1.225,0.06291882588317178,-0.8059725414886547,-0.6349554563359358,0.08537556211279995,-0.7458386166061616,-0.8248985959276236,0.539367952435477,-0.2919064003004861,-0.1361806484815017
2024-01-06 09:20:00,2.36,127,-3.9,-25.9,13.88961111111111,37.00666666666667,0.0,-3.9,-25.9,-28.2,14.05,14.05,2.98,8.515,1.225,-3.320541662185888,1.637771967184425,-3.126745877487521,-3.310400309698683,1.1657851462206,-2.834820701395364,-3.353693471642329,-3.307446483937261,-3.373570106100772
2024-01-06 17:15:00,2.19,38,-7.7,-28.2,13.88791666666667,36.92972222222222,0.0,-7.7,-28.2,-30.9,13.72,13.72,2.985,8.352500000000001,1.225,-2.928400017341586,-0.1972994972544654,-2.942110875297178,-2.913802456309526,0.373949352712277,5.083323063125522,-3.161015947314929,-2.97488415343285,-2.999050375610261
2024-01-07 01:10:00,2.16,32,-9.7,-33.3,13.88736111111111,36.9225,0.0,-9.7,-33.3,-37.5,14.06,14.06,2.985,8.5225,1.225,-3.359439798288598,-0.9667076892779796,-2.882342475526577,-3.303870204223138,-0.4099040574298413,4.46134240202655,-3.265982755820736,-3.49418202550515,-3.490962301246046
2024-01-07 09:05:00,1.76,171,-14.1,-41.7,13.88836111111111,36.97472222222222,0.0,-14.1,-41.7,-44.9,15.05,15.05,2.915,8.9825,1.225,-2.80919467343776,-1.134913355989214,-1.913453263258118,-2.784070223670518,-0.570530101876327,-2.247107675470164,-2.947356590263177,-2.370223185194375,-2.554912778286491
2024-01-07 17:00:00,2.18,91,-13.0,-40.7,13.88755555555555,36.94194444444445,0.0,-13.0,-40.7,-43.2,15.08,15.08,2.97,9.025,1.225,-2.347189896505215,2.674240816118341,-3.629800493504201,-2.392382517067009,3.18636342711634,2.950054672063088,-2.543469315023275,-2.404386498699862,-2.439178738111726
2024-01-08 00:55:00,2.52,24,-12.1,-42.4,13.88922222222222,36.86055555555556,0.0,-12.1,-42.4,-45.5,15.99,15.99,2.575,9.2825,1.225,-5.102688153077874,-2.06926623976474,-4.401057352195612,-5.044019370456241,-1.206476299393974,6.480831387859883,-4.836841908722906,-5.495705949614368,-5.241021377013253
2024-01-08 08:50:00,3.06,24,-12.0,-50.5,13.89111111111111,36.94472222222223,0.0,-12.0,-50.5,-45.2,16.04,16.04,2.35,9.195,1.225,-7.523861613466864,-3.051111955571479,-6.489314157063938,-7.437355092152315,-1.778936992473768,9.555919750466868,-7.131874038882245,-8.103362344074247,-7.727832540596072
2024-01-08 16:45:00,2.73,149,-13.5,-53.9,13.88811111111111,36.89083333333333,0.0,-13.5,-53.9,-43.0,16.84,16.84,2.45,9.645,1.225,-5.649657920232525,-0.7043624486993383,-4.191291722728143,-5.656377668370859,-1.209282655770847,-5.749697698420443,-5.637004110175138,-5.837796727741659,-5.714692960549631
2024-01-09 00:40:00,1.86,331,-32.7,-60.5,13.88772222222222,36.95694444444445,0.0,-32.7,-60.5,-69.9,18.08,18.08,2.67,10.375,1.225,0.01909194374021895,-3.060274831235905,-2.092875721861283,0.1228505074877238,-2.59204788274153,0.1364841270854593,-2.740717344313429,1.042627147839728,1.365973619192802
2024-01-09 08:35:00,1.66,307,-30.2,-52.2,13.88580555555556,36.96194444444444,0.0,-30.2,-52.2,-61.2,18.11,18.11,2.285,10.1975,1.225,2.108545527263814,-2.456705328898557,-1.654725243835892,1.908034679250119,-2.425845627306852,-2.611634157748972,-1.228939922718534,1.885734844348324,3.153625378729097
2024-01-09 16:30:00,1.73,267,-19.6,-40.4,13.89058333333333,36.93,0.0,-19.6,-40.4,-42.3,17.15,17.15,2.31,9.729999999999999,1.225,3.136632635796653,-2.20232727911935,-2.677930189999542,2.993455043089966,-2.184495567569548,-2.3590389482464,1.056703630180038,2.671864441788947,4.268641418990399
2024-01-10 00:25:00,3.94,273,-43.0,-44.1,13.89041666666667,36.9725,0.0,-43.0,-44.1,-51.1,16.44,16.44,2.195,9.3175,1.225,16.6269454768784,-11.5945754669514,-13.19102427497253,15.48049222167332,-11.50026706965058,-12.61921351508758,3.038570308000122,14.37229960267823,22.73233770725631
2024-01-10 08:20:00,2.24,309,-31.5,-40.9,13.88866666666667,36.93388888888889,0.0,-31.5,-40.9,-47.8,16.03,16.03,2.38,9.205,1.225,3.759291425457977,-4.599893619440743,-2.951779504123339,3.371510721748721,-4.538805450149115,-4.889960028844912,-2.454449278051777,3.288219530626622,5.607638262531406
2024-01-10 16:15:00,3.45,278,-19.0,-33.5,13.88833333333333,36.89555555555555,0.0,-19.0,-33.5,-36.3,14.85,14.85,2.48,8.665,1.225,12.18104893844889,-8.472586483197102,-9.494428236622023,11.28763455543056,-8.338751554492775,-8.884047033048438,3.449996901757771,9.715182766433257,15.17752054686491
2024-01-11 00:10:00,3.36,263,-33.8,-42.6,13.891,36.87305555555555,0.0,-33.8,-42.6,-37.8,14.06,14.06,2.71,8.385,1.225,11.054232848673,-7.824418494357327,-10.30902783286234,10.89480277822737,-7.712232842411908,-7.92625465486433,7.204324442646058,8.59042972017826,13.81912995826415
2024-01-11 08:05:00,4.39,285,-43.9,-40.0,13.89125,36.93138888888889,0.0,-43.9,-40.0,-49.9,13.75,13.75,2.985,8.3675,1.225,19.00096687707896,-13.73790392864546,-14.10024885295456,17.09829420939839,-13.54149477893402,-13.8579710602218,5.62311363382984,12.46690712864669,21.21480915060882
2024-01-11 16:00:00,4.9,256,-39.6,-39.9,13.88872222222222,36.92027777777778,0.0,-39.6,-39.9,-37.2,13.06,13.06,2.895,7.9775,1.225,24.58382790109138,-16.28894176646394,-20.29694518337979,24.1704167689314,-16.13369917808615,-15.90942208842424,23.07224748229798,14.85662100126478,26.07119262648956
2024-01-11 23:55:00,3.57,149,-19.7,-39.9,13.89208333333333,36.93111111111111,0.0,-19.7,-39.9,-42.9,13.43,13.43,3.37,8.4,1.225,-9.66124934288284,-1.204501465527271,-7.167356851292505,-9.672740509817624,-2.06794489655488,-9.832323283097681,-9.639610578938552,-9.982977836197275,-9.772463110052328
2024-01-12 07:50:00,1.4,305,-40.5,-52.6,13.88933333333333,36.93027777777777,0.0,-40.5,-52.6,-66.9,15.04,15.04,3.21,9.125,1.225,1.531054463978725,-1.697971638837713,-1.200903269333877,1.397293050452944,-1.67793449882722,-1.80505964620305,-0.7894687015001213,1.398105870121522,2.295730371276713
2024-01-12 15:45:00,1.67,281,-20.8,-42.0,13.89033333333333,36.91472222222222,0.0,-20.8,-42.0,-44.8,14.71,14.71,2.89,8.8,1.225,2.790721183549622,-1.954495247089729,-2.141364404051876,2.567104315844736,-1.919110226962502,-2.0070434966008,0.8934407083952126,2.084112929589545,3.290160244767714
2024-01-12 23:40:00,2.04,197,-12.8,-48.4,13.88736111111111,36.99472222222222,0.0,-12.8,-48.4,-42.3,15.05,15.05,2.985,9.0175,1.225,-1.636988146324023,-3.160845145125344,-2.57069265197863,-1.043382752849546,-2.567660497745234,-3.199604341495682,1.057962636918142,-1.766371956532508,-1.554760897171086
2024-01-13 07:35:00,3.59,114,-3.9,-28.9,13.88938888888889,36.90861111111111,0.0,-3.9,-28.9,-31.1,15.04,15.04,2.805,8.9225,1.225,-7.645542581832458,7.159256888698255,-8.247498021514895,-7.514985391280852,7.128651745986085,-0.7907243433130087,-6.902633617689398,-8.00000857558439,-7.822403291003631
2024-01-13 15:30:00,1.77,84,-10.8,-34.3,13.89733333333333,36.93027777777777,0.0,-10.8,-34.3,-37.7,15.04,15.04,2.46,8.75,1.225,-1.594519005368856,2.110020659762807,-2.414552199915379,-1.62919895485491,2.44630484872041,2.816870474713787,-1.721601359295176,-1.62369425709441,-1.641145040343865
2024-01-13 23:25:00,1.28,132,-8.3,-32.5,13.88558333333333,36.89166666666667,0.0,-8.3,-32.5,-35.3,15.05,15.05,2.945,8.9975,1.225,-0.9936401264304775,0.2876485445033819,-0.8708266484657603,-0.993512793676715,0.145182257377496,-1.004566536070071,-1.016762168868351,-0.9997268915228322,-1.006114698595981
2024-01-14 07:20:00,3.03,168,-2.0,-14.1,13.88830555555556,36.9925,0.0,-2.0,-14.1,-34.0,14.77,14.77,2.645,8.7075,1.225,-8.05947139779996,-2.855768653545072,-5.694440704978934,-8.025538984863948,-1.54828252167595,-6.639691569463221,-8.449532137202775,-7.237051008799992,-7.645425421104301
2024-01-14 15:15:00,3.86,228,-6.5,-35.4,13.88875,36.95027777777778,0.0,-6.5,-35.4,-24.2,13.53,13.53,2.63,8.08,1.225,9.812506185153758,-11.38813137598915,-9.054470294573292,9.904751472984529,-11.22451281404659,-11.55316942520116,19.45862910324239,0.3242727098059591,5.778877284277759
2024-01-14 23:10:00,4.13,249,-21.1,-45.1,13.88463888888889,37.17055555555555,0.0,-21.1,-45.1,-30.3,13.08,13.08,2.925,8.0025,1.225,19.28045450604684,-12.01901081983861,-12.20807566223851,18.19349405505222,-12.06879988107681,-11.94576072709418,18.72478331026658,8.617063413944843,17.91335197664838
2024-01-15 07:05:00,2.97,236,-16.4,-45.7,13.88891666666667,37.02361111111111,0.0,-16.4,-45.7,-28.9,12.3,12.3,3.035,7.6675,1.225,6.736958881532593,-6.495746228721408,-5.60836649152393,6.226009205861865,-6.467399760974506,-6.502507411245605,9.52945153245726,0.5323741267275275,4.432621318555412
2024-01-15 15:00:00,2.86,209,-3.5,-30.2,13.89158333333333,36.86638888888889,0.0,-3.5,-30.2,-20.3,11.83,11.83,2.96,7.395,1.225,0.2194422193298026,-6.694235557604373,-5.272448223486922,0.4775963690588682,-6.154661380766934,-6.822018161722199,4.301966086072032,-2.523720392757192,-1.289220221601152
2024-01-15 22:55:00,1.66,210,-3.7,-22.9,13.89055555555556,36.93916666666667,0.0,-3.7,-22.9,-20.3,11.12,11.12,2.97,7.045,1.225,0.1768994149614,-2.266031971560184,-1.785208912844918,0.2400376481563427,-2.096962444566818,-2.319243516924966,1.516459881370473,-0.8207093936006729,-0.3828786807015877
2024-01-16 06:50:00,1.66,220,-12.7,-35.6,13.88986111111111,36.94416666666667,0.0,-12.7,-35.6,-28.1,11.33,11.33,3.0,7.165,1.225,1.041307156350529,-1.895614897191138,-1.605617968661561,1.08427215974481,-1.836678288044713,-1.955288732389189,2.406725286551412,-0.2495336415688904,0.5585013289873298
2024-01-16 14:45:00,5.66,270,-60.5,-55.1,13.88769444444444,37.07444444444445,0.0,-60.5,-55.1,-43.5,11.38,11.38,3.06,7.220000000000001,1.225,35.22887796611821,-24.60142990278799,-28.22252821759326,32.88621044380138,-24.50616569568998,-27.32018680962609,4.461570407418434,31.76645292804307,50.54910420582864
2024-01-16 22:40:00,2.87,269,-42.5,-45.2,13.88733333333333,36.92027777777778,0.0,-42.5,-45.2,-43.5,11.89,11.89,3.025,7.4575,1.225,8.916121977662135,-6.23734120303047,-7.294348359911653,8.38321350363701,-6.204653337402587,-6.847131601996146,1.734165129814405,7.896252804342644,12.58066798792542
2024-01-17 06:35:00,3.09,250,-41.4,-48.0,13.89205555555556,36.89916666666667,0.0,-41.4,-48.0,-50.0,13.01,13.01,3.01,8.01,1.225,11.15698171137118,-6.727555680402242,-6.9031644868587,10.58605470596758,-6.758278703801652,-6.686604168662695,10.7363553221886,5.288152783986691,10.56022459468941
2024-01-17 14:30:00,2.22,166,-7.2,-24.3,13.89,36.99416666666666,0.0,-7.2,-24.3,-32.7,13.0,13.0,2.985,7.9925,1.225,-4.224766281259206,-1.361036949157845,-3.074961367559167,-4.203861841223387,-0.8022256477913658,-3.57063423950077,-4.390825676019005,-3.907443491420562,-4.041385029620423
2024-01-17 22:25:00,3.53,146,-3.9,-27.1,13.88686111111111,37.06,0.0,-3.9,-27.1,-27.9,13.13,13.13,2.945,8.0375,1.225,-8.936621937246555,-0.4673905776715248,-6.993767799574121,-8.947554056422693,-1.345716129197785,-9.270044252433845,-8.930179626127389,-9.236932051227782,-9.016591223868867
2024-01-18 06:20:00,5.25,150,2.5,-17.9,13.88625,36.91805555555555,0.0,2.5,-17.9,-20.0,13.12,13.12,2.76,7.94,1.225,-21.26924616618902,-3.128577602146043,-15.51056993034829,-21.29432069866585,-4.970727255553752,-21.51670458646569,-21.21160060962214,-21.9755317803981,-21.53096991097022
2024-01-18 14:15:00,2.76,197,3.8,-1.4,13.89558333333333,37.02361111111111,0.0,3.8,-1.4,-15.9,11.38,11.38,2.395,6.8875,1.225,-2.996424669222866,-5.785768449035664,-4.705523920057767,-1.909859779437404,-4.699973713865843,-5.856715213326005,1.936547525708294,-3.233255242234244,-2.845911815237039
2024-01-18 22:10:00,1.61,225,-4.8,-15.7,13.89088888888889,36.94555555555556,0.0,-4.8,-15.7,-16.3,10.14,10.14,2.49,6.315,1.225,1.434253839169881,-1.906931563629912,-1.550891678910552,1.459439747519398,-1.868351118695741,-1.94592640855966,2.964746600937311,-0.05276415312654582,0.8253598345267312
2024-01-19 06:05:00,3.41,339,-18.2,-23.4,13.89211111111111,36.96833333333333,0.0,-18.2,-23.4,-35.8,11.06,11.06,3.165,7.112500000000001,1.225,-4.225286900949842,-10.19541781074921,-6.73644158969386,-2.619125659278426,-7.836309575596207,1.890056268953364,-9.876634590435682,-0.9683366974840493,0.6245218969771551
2024-01-19 14:00:00,1.34,76,-10.5,-18.9,13.89230555555556,36.92388888888889,0.0,-10.5,-18.9,-27.5,10.04,10.04,3.015,6.5275,1.225,-0.9627020287023222,1.205904498966601,-1.343372670230093,-0.9820498950373558,1.445182749413677,2.107610062943489,-1.082081854054824,-0.9416184310082478,-0.9500076096066272
2024-01-19 21:55:00,2.04,307,-18.5,-26.3,13.89294444444444,36.97527777777778,0.0,-18.5,-26.3,-33.9,10.23,10.23,3.275,6.7525,1.225,3.184396525715302,-3.710199193186323,-2.499021837257747,2.88157828464483,-3.663593831688269,-3.944177932533067,-1.855986493825465,2.847900322339956,4.762711342763467
2024-01-20 05:50:00,1.91,302,-20.5,-30.1,13.88502777777778,36.98555555555556,0.0,-20.5,-30.1,-34.6,11.0,11.0,3.015,7.0075,1.225,2.937074890878668,-3.022386234230142,-2.302028472730933,2.712838011111379,-2.990431725197694,-3.2130248088891,-1.233082537646943,2.760903870137402,4.419906512085641
2024-01-20 13:45:00,1.68,265,-11.9,-25.6,13.88994444444445,36.9575,0.0,-11.9,-25.6,-26.5,10.62,10.62,2.99,6.805,1.225,2.860751332231418,-2.01648468718082,-2.551315199054117,2.773312058932188,-1.994053544793001,-2.103106254246132,1.398793140752947,2.333630338114455,3.740123634932789
2024-01-20 21:40:00,2.15,183,-5.8,-24.6,13.88916666666667,36.98583333333333,0.0,-5.8,-24.6,-24.5,10.88,10.88,2.995,6.9375,1.225,-3.996512718648751,-2.757885043993704,-2.896999458475079,-3.520426922214128,-1.543867030750732,-3.52704886628052,-2.94624673917388,-2.588426761187332,-2.739826603196758
2024-01-21 05:35:00,1.19,259,-15.5,-22.5,13.89030555555556,36.93888888888889,0.0,-15.5,-22.5,-25.4,9.94,9.94,2.745,6.342499999999999,1.225,1.347557786151423,-0.9421833137023112,-1.283746455300621,1.353321284969845,-0.9261707969039068,-0.9116442451521097,1.245021210774555,0.922207299008194,1.523397222045688
2024-01-21 13:30:00,1.37,47,-3.0,-29.4,13.88816666666667,36.97472222222222,0.0,-3.0,-29.4,-18.9,10.29,10.29,3.08,6.685,1.225,-1.108987715079952,0.1275712123987703,-1.17469121821193,-1.107928828791631,0.3323603444859937,2.022877416655326,-1.150503243791274,-1.115822399441705,-1.12089978183841
2024-01-21 21:25:00,0.98,45,-10.7,-26.7,13.88786111111111,37.00555555555555,0.0,-10.7,-26.7,-29.7,10.53,10.53,2.995,6.762499999999999,1.225,-0.5628614913876335,0.05052777336946385,-0.5972750457721963,-0.5624503221115197,0.158038859908726,1.039669151942349,-0.5976123610738674,-0.5662639970572196,-0.5700263835468858
2024-01-22 05:20:00,2.01,197,-10.8,-26.7,13.88936111111111,36.86638888888889,0.0,-10.8,-26.7,-33.1,11.05,11.05,3.04,7.045,1.225,-1.589195456065861,-3.068562685222247,-2.495639990210222,-1.012920669883566,-2.492696361240993,-3.106190287407897,1.027074886921613,-1.714801841019556,-1.50936887270783
2024-01-22 13:15:00,4.13,201,-5.3,-35.5,13.88255555555556,36.92472222222222,0.0,-5.3,-35.5,-27.5,11.52,11.52,3.115,7.3175,1.225,-4.641502506581295,-13.42309178939645,-10.54943408487242,-2.923105433750373,-11.66873070856226,-13.18627963054389,5.643983761577741,-6.723471864252862,-5.23581133753735
2024-01-22 21:10:00,6.1,177,-1.2,15.3,13.89058333333333,36.96166666666667,0.0,-1.2,15.3,-39.3,11.98,11.98,3.395,7.6875,1.225,-35.62508703091324,-18.19570322530712,-23.24234733484134,-34.21577293522812,-9.014052514917179,-27.77991499921868,-35.79451160278153,-24.33708247931267,-26.07325055757078
2024-01-23 05:05:00,3.9,188,-4.9,-15.2,13.89213888888889,36.91833333333334,0.0,-4.9,-15.2,-27.0,11.36,11.36,3.085,7.2225,1.225,-10.15679927138793,-10.24867499963838,-9.497841309990958,-7.316773180393408,-6.669673697170228,-11.75451292785668,-1.333475339781431,-7.540612393791885,-7.850598506488492
2024-01-23 13:00:00,3.76,213,-6.0,-25.0,13.88769444444444,36.89555555555555,0.0,-6.0,-25.0,-25.4,11.2,11.2,3.065,7.1325,1.225,2.238034705456951,-11.05574505441622,-8.88259328149598,2.530915664060475,-10.35784521299672,-11.33869320522663,9.150445665753013,-3.331523018359527,-0.5154338179682662
2024-01-23 20:55:00,2.35,225,-9.1,-30.5,13.88852777777778,36.91722222222222,0.0,-9.1,-30.5,-24.4,10.6,10.6,3.01,6.805,1.225,3.055694929522652,-4.062740465316225,-3.304193239760628,3.109353807984212,-3.980544366728609,-4.145819448042406,6.316428032744223,-0.1124146582467302,1.758438982359428
2024-01-24 04:50:00,2.66,236,-16.4,-28.8,13.8915,36.9575,0.0,-16.4,-28.8,-24.7,10.95,10.95,3.245,7.0975,1.225,5.403986697748757,-5.210500290893354,-4.498697179134409,4.994133335260144,-5.187762444733668,-5.215923708352821,7.643957789234046,0.4270387796112973,3.555584509695231
2024-01-24 12:45:00,2.99,219,-6.1,-31.4,13.89447222222222,36.85944444444444,0.0,-6.1,-31.4,-18.7,9.78,9.78,3.295,6.5375,1.225,3.097910053567309,-6.27019281137871,-5.267434062142758,3.243847960382267,-6.043251633662677,-6.461698364550527,7.519399970754996,-0.9948804409435231,1.506551962845711
2024-01-24 20:40:00,4.92,182,-2.9,-24.2,13.8915,36.9,0.0,-2.9,-24.2,-20.9,10.24,10.24,3.585,6.9125,1.225,-21.88112368188702,-14.06837318578827,-15.18155210938538,-19.79338040767929,-7.578694170437207,-18.42247836616544,-18.08970472079373,-13.86546647978551,-14.71819218845899
2024-01-25 04:35:00,3.29,223,-16.5,-31.5,13.89,36.8875,0.0,-16.5,-31.5,-22.4,9.65,9.65,3.405,6.5275,1.225,5.229614640378002,-7.75620131075472,-6.408502255124647,5.36022473841498,-7.56693661563063,-7.947662618242018,11.20960219045279,-0.5242706338458432,2.945449897934866
2024-01-25 12:30:00,1.78,269,-15.3,-19.0,13.89313888888889,36.90083333333333,0.0,-15.3,-19.0,-19.4,8.82,8.82,3.38,6.1,1.225,3.42966903495547,-2.399251158528299,-2.80583876744213,3.224680846547063,-2.38667746776413,-2.633812692610642,0.6670627053022327,3.037366895953482,4.839270654365466
2024-01-25 20:25:00,2.44,270,-19.4,-20.0,13.88991666666667,36.96333333333333,0.0,-19.4,-20.0,-22.5,8.12,8.12,3.385,5.7525,1.225,6.54704915341312,-4.572009672652878,-5.244966349819051,6.111680208836914,-4.554305462855693,-5.077272290507744,0.8291527418748635,5.903580833585049,9.394209779115151
2024-01-26 04:20:00,1.57,294,-13.8,-20.3,13.88719444444444,36.86361111111111,0.0,-13.8,-20.3,-25.5,8.94,8.94,3.55,6.244999999999999,1.225,2.240451665472516,-1.868464224592057,-1.649374633296536,2.00400758825862,-1.850332821626302,-1.904322013078707,0.08800163090236507,1.545868025015074,2.703133142220225
2024-01-26 12:15:00,2.02,349,-16.3,-19.2,13.89016666666667,36.9,0.0,-16.3,-19.2,-31.0,9.49,9.49,3.67,6.58,1.225,-3.155485644688568,-3.11295860695477,-2.990351320402825,-1.677484072445167,-1.87025314940293,3.042855310142018,-3.590854152975436,-1.164076841023235,-0.01862354265801433
2024-01-26 20:10:00,1.99,315,-17.9,-20.7,13.88669444444444,37.0575,0.0,-17.9,-20.7,-31.5,8.99,8.99,3.69,6.34,1.225,2.080736296948773,-3.724665629513383,-2.244269199637232,1.833196387233096,-3.684128286562756,-3.901504507927853,-2.392031501594003,2.163497185865589,3.453862193346408
2024-01-27 04:05:00,1.93,325,-15.6,-21.3,13.89188888888889,36.97083333333333,0.0,-15.6,-21.3,-29.0,9.04,9.04,3.645,6.342499999999999,1.225,0.6727934772938479,-3.421847263406311,-2.159344770948465,0.6187846674392335,-3.170958107054041,-1.784930920025335,-2.760828714254951,1.492305419672514,2.007047020375905
2024-01-27 12:00:00,1.7,342,-9.8,-17.8,13.89419444444444,36.91916666666667,0.0,-9.8,-17.8,-25.7,9.04,9.04,3.6,6.319999999999999,1.225,-1.417067132470799,-2.458599968117467,-1.765650390197202,-0.8435782168510628,-1.788002611227115,0.8788648610564657,-2.49044439569693,-0.4784766693322227,0.02194502093447334
2024-01-27 19:55:00,1.5,330,-13.5,-21.3,13.89311111111111,36.90527777777778,0.0,-13.5,-21.3,-28.3,9.03,9.03,3.82,6.425,1.225,0.1161662368309934,-1.992482280282335,-1.368337908196227,0.1532338193606399,-1.706959461068489,0.05414496236067161,-1.766385377005405,0.7862695519816283,0.9843225160184329
2024-01-28 03:50:00,1.26,334,-10.6,-21.7,13.88652777777778,36.95666666666666,0.0,-10.6,-21.7,-26.4,9.06,9.06,3.505,6.282500000000001,1.225,-0.2108557486485647,-1.399717049473107,-0.9451597283790332,-0.09886244017708254,-1.144640018383646,0.1359145598859088,-1.291743108636423,0.2494584196382129,0.4237507851432776
2024-01-28 11:45:00,2.15,342,-10.4,-22.2,13.88841666666667,36.90222222222222,0.0,-10.4,-22.2,-25.4,9.11,9.11,3.505,6.307499999999999,1.225,-2.266571909981407,-3.932483859039097,-2.824124196777359,-1.349287303596553,-2.859876148926414,1.405727619457963,-3.983418414916629,-0.7653143266395153,0.03510064334588339
2024-01-28 19:40:00,0.92,213,-10.0,-22.9,13.88686111111111,36.92388888888889,0.0,-10.0,-22.9,-26.2,9.04,9.04,3.5,6.27,1.225,0.1339882706186881,-0.6618932926421662,-0.5317894800714549,0.1515226783938425,-0.6201109232316963,-0.6788330359398923,0.5478254591651591,-0.1994540150194874,-0.0308583623478059
2024-01-29 03:35:00,0.65,236,-11.9,-27.2,13.88808333333333,36.96055555555556,0.0,-11.9,-27.2,-29.5,10.01,10.01,3.5,6.755,1.225,0.3226842076712716,-0.3111306988668723,-0.2686273331144055,0.2982109410011038,-0.3097729708999907,-0.3114545433290557,0.4564379227134637,0.02549944660322419,0.2123119530988517
2024-01-29 11:30:00,1.68,211,-6.5,-17.9,13.88925,36.905,0.0,-6.5,-17.9,-25.7,10.39,10.39,3.52,6.955,1.225,0.2697239620107139,-2.283024430781515,-1.810090683527067,0.332326537489908,-2.121136668314918,-2.338187800762681,1.644405892414824,-0.7821024634363074,-0.2957401997668606
2024-01-29 19:25:00,0.64,217,-18.5,-31.9,13.89172222222222,36.95,0.0,-18.5,-31.9,-30.6,10.03,10.03,3.565,6.797499999999999,1.225,0.1162363869862392,-0.298287382779779,-0.2466719608016499,0.1235224052284379,-0.2846157439165883,-0.3068692947852984,0.3180428452543274,-0.06256171287424989,0.04103838320606624
2024-01-30 03:20:00,0.38,284,-14.1,-24.9,13.89019444444444,37.0075,0.0,-14.1,-24.9,-27.8,10.01,10.01,3.505,6.7575,1.225,0.1428999350214991,-0.102499782281682,-0.1069548541673636,0.1293132880189271,-0.1009380268709404,-0.1038546957873997,0.04316406349792426,0.09703518065497814,0.1618054964189559
2024-01-30 11:15:00,2.62,256,-11.4,-29.0,13.88447222222222,36.96222222222222,0.0,-11.4,-29.0,-26.9,10.04,10.04,3.495,6.7675,1.225,7.028455986849298,-4.656968424061434,-5.802846752052986,6.910262760043844,-4.612584949523306,-4.548464680707177,6.596298859537118,4.247471436946353,7.453689906925234
2024-01-30 19:10:00,1.64,222,-19.4,-37.7,13.89277777777778,36.95777777777778,0.0,-19.4,-37.7,-25.2,9.65,9.65,3.845,6.7475,1.225,1.205100854976005,-1.901591333016564,-1.583987816369758,1.240715721653177,-1.851063681592188,-1.952722720533794,2.639954133556716,-0.1680337385707516,0.669636785600058
2024-01-31 03:05:00,2.1,234,-21.9,-33.8,13.88869444444444,36.99138888888889,0.0,-21.9,-33.8,-27.7,9.72,9.72,3.59,6.655,1.225,3.316681954540549,-3.316666071838799,-2.771778561252783,3.152028947442115,-3.294899947343499,-3.331314574303071,5.254931701197866,0.2507100170286203,2.115587966249627
2024-01-31 11:00:00,1.63,224,-11.5,-26.1,13.88827777777778,36.96027777777778,0.0,-11.5,-26.1,-23.6,10.0,10.0,3.64,6.82,1.225,1.376888970916188,-1.929225974512875,-1.581351578345169,1.405826613162477,-1.886224915552934,-1.972709005171552,2.895194179405325,-0.09138573543466273,0.7844938164371837
2024-01-31 18:55:00,1.48,245,-25.6,-27.0,13.88725,36.91666666666666,0.0,-25.6,-27.0,-25.5,9.02,9.02,3.58,6.3,1.225,2.141759400885948,-1.543850200057226,-1.50410263910886,1.967735474541752,-1.54762677493837,-1.534395563865673,2.170948977896373,0.6803425505760303,1.811562536463272
2024-02-01 02:50:00,2.99,248,-17.6,-28.5,13.89458333333333,36.93916666666667,0.0,-17.6,-28.5,-22.3,9.03,9.03,3.585,6.307499999999999,1.225,9.764548714760767,-6.299981562255723,-6.333745698495951,9.159694762253103,-6.323407179450121,-6.261539662705268,9.575898375791756,4.081574635952284,8.890216138269093
2024-02-01 10:45:00,2.77,252,-26.3,-38.3,6.943166666666667,36.99305555555556,0.0,-26.3,-38.3,-27.1,5.04,5.04,1.505,3.2725,1.225,8.595963078323281,-5.33935570070493,-5.860383002390911,8.246058512132269,-5.339278138557303,-5.276988647680507,8.209599030360119,4.415638815972365,8.434697997551822
2024-02-01 18:40:00,3.25,256,-31.4,-32.7,13.88741666666667,36.87611111111111,0.0,-31.4,-32.7,-26.8,8.47,8.47,3.715,6.0925,1.225,10.8149388673585,-7.165845373106009,-8.929049708431858,10.63307068395826,-7.097550919139314,-6.998886747562721,10.14996310003217,6.535737581251944,11.46926164586821
2024-02-02 02:35:00,4.06,284,-32.9,-27.8,13.89086111111111,36.935,0.0,-32.9,-27.8,-32.2,9.16,9.16,3.76,6.46,1.225,16.31236405069517,-11.70059149043167,-12.20914843596368,14.76141630463149,-11.52231343303209,-11.85525805734891,4.927279481124544,11.07679434795289,18.47047839869461
2024-02-02 10:30:00,2.56,295,-49.5,-32.9,13.89197222222222,36.97222222222222,0.0,-49.5,-32.9,-48.0,9.72,9.72,4.3,7.01,1.225,5.86085479570179,-5.017222603045861,-4.357002292885751,5.274777745312965,-4.968548435533961,-5.152016200155446,-0.1270397119606245,4.283388422441862,7.341849247745977
2024-02-02 18:25:00,2.17,279,-23.5,-23.9,13.88752777777778,36.94638888888889,0.0,-23.5,-23.9,-27.0,9.07,9.07,4.015,6.5425,1.225,4.774203008916079,-3.31892234453608,-3.707186217041002,4.41960952349288,-3.261106037370168,-3.45209977808537,1.453533934936451,3.740323665980107,5.826370211882733
2024-02-03 02:20:00,2.46,256,-27.9,-37.8,13.88138888888889,36.92111111111111,0.0,-27.9,-37.8,-30.5,9.57,9.57,4.065,6.817500000000001,1.225,6.196230442575784,-4.105546022237949,-5.115743168335738,6.092032241518752,-4.066417906959856,-4.009889992099462,5.815244184251329,3.744536761818156,6.571113256912293
2024-02-03 10:15:00,2.6,243,-31.5,-52.6,13.88744444444445,36.99055555555555,0.0,-31.5,-52.6,-33.3,10.2,10.2,4.495,7.3475,1.225,6.094208317129076,-4.765242043729136,-4.543773858306666,5.503993224403534,-4.772858695467776,-4.735989035755525,6.339447333657871,1.44194429640897,4.836536208254254
2024-02-03 18:10:00,4.62,276,-44.1,-28.7,13.895,36.91666666666666,0.0,-44.1,-28.7,-34.9,8.73,8.73,3.85,6.29,1.225,22.25093250232386,-15.49303492013206,-17.47052223344508,20.65911936081637,-15.29716531478826,-16.49928732094243,5.383236838497434,18.35773045065411,28.83290186609773
2024-02-04 02:05:00,3.47,266,-41.4,-23.9,13.89058333333333,36.91666666666666,0.0,-41.4,-23.9,-38.2,8.58,8.58,4.28,6.43,1.225,12.41183639312274,-8.731507094573747,-10.8290639584563,11.93730722401152,-8.647789447712007,-9.23151686008677,5.109401119634395,10.35251954191174,16.56474517236589
2024-02-04 10:00:00,3.52,314,-35.0,-29.9,13.88694444444444,36.9825,0.0,-35.0,-29.9,-28.2,8.13,8.13,3.82,5.975000000000001,1.225,7.045031483237771,-11.62604908955152,-7.060201888320973,6.228311526979123,-11.49320295591325,-12.21390833098747,-7.253079625656301,7.003393769065412,11.38140263097192
2024-02-04 17:55:00,3.9,303,-24.8,-25.2,13.8825,37.01138888888889,0.0,-24.8,-25.2,-27.9,8.45,8.45,4.185,6.317499999999999,1.225,12.12411673993924,-12.79301254599094,-9.504973210531768,11.15483852500713,-12.65236329398879,-13.59990627005506,-5.469534838909625,11.29054152627755,18.22370403587072
2024-02-05 01:50:00,6.32,258,-53.1,-57.5,13.89088888888889,36.98666666666666,0.0,-53.1,-57.5,-34.2,8.57,8.57,4.37,6.470000000000001,1.225,38.9717376052978,-26.74938066052299,-35.39465133137651,38.85086751782991,-26.36219635434356,-25.96467273077082,36.20543708890244,25.57949581531788,43.10299289172046
2024-02-05 09:45:00,3.65,274,-31.2,-27.7,13.89222222222222,36.93888888888889,0.0,-31.2,-27.7,-25.7,8.71,8.71,4.26,6.485,1.225,14.14237731346816,-9.857136987574346,-11.18195697250103,13.1552594918487,-9.76242754387074,-10.65272999885849,2.858501915117671,12.04240050547627,19.00493322420602
2024-02-05 17:40:00,3.98,308,-42.1,-33.4,13.88991666666667,36.95388888888889,0.0,-42.1,-33.4,-39.9,9.02,9.02,4.435,6.7275,1.225,11.99440362042449,-14.32196829832243,-9.415379954016379,10.80598584241151,-14.13684405212633,-15.22513291121326,-7.406551692114505,10.61041742541258,17.91577821452124
2024-02-06 01:35:00,3.96,290,-33.4,-33.5,13.88294444444444,36.99472222222222,0.0,-33.4,-33.5,-37.3,9.06,9.06,4.19,6.625,1.225,15.17240578178072,-11.41420364428903,-10.76416486513991,13.2606775363236,-11.30332169296895,-11.26468459162737,4.015248940401662,8.176218983082862,15.71518952159439
2024-02-06 09:30:00,1.92,263,-16.8,-27.2,13.89330555555556,36.8875,0.0,-16.8,-27.2,-25.6,9.08,9.08,4.140000000000001,6.61,1.225,3.609545419974858,-2.554912161422801,-3.366213169914234,3.557486621462,-2.51828011180797,-2.588164785261823,2.352432471068101,2.805038275976575,4.512368965963805
2024-02-06 17:25:00,0.88,215,-6.8,-20.5,13.87988888888889,36.95611111111111,0.0,-6.8,-20.5,-21.6,9.04,9.04,4.195,6.6175,1.225,0.1711749108767524,-0.5847690766368532,-0.4764581827984136,0.1860838864927154,-0.5527310537331923,-0.6006310374997973,0.5512619019521531,-0.1503839828776509,0.02467741668465645
2024-02-07 01:20:00,3.05,270,-31.1,-42.3,13.88672222222222,36.95777777777778,0.0,-31.1,-42.3,-24.2,9.37,9.37,4.375,6.8725,1.225,10.229764302208,-7.143765113520121,-8.195259921592266,9.549500326307676,-7.116102285712019,-7.933237953918348,1.295551159179474,9.224345052476638,14.67845277986742
2024-02-07 09:15:00,4.68,262,-48.3,-56.3,13.89380555555555,36.96055555555556,0.0,-48.3,-56.3,-29.5,9.45,9.45,4.62,7.035,1.225,21.06865649438708,-14.94549027611247,-20.10069663922553,20.94397609088526,-14.70605656467151,-14.90574077762274,15.53767535934505,15.9440840791359,25.70266441621698
2024-02-07 17:10:00,5.35,262,-42.3,-44.3,13.89222222222222,36.96,0.0,-42.3,-44.3,-31.3,8.48,8.48,4.51,6.495,1.225,27.53294709760548,-19.53106944572417,-26.26799755078131,27.37001222064081,-19.21817262137073,-19.47912399588661,20.3049489084691,20.83605205617043,33.58876252160359
2024-02-08 01:05:00,2.76,271,-26.1,-26.6,13.88736111111111,36.98722222222222,0.0,-26.1,-26.6,-26.0,8.07,8.07,4.035,6.0525,1.225,8.304284611656096,-5.796436533023625,-6.631597847360945,7.745390713369806,-5.765908850528183,-6.395024139751894,1.204284266668423,7.386615267676155,11.73156355279819
2024-02-08 09:00:00,1.81,346,-14.1,-26.1,13.89,36.9575,0.0,-14.1,-26.1,-31.4,9.96,9.96,4.44,7.200000000000001,1.225,-2.136164182315314,-2.622658885825226,-2.22975328305304,-1.179451103747518,-1.726719915287577,1.823016501907734,-2.857384718444712,-0.7665271414203302,0.002117162427479737
2024-02-08 16:55:00,0.71,318,-12.8,-26.8,13.89205555555556,36.84777777777778,0.0,-12.8,-26.8,-30.6,10.03,10.03,4.31,7.17,1.225,0.1995918769978131,-0.4775139649825313,-0.2810077956376487,0.1732338153520679,-0.4730876234659623,-0.4958059467045965,-0.3327037334898774,0.2468140453995983,0.3694866462858911
2024-02-09 00:50:00,1.45,138,-8.4,-25.4,13.89294444444444,36.99722222222222,0.0,-8.4,-25.4,-28.2,11.55,11.55,4.48,8.015,1.225,-1.320757837682595,0.2128994763103646,-1.160895494608167,-1.322023718409986,0.04740942079220319,-1.408510246076279,-1.33108457057474,-1.357107218275154,-1.327599160632473
2024-02-09 08:45:00,2.31,116,-7.6,-24.3,13.88547222222222,36.90416666666667,0.0,-7.6,-24.3,-25.8,11.02,11.02,3.55,7.285,1.225,-3.158160092383888,2.888115587353977,-3.427628654750314,-3.11259067606122,2.749515887786466,-0.769851408423303,-2.917091590636314,-3.245419836230711,-3.225796261207937
2024-02-09 16:40:00,2.88,101,-4.7,-20.1,13.89161111111111,36.98194444444444,0.0,-4.7,-20.1,-21.7,10.67,10.67,3.655,7.1625,1.225,-5.494815605658263,6.322643628620162,-6.395546561527217,-5.521193091824032,7.348931509202713,7.042405382834268,-5.566090250674508,-5.823184449163659,-5.418993507473163
2024-02-10 00:35:00,2.04,98,-3.2,-19.8,13.86966666666667,36.90638888888889,0.0,-3.2,-19.8,-21.1,10.52,10.52,3.59,7.055,1.225,-2.624961391289888,3.051858335827901,-3.251039456082502,-2.649980015301041,3.580392405716588,3.590073154640786,-2.723759008734567,-2.760560124995918,-2.604296853810154
2024-02-10 08:30:00,4.04,124,-1.1,-17.2,13.44736111111111,36.97222222222222,0.0,-1.1,-17.2,-17.9,10.11,10.11,3.54,6.824999999999999,1.225,-9.681141971496965,6.329117636377739,-9.76292141293376,-9.62667087507239,5.026907595839076,-6.916292976139798,-9.595045617413044,-9.617603348855113,-9.843948325582712
2024-02-10 16:25:00,2.92,126,-2.5,-17.1,13.89497222222222,36.85583333333334,0.0,-2.5,-17.1,-19.6,10.89,10.89,3.7,7.295,1.225,-5.074713582769562,2.773600195267793,-4.891168459759728,-5.054878211268461,2.065138058574036,-4.097540466454693,-5.093555681770123,-5.050284614424971,-5.157183774186987
2024-02-11 00:20:00,2.79,132,-4.0,-17.7,13.88525,36.84638888888889,0.0,-4.0,-17.7,-21.1,10.13,10.13,3.65,6.890000000000001,1.225,-4.720821599211108,1.366629049846664,-4.137330147901809,-4.720216636510569,0.6897663633130898,-4.772733382216209,-4.830675292168051,-4.749740049012987,-4.780088760584091
2024-02-11 08:15:00,2.59,136,-0.3,-14.3,13.89302777777778,36.89611111111111,0.0,-0.3,-14.3,-16.4,9.99,9.99,3.805,6.8975,1.225,-4.165369503286449,0.8454152444449259,-3.657726848249937,-4.167888281727158,0.2989808190659833,-4.366932925190259,-4.218890893153006,-4.250992498550892,-4.196946034614109
2024-02-11 16:10:00,2.22,132,0.3,-12.1,13.883,36.98222222222222,0.0,0.3,-12.1,-14.3,9.98,9.98,3.755,6.8675,1.225,-2.988925780700662,0.8652631144595136,-2.619495882750642,-2.988542756565137,0.4367164534053046,-3.021793039775229,-3.058478194000722,-3.007235114856644,-3.02645000034206
2024-02-12 00:05:00,1.23,88,-0.2,-11.9,13.89627777777778,36.96888888888889,0.0,-0.2,-11.9,-14.1,9.11,9.11,3.7,6.404999999999999,1.225,-0.7350915737645951,0.8826166702883029,-1.156509855524063,-0.7507691467886055,1.042663141056033,1.044661326206612,-0.7997344696970745,-0.7489660250248533,-0.7656241059268082
2024-02-12 08:00:00,1.18,165,0.3,-10.8,13.88477777777778,36.93916666666667,0.0,0.3,-10.8,-13.7,9.7,9.7,3.75,6.725,1.225,-1.179247453563818,-0.3602352366065153,-0.8713166369889888,-1.172961529597848,-0.2225657802458914,-1.009697531075631,-1.220042710173302,-1.107134900400776,-1.132930223367462
2024-02-12 15:55:00,3.06,126,-0.1,-9.9,13.88936111111111,36.93944444444445,0.0,-0.1,-9.9,-12.5,8.48,8.48,3.67,6.075,1.225,-5.572995414667512,3.045937651108265,-5.371428151365897,-5.551212424825643,2.267912216793001,-4.499874497055635,-5.593687603422632,-5.546167786595709,-5.663563284384649
2024-02-12 23:50:00,1.78,91,3.0,-6.0,13.88969444444444,36.97777777777777,0.0,3.0,-6.0,-8.4,8.05,8.05,3.745,5.897500000000001,1.225,-1.564859117096019,1.782902239245297,-2.419968833351298,-1.594988798728034,2.124331681355822,1.966785881441942,-1.695717569590048,-1.602991789933642,-1.626187592339279
2024-02-13 07:45:00,0.58,10,-0.2,-9.2,13.89275,36.91972222222222,0.0,-0.2,-9.2,-12.1,8.03,8.03,3.85,5.94,1.225,-0.2926065660202979,-0.1371972033497217,-0.2493568747403628,-0.295880034274928,-0.07531157211809264,0.3648561956694283,-0.2958088720609188,-0.3134630096389812,-0.3063896463910292
2024-02-13 15:40:00,0.96,117,-2.0,-8.6,13.89508333333333,36.92166666666667,0.0,-2.0,-8.6,-12.1,7.65,7.65,4.205,5.9275,1.225,-0.5448126092418677,0.4922399810300908,-0.5931003845166141,-0.5376750709882363,0.4574278189506374,-0.171170535511728,-0.5089219529707945,-0.5547450618517922,-0.5560113522324227
2024-02-13 23:35:00,2.08,331,-15.3,-19.6,13.89552777777778,36.83861111111111,0.0,-15.3,-19.6,-27.7,8.25,8.25,4.525,6.3875,1.225,0.02387541490278739,-3.827024231084236,-2.617244052220099,0.1536306034208834,-3.241483396893559,0.1706801154533851,-3.427401872597301,1.303856541916348,1.708217211838288
2024-02-14 07:30:00,3.07,327,-21.6,-22.5,13.88805555555555,36.84833333333334,0.0,-21.6,-22.5,-35.2,8.7,8.7,4.59,6.645,1.225,1.216039277057293,-8.533341197914433,-5.570901304652086,1.196154182783144,-7.67405069583801,-2.619062831259931,-7.150984989916313,3.582961026074164,4.696258870189491
2024-02-14 15:25:00,3.28,278,-13.1,-19.0,13.88891666666667,36.97138888888889,0.0,-13.1,-19.0,-26.9,8.24,8.24,4.49,6.365,1.225,11.01017407262412,-7.658178905341542,-8.581798507949959,10.20263705953742,-7.537208546427649,-8.030088771295805,3.118374011163269,8.781333524418866,13.71861684951829
2024-02-14 23:20:00,2.45,212,-11.8,-21.6,13.88586111111111,36.88611111111111,0.0,-11.8,-21.6,-25.5,8.79,8.79,4.495,6.6425,1.225,0.7619248917997726,-4.774702863808237,-3.810465078697744,0.8906697322617229,-4.454400473075752,-4.893428469845738,3.69114314735302,-1.538906824203035,-0.4239013569747914
2024-02-15 07:15:00,2.2,13,-12.7,-22.1,13.88680555555556,36.97805555555556,0.0,-12.7,-22.1,-26.8,8.57,8.57,4.415,6.4925,1.225,-4.159141442396522,-1.916161603792384,-3.589086705415825,-4.184142660068524,-1.079698912239461,5.252124908187555,-4.131587849087598,-4.484817367176927,-4.319040832144606
2024-02-15 15:10:00,1.39,221,-8.1,-18.2,13.88791666666667,36.9375,0.0,-8.1,-18.2,-22.0,8.56,8.56,4.315,6.4375,1.225,0.7979062345710476,-1.34757219843358,-1.131829174482063,0.8257609176806228,-1.308761866487323,-1.386857834693678,1.791960754640114,-0.1478350823955832,0.4363177334170302
2024-02-15 23:05:00,1.0,337,-6.7,-18.1,13.89302777777778,37.0075,0.0,-6.7,-18.1,-21.1,8.89,8.89,4.08,6.485,1.225,-0.2711468459725055,-0.8787372221293309,-0.5857300980384632,-0.1600532927157628,-0.6927419283030587,0.1317693157716507,-0.8350839623346425,0.01288636146270776,0.1389899209648406
2024-02-16 07:00:00,0.52,20,-6.4,-17.7,13.89066666666667,36.87111111111111,0.0,-6.4,-17.7,-19.7,8.02,8.02,3.875,5.9475,1.225,-0.2257430610521256,-0.09951938338461774,-0.2007008489099601,-0.2242593982248853,-0.05981765512089562,0.2937774548975202,-0.2146057994304436,-0.2472751534700099,-0.2296696807858542
2024-02-16 14:55:00,0.93,153,-2.7,-11.3,13.88805555555555,36.94416666666667,0.0,-2.7,-11.3,-16.5,8.59,8.59,4.1,6.345,1.225,-0.6735660096621983,-0.113215844453327,-0.5054542645663953,-0.6725914756403071,-0.1468552353294644,-0.6616240258567736,-0.674198895644433,-0.6919841155403527,-0.6758016156983793
2024-02-16 22:50:00,1.27,161,-3.5,-12.8,13.89722222222222,36.88638888888889,0.0,-3.5,-12.8,-18.7,8.07,8.07,4.175,6.1225,1.225,-1.299466289521086,-0.3047228897478464,-1.021163414312087,-1.29042477355956,-0.2388899376715044,-1.173769230276039,-1.318361510581071,-1.297201343167734,-1.271264361865192
2024-02-17 06:45:00,3.13,150,-3.5,-8.2,13.88705555555556,36.95583333333333,0.0,-3.5,-8.2,-24.6,9.22,9.22,4.495,6.8575,1.225,-7.5600064495433,-1.112031271127967,-5.513124809093123,-7.568919018694223,-1.766810624940937,-7.647963833583519,-7.539516735144025,-7.811050786372144,-7.653034344518246
2024-02-17 14:40:00,3.48,199,-4.8,-21.2,13.88736111111111,36.92416666666666,0.0,-4.8,-21.2,-19.0,8.32,8.32,3.985,6.1525,1.225,-4.086572478401889,-9.38791765389308,-7.46066036145292,-2.62757297227016,-7.944897076180983,-9.283646203851827,3.50088048519433,-4.982273318777501,-4.137141629377582
2024-02-17 22:35:00,2.02,212,-8.1,-25.0,13.89302777777778,36.94444444444444,0.0,-8.1,-25.0,-19.7,8.75,8.75,4.165,6.4575,1.225,0.5179439114535261,-3.24576385930581,-2.590290996604459,0.6054625198701762,-3.0280276035549,-3.326471558243822,2.50917792560754,-1.046123349517378,-0.2881611157017807
2024-02-18 06:30:00,1.84,337,-19.1,-18.9,13.88363888888889,36.97361111111111,0.0,-19.1,-18.9,-32.2,8.87,8.87,4.44,6.654999999999999,1.225,-0.917994761724515,-2.975052739241064,-1.983047819919022,-0.5418764278184868,-2.345347072462836,0.4461181954765009,-2.827260262880167,0.04362806536814342,0.4705642764185644
2024-02-18 14:25:00,4.55,354,-40.6,-28.4,13.88375,36.92138888888889,0.0,-40.6,-28.4,-59.6,10.39,10.39,4.9,7.645,1.225,-18.30816585096283,-13.76494840750621,-16.22319538785326,-13.08253037541789,-7.800207469220018,17.72284065210604,-19.07845614615023,-11.26868536862281,-9.228347599020537
2024-02-18 22:20:00,1.26,296,-23.9,-31.1,13.88658333333333,36.98305555555555,0.0,-23.9,-31.1,-38.5,10.18,10.18,4.5,7.34,1.225,1.39653031769146,-1.227383750637354,-1.048620809239764,1.264867296475754,-1.215479386120995,-1.269595464267974,-0.1182307160292085,1.079621943617138,1.816062552312926
2024-02-19 06:15:00,0.48,276,-11.7,-27.9,13.8945,36.92416666666666,0.0,-11.7,-27.9,-31.6,10.44,10.44,3.855,7.1475,1.225,0.24018547481004,-0.1672380224132994,-0.1885838122685925,0.2230028063910015,-0.1651237274660902,-0.1780999137359277,0.05810881390855723,0.1981606930075667,0.3112338875746762
2024-02-19 14:10:00,1.93,146,-3.2,-12.2,13.88952777777778,36.95194444444444,0.0,-3.2,-12.2,-23.5,10.13,10.13,4.275,7.202500000000001,1.225,-2.671397977196647,-0.1397156836800442,-2.090626333301258,-2.674665883264363,-0.4022709442856319,-2.771066924210196,-2.6694721961786,-2.761168791790189,-2.695302959640888
2024-02-19 22:05:00,2.28,156,-4.7,-19.7,13.88458333333333,36.97583333333333,0.0,-4.7,-19.7,-23.0,10.03,10.03,4.41,7.22,1.225,-4.085343498847381,-0.7708838370123744,-3.150613717017479,-4.068899649749135,-0.8278196752965492,-3.895119492642414,-4.103823489295111,-4.173535731003544,-4.06285513141612
2024-02-20 06:00:00,3.34,156,-1.6,0.2,13.88655555555555,36.90666666666667,0.0,-1.6,0.2,-30.9,10.72,10.72,4.245,7.4825,1.225,-8.767016377297216,-1.654292038353194,-6.761116186049589,-8.731728403497508,-1.776474524803436,-8.358801749023105,-8.806673845256336,-8.95627408448429,-8.718757060638978
2024-02-20 13:55:00,3.71,171,-2.5,2.4,13.89097222222222,36.89833333333333,0.0,-2.5,2.4,-30.8,11.03,11.03,4.12,7.574999999999999,1.225,-12.48257890129929,-5.042956134804735,-8.502376698350679,-12.37093910305507,-2.535134741488879,-9.984960858709611,-13.09649756070551,-10.53202122395852,-11.35268432709617
2024-02-20 21:50:00,2.31,175,-2.3,-9.2,13.89144444444444,36.96638888888889,0.0,-2.3,-9.2,-24.9,10.84,10.84,3.605,7.2225,1.225,-5.018969292419953,-2.391258393017865,-3.320786599892567,-4.869807238281512,-1.189382541129659,-3.946183809280145,-5.114502009264458,-3.687732781452327,-3.959768462688805
2024-02-21 05:45:00,1.24,229,-17.6,-22.5,13.88819444444444,36.8975,0.0,-17.6,-22.5,-23.9,9.42,9.42,3.275,6.3475,1.225,1.066573277859374,-1.189911752224392,-0.9392074828135019,1.074285925439215,-1.175026877718268,-1.204910004364795,2.091223569038255,0.05505180435362974,0.6319559183685233
2024-02-21 13:40:00,2.0,268,-11.0,-16.7,13.89352777777778,36.93666666666667,0.0,-11.0,-16.7,-21.0,9.07,9.07,3.27,6.17,1.225,4.260970822457728,-2.986188750805069,-3.56066122493185,4.035897258354884,-2.966335807933723,-3.238974121373595,1.127212565036982,3.702756094415091,5.9072213052479
2024-02-21 21:35:00,1.17,170,-0.4,-9.1,13.89177777777778,37.03416666666666,0.0,-0.4,-9.1,-16.6,9.04,9.04,3.7,6.369999999999999,1.225,-1.229922730590571,-0.4735693103817839,-0.8440231737114489,-1.22561024421873,-0.2388830477032306,-0.9882258566553089,-1.300116965940753,-1.072810768921502,-1.157387227612227
2024-02-22 05:30:00,1.82,184,-2.7,-19.4,13.88638888888889,36.95972222222223,0.0,-2.7,-19.4,-14.8,8.73,8.73,3.565,6.1475,1.225,-2.733448092454916,-2.027387216990876,-2.074433739692335,-2.336825592831186,-1.175547124136512,-2.533909945343226,-1.747062013504852,-1.81229145019767,-1.912585381090456
2024-02-22 13:25:00,4.11,185,1.2,-10.6,13.88972222222222,36.94777777777778,0.0,1.2,-10.6,-10.5,8.04,8.04,3.8,5.92,1.225,-13.27474767619479,-10.59975618235753,-10.57122956904555,-10.9692416292764,-6.34798540550869,-12.95516765632272,-7.052297914717277,-9.025182421008322,-9.49484782091064
2024-02-22 21:20:00,2.23,188,5.2,4.7,13.89408333333333,36.97583333333333,0.0,5.2,4.7,-12.1,8.02,8.02,4.135,6.0775,1.225,-3.320759177954308,-3.350797889921215,-3.10531328405352,-2.392214421352951,-2.180645649484406,-3.843130660022254,-0.4359789294673951,-2.465398512366053,-2.566748278298266
2024-02-23 05:15:00,2.84,154,3.7,15.1,13.88616666666667,36.93694444444444,0.0,3.7,15.1,-22.6,8.81,8.81,4.734999999999999,6.7725,1.225,-6.300424385820432,-1.10255011129878,-4.771848887885702,-6.28586121815533,-1.341131906140624,-6.12780034235334,-6.313916595498692,-6.460541075583934,-6.302692464307675
2024-02-23 13:10:00,5.28,172,8.0,29.9,13.89419444444444,36.95611111111111,0.0,8.0,29.9,-28.4,9.38,9.38,4.93,7.155,1.225,-25.51745250927381,-10.7839414213587,-17.25316345338259,-25.15303856589879,-5.404557425059047,-20.3221760705242,-26.57482287392797,-20.81563707175487,-22.41760373531308
2024-02-23 21:05:00,3.2,151,7.3,0.6,13.89655555555555,36.93388888888889,0.0,7.3,0.6,-13.8,7.86,7.86,4.605,6.2325,1.225,-7.926189128901007,-1.221691634959216,-5.836428916738902,-7.9285535722793,-1.810712439338338,-7.940350395928907,-7.9144091938778,-8.173808779779419,-7.999835572794987
2024-02-24 05:00:00,4.62,154,8.4,6.8,13.88141666666667,36.98361111111111,0.0,8.4,6.8,-18.5,7.9,7.9,4.66,6.28,1.225,-16.67312763597322,-2.917733410484736,-12.62798197314367,-16.63458839823381,-3.549104326699556,-16.21630401052949,-16.70883274411851,-17.09685242681186,-16.67912976532046
2024-02-24 12:55:00,4.26,156,7.7,6.4,13.88741666666667,36.96777777777778,0.0,7.7,6.4,-15.4,8.14,8.14,4.94,6.54,1.225,-14.26192283773521,-2.691153339597908,-10.9987837586462,-14.20451740608406,-2.889916193330959,-13.59785135900998,-14.32643643319713,-14.56980167589257,-14.18341600932733
2024-02-24 20:50:00,3.22,140,6.8,5.7,13.88736111111111,36.91638888888889,0.0,6.8,5.7,-13.0,7.14,7.14,4.654999999999999,5.897499999999999,1.225,-6.58831657167701,0.7930923334561552,-5.796246036796057,-6.596908699090908,0.005474738078587105,-7.142264740738001,-6.607442827020454,-6.814484284766444,-6.606985643009146
2024-02-25 04:45:00,2.69,140,1.1,-5.3,13.88872222222222,36.82055555555556,0.0,1.1,-5.3,-14.0,7.33,7.33,4.955,6.1425,1.225,-4.597982094085105,0.5534986530344203,-4.045196553649545,-4.603978534536833,0.003820816346829225,-4.984582181479711,-4.611330295957206,-4.755824402318433,-4.611011227516151
2024-02-25 12:40:00,4.06,163,8.6,5.1,13.89005555555556,36.89138888888889,0.0,8.6,5.1,-15.3,7.64,7.64,4.890000000000001,6.265000000000001,1.225,-13.62029871380671,-3.689391556694013,-10.37550827114336,-13.53689001790802,-2.538106284542425,-11.97440756976422,-13.9583244258493,-13.18188125278028,-13.20203112475581
2024-02-25 20:35:00,3.46,150,2.1,-6.8,13.89311111111111,36.95194444444444,0.0,2.1,-6.8,-18.3,7.45,7.45,4.984999999999999,6.217499999999999,1.225,-9.238164440930557,-1.358878172221373,-6.73691932800572,-9.249055407751408,-2.159004386851241,-9.345646462669668,-9.213126452903492,-9.544935193186904,-9.351842517412104
2024-02-26 04:30:00,2.99,134,1.2,-9.2,13.88391666666667,36.9275,0.0,1.2,-9.2,-14.1,8.11,8.11,4.92,6.515,1.225,-5.486611106758954,1.348148104274498,-4.813263025680781,-5.487942132954758,0.5953317064206255,-5.650736670326414,-5.585359857789435,-5.560273896012903,-5.541687034954373
2024-02-26 12:25:00,3.25,135,-1.4,-11.7,13.89127777777778,36.9925,0.0,-1.4,-11.7,-9.7,8.05,8.05,4.734999999999999,6.3925,1.225,-6.520517856778355,1.461992032826402,-5.723081817294311,-6.523287163844413,0.5870705531425352,-6.776162705617353,-6.620989515418744,-6.631443719838414,-6.577913286930148
2024-02-26 20:20:00,3.28,163,1.8,-6.4,13.884,36.95305555555556,0.0,1.8,-6.4,-11.6,7.71,7.71,4.7,6.205,1.225,-8.889600674768745,-2.407966107132961,-6.771813692656259,-8.835162074344296,-1.65655334099476,-7.815372030293829,-9.11022091673282,-8.603457452856862,-8.616608729438525
2024-02-27 04:15:00,3.5,152,-5.6,-16.5,13.89063888888889,36.96055555555556,0.0,-5.6,-16.5,-19.0,8.16,8.16,4.69,6.425,1.225,-9.51102842833735,-1.532513747011774,-7.070525518596589,-9.50554130718568,-2.12305885944685,-9.434928845927606,-9.508464260849946,-9.789573070922911,-9.57091163463493
2024-02-27 12:10:00,4.22,140,-0.2,-9.3,13.88669444444444,37.01388888888889,0.0,-0.2,-9.3,-9.6,7.96,7.96,4.529999999999999,6.244999999999999,1.225,-11.31586135132256,1.362187561351856,-9.955428795347292,-11.33061888786027,0.009403218008440123,-12.26730328777425,-11.34871193633646,-11.70431907881975,-11.34792669312179
2024-02-27 20:05:00,2.39,149,-2.9,-12.8,13.89094444444444,36.91222222222222,0.0,-2.9,-12.8,-15.5,8.32,8.32,4.99,6.655,1.225,-4.33004749911581,-0.5398420404427123,-3.212317010746881,-4.335197692106588,-0.9268262633375808,-4.406720635342943,-4.320349283866872,-4.474242065307885,-4.379892076903696
2024-02-28 04:00:00,2.08,183,-2.0,-12.5,13.88869444444444,36.90861111111111,0.0,-2.0,-12.5,-20.1,9.0,9.0,4.625,6.8125,1.225,-3.740511114323842,-2.581225279466601,-2.711428546705589,-3.294921587077817,-1.444972703480793,-3.301119354261989,-2.757521231446593,-2.42262185821544,-2.564323594606913
2024-02-28 11:55:00,4.61,162,1.3,-3.9,13.89055555555556,36.91861111111111,0.0,1.3,-3.9,-12.4,8.22,8.22,4.455,6.3375,1.225,-17.34133792938572,-4.385907697499285,-13.41609896223193,-17.22800204189207,-3.210020526117406,-15.45221159920264,-17.68372891627763,-17.043793007304,-16.88590540562215
2024-02-28 19:50:00,2.87,159,-0.3,-8.4,13.89436111111111,36.88333333333333,0.0,-0.3,-8.4,-11.8,7.57,7.57,4.73,6.15,1.225,-6.531783628459051,-1.364726971756894,-5.170629325688812,-6.488953850731208,-1.22479170881641,-6.04269100254626,-6.584319660619888,-6.635860646003475,-6.439226829199561
2024-02-29 03:45:00,1.68,157,-0.2,-4.4,13.88836111111111,36.93527777777778,0.0,-0.2,-4.4,-20.4,8.1,8.1,4.615,6.3575,1.225,-2.22476630606685,-0.4349032194409078,-1.730965876027125,-2.213922411256072,-0.4395284868361787,-2.100050247220805,-2.23745582388613,-2.268575588610321,-2.20605484496123
2024-02-29 11:40:00,1.76,206,-0.6,-12.5,13.88252777777778,36.97166666666666,0.0,-0.6,-12.5,-10.9,7.42,7.42,4.39,5.904999999999999,1.225,-0.2641541667766707,-2.498566762918313,-1.966348730621015,-0.08602722251003217,-2.251382326323052,-2.512683909623311,1.402580427955604,-1.055208602265501,-0.6617073407415022
2024-02-29 19:35:00,0.22,85,0.2,-5.0,13.88136111111111,36.97166666666666,0.0,0.2,-5.0,-7.2,7.05,7.05,4.505,5.7775,1.225,-0.02435440515776357,0.03150726144872278,-0.03722634588353728,-0.02488161905754413,0.03668372166522334,0.04099333891971213,-0.02634387782483021,-0.0248034165673109,-0.02513884312414765
2024-03-01 03:30:00,1.15,162,-1.7,-8.0,13.89183333333333,36.92638888888889,0.0,-1.7,-8.0,-12.0,7.0,7.0,4.495,5.7475,1.225,-1.079136622339092,-0.2729312834939984,-0.8348723597927605,-1.072083827028965,-0.199756830891548,-0.9615779071219076,-1.100443320508428,-1.060620656413227,-1.050795446046993
2024-03-01 11:25:00,2.42,145,-0.3,-8.1,13.88908333333333,37.05194444444444,0.0,-0.3,-8.1,-9.8,7.29,7.29,4.49,5.890000000000001,1.225,-4.120258553257078,-0.1083937368109795,-3.28477191198624,-4.125348987751347,-0.5265366973317556,-4.302991893057899,-4.119535929724751,-4.259166647962535,-4.153336144827028
2024-03-01 19:20:00,3.11,132,1.6,-5.6,13.88247222222222,36.92972222222222,0.0,1.6,-5.6,-7.7,7.12,7.12,4.895,6.0075,1.225,-5.865836588652477,1.698099052301733,-5.140821793594774,-5.86508489484897,0.8570662302129385,-5.930339351515702,-6.002334822699938,-5.901769084166249,-5.939478745294301
2024-03-02 03:15:00,2.38,92,-3.8,-16.1,13.88388888888889,36.95611111111111,0.0,-3.8,-16.1,-17.1,7.28,7.28,4.84,6.06,1.225,-2.908371533273237,3.325504688048605,-4.340463907100868,-2.959406455803099,3.951475626879528,3.711937603442641,-3.128107354240939,-2.9931717856695,-2.998332097176708
2024-03-02 11:10:00,3.83,137,1.5,-8.5,13.89083333333333,36.99638888888889,0.0,1.5,-8.5,-9.1,7.61,7.61,4.595000000000001,6.102500000000001,1.225,-9.16168673297029,1.667041064138265,-8.048973805924582,-9.168856647189607,0.4922823438154411,-9.688189789418585,-9.256229744475691,-9.382107252922115,-9.220077194813713
2024-03-02 19:05:00,1.57,95,-0.1,-8.9,13.89283333333333,36.83361111111111,0.0,-0.1,-8.9,-10.5,7.03,7.03,4.779999999999999,5.904999999999999,1.225,-1.410175636581298,1.627359446689665,-1.90717956804206,-1.42868894192674,1.92008145076345,1.870830132491618,-1.487244090969054,-1.468783633048569,-1.423629330999035
2024-03-03 03:00:00,1.16,82,-9.6,-22.8,13.88769444444444,36.94111111111111,0.0,-9.6,-22.8,-24.4,8.04,8.04,4.904999999999999,6.472499999999999,1.225,-0.700381998998716,0.9668930262771896,-1.041287586998265,-0.7157529241389837,1.112373166711295,1.350224911539306,-0.7535087218729204,-0.7130083355276406,-0.7168431693556951
2024-03-03 10:55:00,2.83,88,-2.3,-13.4,13.89197222222222,36.97888888888889,0.0,-2.3,-13.4,-15.8,8.2,8.2,4.495,6.3475,1.225,-3.891384034055964,4.672343612051022,-6.122263058964025,-3.974377037289486,5.519588095977041,5.530165969631922,-4.233586750186332,-3.9648317785852,-4.053015336081178
2024-03-03 18:50:00,2.08,106,-4.5,-16.9,13.89025,36.92305555555556,0.0,-4.5,-16.9,-17.8,8.1,8.1,4.52,6.31,1.225,-2.706300776699577,2.869417095970841,-3.009140683423652,-2.680423194290785,3.215072401410405,1.883738039858043,-2.52434981938786,-2.902132882672374,-2.726742712777698
2024-03-04 02:45:00,1.72,109,-6.3,-19.3,13.88808333333333,36.89861111111111,0.0,-6.3,-19.3,-21.1,8.08,8.08,4.495,6.2875,1.225,-1.785001261734218,1.786304998160487,-1.923572612413228,-1.751044138716482,1.944850178701236,0.5538581092546175,-1.570678737566146,-1.928985355710185,-1.823592713258349
2024-03-04 10:40:00,3.75,127,-2.6,-14.2,13.89116666666667,36.9475,0.0,-2.6,-14.2,-15.9,8.98,8.98,4.4,6.69,1.225,-8.38392651617514,4.135156616010302,-7.894617908318061,-8.358320948566815,2.943452603190031,-7.157545625066846,-8.46763043036668,-8.350862930976684,-8.517816291482712
2024-03-04 18:35:00,3.28,134,1.5,-8.1,13.89247222222222,37.05583333333333,0.0,1.5,-8.1,-8.2,8.3,8.3,4.51,6.405,1.225,-6.602516407082192,1.622343884858866,-5.792218088777989,-6.60411814668521,0.7164144282900253,-6.800022974467811,-6.721349369027399,-6.691161249076095,-6.668794062354237
2024-03-05 02:30:00,1.76,92,-3.5,-14.2,13.88266666666667,36.955,0.0,-3.5,-14.2,-15.9,8.04,8.04,4.34,6.19,1.225,-1.59045471037836,1.818565659504866,-2.373600204546934,-1.618363363727082,2.160880393655467,2.029888058827754,-1.710618130869419,-1.636828070632343,-1.639650007805694
2024-03-05 10:25:00,2.2,120,-1.8,-11.3,13.89147222222222,36.89,0.0,-1.8,-11.3,-13.8,8.03,8.03,4.29,6.16,1.225,-2.851215310530779,2.481640010060776,-3.132346134321017,-2.82527585272901,2.127484894906189,-1.500936165603523,-2.753231000407987,-2.822424310849241,-2.902422685580849
2024-03-05 18:20:00,1.92,31,-2.2,-10.7,13.88752777777778,36.81805555555555,0.0,-2.2,-10.7,-13.0,7.81,7.81,4.535,6.172499999999999,1.225,-2.721627547213242,-0.8658466198692439,-2.280077713439139,-2.672272908024857,-0.4257583854478259,3.461318713147114,-2.605678794749138,-2.839879566246903,-2.833815798205612
2024-03-06 02:15:00,2.67,86,-4.7,-15.9,13.89041666666667,36.9125,0.0,-4.7,-15.9,-18.2,8.17,8.17,4.65,6.41,1.225,-3.546064182985458,4.480149786644148,-5.471932640686845,-3.622458177232914,5.239831952447215,5.666149968695165,-3.842952972171048,-3.611946996086517,-3.67104865869771
2024-03-06 10:10:00,3.31,72,-6.9,-15.3,13.88752777777778,36.96305555555556,0.0,-6.9,-15.3,-21.3,8.58,8.58,4.505,6.5425,1.225,-5.919073231356477,6.349751822386138,-7.880828482024157,-6.026154921060533,8.07670605805449,13.58314046869443,-6.955185860334161,-5.558201917375572,-5.65915698404667
2024-03-06 18:05:00,1.76,55,-7.5,-19.0,13.88769444444444,37.09555555555556,0.0,-7.5,-19.0,-23.3,9.04,9.04,4.775,6.9075,1.225,-1.785237431853844,0.8018279358778374,-2.048386577116406,-1.790623222185983,1.151535124334198,3.05500132019653,-1.906584831147288,-1.715188173992927,-1.727981255365421
2024-03-07 02:00:00,1.61,52,-9.9,-23.2,13.89530555555556,36.89972222222222,0.0,-9.9,-23.2,-26.2,9.09,9.09,4.495,6.7925,1.225,-1.527682347305927,0.4099287667698132,-1.668281374139033,-1.528290293976104,0.6900680638551773,2.687693986395611,-1.569890265396689,-1.510128840400907,-1.515790051343283
2024-03-07 09:55:00,2.63,64,-7.1,-22.6,13.88375,37.02222222222223,0.0,-7.1,-22.6,-24.9,10.01,10.01,4.44,7.225,1.225,-3.802144419076211,3.247083797806184,-4.816964267113551,-3.84542049126465,4.218790234686095,7.264350539063839,-4.423564992532345,-3.478260979904145,-3.540639390476414
2024-03-07 17:50:00,1.32,42,-4.3,-16.6,13.88997222222222,36.94527777777778,0.0,-4.3,-16.6,-17.3,8.37,8.37,4.495,6.432499999999999,1.225,-1.008645010202694,0.05153023063182804,-1.073238762726337,-1.008254615261769,0.2539879132843731,1.898659115679762,-1.108450663677802,-1.014560090526957,-1.024554508625041
2024-03-08 01:45:00,0.76,215,-17.3,-27.8,13.89058333333333,36.91861111111111,0.0,-17.3,-27.8,-29.4,9.05,9.05,4.484999999999999,6.7675,1.225,0.1276738488150984,-0.4361604063345125,-0.3553748016327011,0.1387939731898146,-0.4122642776811621,-0.4479913316888985,0.4111684847205109,-0.1121665657413884,0.01840608971727475
2024-03-08 09:40:00,2.44,291,-14.8,-20.7,13.88744444444445,36.91777777777778,0.0,-14.8,-20.7,-29.0,9.83,9.83,4.365,7.0975,1.225,5.673080942039916,-4.378345271716934,-4.060957755099316,4.9859589637639,-4.335824166884497,-4.357423305495012,1.196446134196234,3.261561332037155,6.107018522293512
2024-03-08 17:35:00,1.07,329,-6.1,-11.5,13.89263888888889,36.9625,0.0,-6.1,-11.5,-16.7,8.03,8.03,4.495,6.262499999999999,1.225,0.08864692835585983,-1.021441333576509,-0.689757864434305,0.1004161628152067,-0.8897891165944751,-0.08768359514796599,-0.8887681558038627,0.4118072941831812,0.524072417498051
2024-03-09 01:30:00,1.29,313,-17.1,-26.8,13.89763888888889,36.90333333333334,0.0,-17.1,-26.8,-32.2,9.04,9.04,4.69,6.864999999999999,1.225,1.018014180404777,-1.557720242927545,-0.953369870495168,0.9026544612692674,-1.539070752742202,-1.641315166062816,-0.9430868064876565,0.9720523203315279,1.605801584094445
2024-03-09 09:25:00,1.7,73,-8.2,-19.6,13.87983333333333,36.96805555555556,0.0,-8.2,-19.6,-22.3,9.03,9.03,4.100000000000001,6.565,1.225,-1.558364618563552,1.741425893614299,-2.099639845566474,-1.587334172910606,2.179356857670336,3.535264799145927,-1.811379111124666,-1.478488184398031,-1.501836204092657
2024-03-09 17:20:00,0.91,24,-3.6,-12.2,13.88694444444444,36.93638888888889,0.0,-3.6,-12.2,-14.5,8.01,8.01,4.484999999999999,6.2475,1.225,-0.6653968347763585,-0.2698348723150009,-0.5739033121304463,-0.6577463530919019,-0.1573259989178871,0.8451084140033336,-0.630730156307231,-0.7166468406518737,-0.68343565795929
2024-03-10 01:15:00,1.26,160,-4.9,-13.3,13.89327777777778,36.98861111111111,0.0,-4.9,-13.3,-23.7,9.04,9.04,4.505,6.772499999999999,1.225,-1.262712104872653,-0.2722446285291815,-1.008065224098343,-1.253379278083705,-0.2304865812419738,-1.156385155439394,-1.274332060573825,-1.280480827754323,-1.241215271755895
2024-03-10 09:10:00,2.61,155,-9.5,-21.7,13.882,36.82166666666667,0.0,-9.5,-21.7,-24.5,9.08,9.08,4.495,6.7875,1.225,-5.337390804290722,-0.9706914218498962,-4.079437953583331,-5.320466679655329,-1.108747949610032,-5.139855899541497,-5.35519677304505,-5.462791572537545,-5.323613968331537
2024-03-10 17:05:00,3.2,35,1.8,-22.4,13.88622222222222,36.98222222222222,0.0,1.8,-22.4,-6.2,8.31,8.31,4.525,6.4175,1.225,-6.812794732135234,-1.271482847288628,-6.303867948185617,-6.73622961697813,-0.05062246358771024,10.32246939725815,-6.958560986490681,-7.0102833995652,-7.032548359225773
2024-03-11 01:00:00,1.76,89,-9.8,-25.2,13.89736111111111,36.89333333333333,0.0,-9.8,-25.2,-27.3,9.04,9.04,4.495,6.7675,1.225,-1.4871987008459,1.737339788355859,-2.363045902550142,-1.518750378335513,2.063826651347836,1.977343084875828,-1.621228148284476,-1.515496275428674,-1.553816148516988
2024-03-11 08:55:00,3.51,137,-6.3,-23.5,13.88747222222222,36.92555555555555,0.0,-6.3,-23.5,-24.4,10.08,10.08,4.484999999999999,7.2825,1.225,-7.694707627624923,1.400112661091822,-6.760163487812407,-7.700729487489903,0.4134575669641632,-8.136906450014376,-7.774112310733247,-7.879834177526994,-7.743748546095781
2024-03-11 16:50:00,3.63,136,1.3,-11.9,13.89205555555556,36.96444444444445,0.0,1.3,-11.9,-13.8,9.51,9.51,4.555,7.0325,1.225,-8.182146570244212,1.660671745282024,-7.184970544074266,-8.18709427401061,0.5872960085196337,-8.578082983548176,-8.287280065888677,-8.35033810678959,-8.244173194124514
2024-03-12 00:45:00,2.04,127,-6.0,-20.7,13.89594444444444,36.92694444444444,0.0,-6.0,-20.7,-23.3,9.5,9.5,4.49,6.995,1.225,-2.481105677490806,1.223741708315624,-2.336301645316013,-2.473528068235069,0.8710735895776446,-2.118175422099782,-2.505876679040993,-2.471320972341515,-2.520728482036227
2024-03-12 08:40:00,3.96,119,-3.2,-18.4,13.88663888888889,36.92138888888889,0.0,-3.2,-18.4,-18.9,10.08,10.08,4.115,7.0975,1.225,-9.2487340887902,8.152266064136324,-10.12985889356357,-9.152221635156065,7.189840783608016,-4.212879998809191,-8.833520662887478,-9.242881159124995,-9.422859889297905
2024-03-12 16:35:00,2.06,179,-5.7,-15.8,13.88836111111111,36.96166666666667,0.0,-5.7,-15.8,-22.2,9.58,9.58,4.25,6.915,1.225,-4.134300577730582,-2.24856579016173,-2.660432039305678,-3.931474201976707,-1.110136954471368,-3.198047401953672,-4.096970913561568,-2.618310806002787,-2.797972270122875
2024-03-13 00:30:00,3.05,145,-2.2,-15.3,13.88486111111111,36.89416666666666,0.0,-2.2,-15.3,-17.6,10.04,10.04,4.37,7.205,1.225,-6.544755343158589,-0.1721762066600875,-5.217640651467111,-6.552841158144407,-0.8363683537546368,-6.835015040839271,-6.543607503972491,-6.765401567972044,-6.597296886697189
2024-03-13 08:25:00,3.26,120,-0.6,-14.0,13.888,37.01194444444445,0.0,-0.6,-14.0,-16.0,9.83,9.83,3.945,6.8875,1.225,-6.260656164090268,5.449148217132625,-6.877959044857445,-6.203698688525376,4.671499683699382,-3.295733304456197,-6.045503673540479,-6.197437315285412,-6.373096556462608
2024-03-13 16:20:00,3.6,120,3.9,-7.3,13.88827777777778,36.92388888888889,0.0,3.9,-7.3,-7.4,8.32,8.32,3.92,6.12,1.225,-7.634659178611342,6.64505258892307,-8.387439235702557,-7.565201456894209,5.696736412806654,-4.019035683103647,-7.372287968034609,-7.557565923265736,-7.771776447340454
2024-03-14 00:15:00,1.3,71,-3.2,-14.1,13.89094444444444,36.97472222222222,0.0,-3.2,-14.1,-16.9,8.98,8.98,3.98,6.48,1.225,-0.9147645991921949,0.9405809677753454,-1.203449552595073,-0.9308590485519523,1.217262033604569,2.12311755230797,-1.08645285413018,-0.8501441262560417,-0.8676358216934288
2024-03-14 08:10:00,1.17,49,-5.5,-19.0,13.8845,36.86194444444445,0.0,-5.5,-19.0,-19.7,9.22,9.22,4.045,6.6325,1.225,-0.8153892446940919,0.1140663757979119,-0.8621786137147289,-0.8144307239629768,0.2595483298877176,1.468848832024427,-0.8264152637698079,-0.820509135149838,-0.8225527272646199
2024-03-14 16:05:00,1.36,154,1.3,-7.2,13.88597222222222,36.88916666666667,0.0,1.3,-7.2,-9.4,8.03,8.03,3.91,5.97,1.225,-1.444810670503555,-0.2528363278439577,-1.094278380161848,-1.441471051019156,-0.3075478047011629,-1.405224597452978,-1.447904698352805,-1.481528562462811,-1.445330785308406
2024-03-15 00:00:00,0.24,45,-4.3,-14.4,13.88252777777778,36.98027777777778,0.0,-4.3,-14.4,-17.1,8.07,8.07,3.96,6.015000000000001,1.225,-0.0337576238066719,0.003030403733945354,-0.03582157708921127,-0.03373296392505574,0.00947838226857832,0.06235416821311879,-0.03584180757794123,-0.03396168911963333,-0.03418733828852626
2024-03-15 07:55:00,0.24,204,-5.2,-17.5,13.8895,36.87972222222222,0.0,-5.2,-17.5,-20.2,8.13,8.13,3.75,5.94,1.225,-0.009216790857762053,-0.04600812130028174,-0.03618849227719322,-0.004908259753307458,-0.04088053483073053,-0.04584574718560525,0.02327236549239321,-0.0208548728045905,-0.01445507779946288
2024-03-15 15:50:00,1.43,129,0.2,-6.7,13.89002777777778,36.96916666666667,0.0,0.2,-6.7,-9.3,8.04,8.04,4.484999999999999,6.262499999999999,1.225,-1.223295645096354,0.4735489315013575,-1.097876882765612,-1.221639632769646,0.2934968071275396,-1.157006653033215,-1.250773226224517,-1.220589486595299,-1.242146521819157
2024-03-15 23:45:00,0.76,162,-1.9,-8.2,13.89022222222222,36.97777777777777,0.0,-1.9,-8.2,-13.3,7.04,7.04,4.365,5.702500000000001,1.225,-0.4713113898397425,-0.1192023511123883,-0.3646293194830235,-0.4682310914872816,-0.0872435126827661,-0.4199677876397837,-0.4806170600572161,-0.4632245679729905,-0.4589334212754201
2024-03-16 07:40:00,0.88,137,-7.1,-18.4,13.88825,36.92777777777778,0.0,-7.1,-18.4,-20.6,8.04,8.04,4.465,6.2525,1.225,-0.4836634107541936,0.08800636721694688,-0.4249211130560571,-0.4840419245876398,0.0259885504060071,-0.511458539694575,-0.4886545217515951,-0.4952998422964833,-0.4867459577516882
2024-03-16 15:35:00,3.0,138,1.4,-3.7,13.88508333333333,36.9775,0.0,1.4,-3.7,-7.4,7.04,7.04,4.495,5.7675,1.225,-5.653660185086017,0.9113413968101219,-4.969350511996909,-5.659078937307905,0.2029416347823204,-6.029294751337224,-5.697864987002454,-5.809258009263444,-5.682945277380385
2024-03-16 23:30:00,1.18,164,-1.6,-6.7,13.89658333333333,36.88305555555556,0.0,-1.6,-6.7,-13.0,6.34,6.34,4.505,5.422499999999999,1.225,-1.164889564617832,-0.3359424624981163,-0.8738774489253472,-1.158223759682782,-0.2184821424281725,-1.010598877774818,-1.199564019630579,-1.110316323516025,-1.124065033366797
2024-03-17 07:25:00,2.43,182,-1.8,-7.3,13.89297222222222,36.91638888888889,0.0,-1.8,-7.3,-15.6,7.2,7.2,4.505,5.8525,1.225,-5.337672980252111,-3.431833598749139,-3.70338204155553,-4.828389680799519,-1.848743770532366,-4.493972358730348,-4.412795682373874,-3.382336614138636,-3.590350198857803
2024-03-17 15:20:00,2.72,222,-4.9,-15.1,13.89608333333333,36.95083333333334,0.0,-4.9,-15.1,-11.2,5.99,5.99,4.575,5.282500000000001,1.225,3.314923470201695,-5.230790198613085,-4.357144356272316,3.412890836956746,-5.091801584581964,-5.371439535840731,7.261836950366603,-0.4622177317972371,1.841999105660124
2024-03-17 23:15:00,1.55,274,-16.9,-18.1,13.88455555555556,36.95861111111111,0.0,-16.9,-18.1,-22.1,7.02,7.02,4.76,5.89,1.225,2.550351772986095,-1.777577152384866,-2.016487267887689,2.372340846625371,-1.760497817537959,-1.92104963950141,0.5154851455109931,2.171654510370181,3.427236034614748
2024-03-18 07:10:00,1.12,289,-18.0,-22.5,13.885,36.92277777777777,0.0,-18.0,-22.5,-26.6,7.03,7.03,4.79,5.91,1.225,1.21828534310802,-0.9092715400896108,-0.8723902302417461,1.071178640528303,-0.899619007728672,-0.9012663048367368,0.3301501813000847,0.6855161061400761,1.281839274610922
2024-03-18 15:05:00,1.38,352,-9.6,-15.8,13.89108333333333,36.87666666666667,0.0,-9.6,-15.8,-21.1,7.05,7.05,4.755,5.9025,1.225,-1.616931518608497,-1.347603332511579,-1.460586341552747,-1.009396788986086,-0.7733972865115474,1.585304176633871,-1.717949386175777,-0.8062309197338149,-0.430452485404321
2024-03-18 23:00:00,1.72,313,-12.5,-18.6,13.88575,36.88027777777778,0.0,-12.5,-18.6,-22.6,7.02,7.02,4.555,5.7875,1.225,1.80980298738627,-2.769280431871192,-1.694879769769188,1.604719042256476,-2.736125782652805,-2.917893628556117,-1.676598767089167,1.728093013922716,2.854758371723458
2024-03-19 06:55:00,2.2,121,2.3,-9.4,13.89130555555555,36.86,0.0,2.3,-9.4,-7.5,7.32,7.32,4.545,5.9325,1.225,-2.856121865796288,2.330438439318022,-3.073032693430808,-2.832629063772176,1.968282906485328,-1.6384407344571,-2.776250889573573,-2.829818187315118,-2.906597028029566
2024-03-19 14:50:00,1.8,169,-4.5,-10.9,13.89727777777778,36.88138888888889,0.0,-4.5,-10.9,-16.1,7.01,7.01,4.470000000000001,5.74,1.225,-2.877650093569914,-1.064346824942517,-2.003646783359033,-2.866559073539413,-0.5559013746871058,-2.341093469881925,-3.029547694911806,-2.54659999549331,-2.718749487301916
2024-03-19 22:45:00,0.68,14,-6.3,-16.3,13.88888888888889,36.93972222222222,0.0,-6.3,-16.3,-19.0,7.04,7.04,4.49,5.765000000000001,1.225,-0.3957357301933941,-0.1812246009331537,-0.342936840030905,-0.3974206052340921,-0.1030285901466897,0.5018594807577081,-0.3907586253832335,-0.4276651771233104,-0.4097889848282239
2024-03-20 06:40:00,1.3,141,-11.7,-23.5,13.89394444444444,36.91555555555556,0.0,-11.7,-23.5,-24.8,8.02,8.02,4.5,6.26,1.225,-1.096890697367951,0.09716032441457562,-0.9453878982367026,-1.098304870744619,-0.02967498927975915,-1.179669824113696,-1.099342982503764,-1.134399138847564,-1.101234134588647
2024-03-20 14:35:00,2.09,147,-8.8,-20.5,13.88802777777778,36.93055555555556,0.0,-8.8,-20.5,-19.9,8.06,8.06,4.859999999999999,6.46,1.225,-3.192199341511888,-0.2468350011012031,-2.453248221343213,-3.196066939065641,-0.550740032409715,-3.289663152776994,-3.188221689611942,-3.29913639030073,-3.223593419798631
2024-03-20 22:30:00,2.73,27,-2.5,-15.5,13.89161111111111,36.91722222222222,0.0,-2.5,-15.5,-12.8,7.81,7.81,4.525,6.1675,1.225,-5.813467807540733,-2.192646985557368,-4.890114304993944,-5.723642813517397,-1.241341393504457,7.237526695092824,-5.497695701737685,-6.175546677129143,-6.016408680363735
2024-03-21 06:25:00,1.73,9,-11.4,-24.1,13.89119444444444,36.985,0.0,-11.4,-24.1,-24.2,8.02,8.02,4.495,6.2575,1.225,-2.639315175365002,-1.259187551116326,-2.246152831169714,-2.649779632155917,-0.689458759760629,3.198893698167852,-2.661872984851775,-2.781467372185195,-2.784012279575741
2024-03-21 14:20:00,1.12,70,-2.6,-7.4,13.88994444444445,36.95166666666667,0.0,-2.6,-7.4,-10.5,7.91,7.91,4.955,6.4325,1.225,-0.6802711377384015,0.669285649128691,-0.8842152724279488,-0.6919031646037679,0.8822931903344774,1.596583203075372,-0.8165138943504433,-0.6256595830089724,-0.6400672748069374
2024-03-21 22:15:00,0.71,251,-3.8,-12.1,13.88947222222222,37.52833333333334,0.0,-3.8,-12.1,-14.8,6.68,6.68,4.59,5.635,1.225,0.576893182969601,-0.3529880097109796,-0.3747391405974994,0.5503277486535987,-0.3537964858209622,-0.349858255933352,0.5530977012778722,0.284647238161604,0.5558425773359893
2024-03-22 06:10:00,0.56,228,-6.6,-17.1,13.88355555555556,37.43472222222222,0.0,-6.6,-17.1,-20.0,6.98,6.98,4.49,5.735,1.225,0.2065291645187937,-0.2396922064693145,-0.1905743700755849,0.2084707013562745,-0.2362484374402676,-0.2431658522204007,0.4095563697533365,0.006825144419658834,0.1216311791155135
2024-03-22 14:05:00,1.48,214,-0.2,-5.3,13.88627777777778,37.50416666666667,0.0,-0.2,-5.3,-7.7,6.98,6.98,4.995,5.987500000000001,1.225,0.4154594154546923,-1.683470680296939,-1.361943388387218,0.4592331884870827,-1.584096375381314,-1.727822752015379,1.488484780649301,-0.4707651723191854,-0.005029014704498398
2024-03-22 22:00:00,2.34,215,-2.7,-15.3,13.89322222222222,37.5075,0.0,-2.7,-15.3,-10.5,6.02,6.02,4.98,5.5,1.225,1.210337476751996,-4.134764406034031,-3.368923586946015,1.315755331714246,-3.908231092228136,-4.246920595214218,3.897843066024289,-1.063329721907109,0.1744882009278214
2024-03-23 05:55:00,1.13,219,-4.8,-16.5,13.88530555555556,37.48388888888889,0.0,-4.8,-16.5,-12.5,6.06,6.06,4.95,5.505,1.225,0.4424694743235639,-0.8955614815102146,-0.7523390738302798,0.4633135491339151,-0.8631478407427061,-0.9229139094299351,1.073983716363021,-0.1420971616694202,0.2151783762326693
2024-03-23 13:50:00,3.02,244,-9.3,-17.9,13.88888888888889,37.51333333333334,0.0,-9.3,-17.9,-12.0,6.03,6.03,4.99,5.51,1.225,8.570001383902467,-6.428710740234779,-6.196560887088065,7.809549756088181,-6.441711287335944,-6.389293442461605,8.796206005301645,2.389122239242556,7.034155846983166
2024-03-23 21:45:00,2.33,171,4.1,6.7,13.88730555555556,37.52527777777778,0.0,4.1,6.7,-12.2,6.14,6.14,4.99,5.565,1.225,-4.923436519442877,-1.989066089336856,-3.353546752615572,-4.879403033730914,-0.9999195732426368,-3.938314456146686,-5.165581157308806,-4.154088536319003,-4.477778274160489
2024-03-24 05:40:00,2.31,200,-6.1,-18.9,13.88736111111111,37.45555555555556,0.0,-6.1,-18.9,-11.9,5.62,5.62,4.895,5.2575,1.225,-1.651454143949339,-4.178320036634737,-3.28288776613284,-1.067722088572151,-3.604879219999544,-4.084554736225325,1.635571572640428,-2.16050196524544,-1.737593752899141
2024-03-24 13:35:00,3.35,299,-38.9,-27.3,13.88505555555555,37.4775,0.0,-38.9,-27.3,-38.1,6.1,6.1,4.98,5.54,1.225,9.378738564193341,-8.93000624024892,-7.267134028562526,8.666742023320829,-8.84345726327045,-9.43108987686711,-2.690383806301066,8.521876077196795,13.63293078721873
2024-03-24 21:30:00,1.74,272,-25.5,-23.2,13.88561111111111,36.975,0.0,-25.5,-23.2,-27.0,6.23,6.23,4.99,5.61,1.225,3.271654599719647,-2.282548183523713,-2.604194152839779,3.048791382850323,-2.267285018664287,-2.501420556593036,0.5356295396982825,2.869427532601871,4.548110879460184
2024-03-25 05:25:00,0.92,254,-16.7,-23.9,13.88872222222222,36.8875,0.0,-16.7,-23.9,-27.4,7.15,7.15,4.975,6.0625,1.225,0.9074259728778938,-0.5816017102522809,-0.6809840774211774,0.8808401516449517,-0.5788611281182408,-0.5714724359494087,0.8594729032690458,0.5054078906532906,0.9247476466599115
2024-03-25 13:20:00,1.75,104,0.0,-5.0,13.88608333333333,36.98083333333334,0.0,0.0,-5.0,-9.7,6.77,6.77,4.85,5.81,1.225,-1.960944040500053,2.152484406176185,-2.222594564962376,-1.953849056321945,2.450862904773261,1.840150377648933,-1.894192744800836,-2.092614259943477,-1.958427932652953
2024-03-25 21:15:00,0.88,215,-6.5,-16.2,13.88380555555555,36.94,0.0,-6.5,-16.2,-17.0,7.03,7.03,4.99,6.01,1.225,0.1711749108767524,-0.5847690766368532,-0.4764581827984136,0.1860838864927154,-0.5527310537331923,-0.6006310374997973,0.5512619019521531,-0.1503839828776509,0.02467741668465645
2024-03-26 05:10:00,0.32,314,-10.9,-21.0,13.88602777777778,36.86,0.0,-10.9,-21.0,-22.9,7.02,7.02,4.67,5.845,1.225,0.05822340068791548,-0.0960830503268721,-0.05834877593653699,0.05147364898329856,-0.09498514839597728,-0.1009413911651857,-0.05994280682360581,0.05787928734764805,0.09406117876836297
2024-03-26 13:05:00,3.6,95,-0.5,-7.6,13.88586111111111,36.94611111111111,0.0,-0.5,-7.6,-8.4,6.72,6.72,4.575,5.6475,1.225,-7.414449369180743,8.556362704003433,-10.02760647564814,-7.511788992401538,10.09544224994698,9.836487694061162,-7.8196614138338,-7.722599652849793,-7.485186469936912
2024-03-26 21:00:00,0.96,246,-4.2,-11.6,13.8905,36.95027777777778,0.0,-4.2,-11.6,-14.0,6.04,6.04,4.9,5.470000000000001,1.225,0.9362862047420176,-0.6495250728037526,-0.6395362169321015,0.8666890547145244,-0.6513893414457158,-0.6455521366574054,0.9379913762089492,0.3310850463110002,0.8136232259031921
2024-03-27 04:55:00,1.24,166,-5.1,-12.7,13.88786111111111,36.95277777777778,0.0,-5.1,-12.7,-21.8,7.69,7.69,4.984999999999999,6.3375,1.225,-1.318074960243518,-0.4246267374858174,-0.9593500119225254,-1.311553032843332,-0.2502845053250556,-1.113993833020125,-1.369883442790119,-1.219074164517542,-1.26086227204455
2024-03-27 12:50:00,4.63,128,3.7,-2.9,13.88622222222222,36.95805555555555,0.0,3.7,-2.9,-2.1,6.64,6.64,4.725,5.682499999999999,1.225,-12.80220416671216,5.633951470419253,-11.7718637269983,-12.77400750534226,3.781881012186195,-11.51999835224879,-13.0100285390653,-12.7628186017634,-13.00306292595855
2024-03-27 20:45:00,3.38,141,-3.3,-12.1,13.89283333333333,36.97888888888889,0.0,-3.3,-12.1,-12.5,6.99,6.99,5.195,6.0925,1.225,-7.414981114207348,0.6568037930425311,-6.390822192080109,-7.424540926233622,-0.2006029275311718,-7.974568011008582,-7.431558561725447,-7.668538178609536,-7.444342749819253
2024-03-28 04:40:00,4.36,163,-0.8,-10.5,13.89622222222222,36.9825,0.0,-0.8,-10.5,-13.8,6.91,6.91,4.995,5.952500000000001,1.225,-15.70751719466501,-4.254765811845139,-11.96548460476637,-15.61132668133323,-2.927053873343063,-13.80940438606797,-16.09734305646976,-15.20191522864254,-15.22515293195407
2024-03-28 12:35:00,4.5,136,6.1,3.2,13.88713888888889,36.95361111111111,0.0,6.1,3.2,-4.7,6.66,6.66,4.970000000000001,5.815,1.225,-12.57416145280342,2.55208758068749,-11.04172100550994,-12.58176498635604,0.9025449212274956,-13.1826287227535,-12.73572853510657,-12.83263488851621,-12.66948274488092
2024-03-28 20:30:00,2.89,146,2.1,-2.1,13.89069444444444,36.96972222222222,0.0,2.1,-2.1,-2.4,5.82,5.82,5.195,5.5075,1.225,-5.98990121757473,-0.3132753528052021,-4.68767489016227,-5.997228629926248,-0.9019858664039373,-6.213382388170415,-5.985583164569058,-6.191188452283508,-6.043501798495708
2024-03-29 04:25:00,1.49,200,-6.9,-20.2,13.89194444444444,36.95055555555555,0.0,-6.9,-20.2,-13.2,5.25,5.25,4.95,5.1,1.225,-0.6870923230415334,-1.738402262576185,-1.365855049491486,-0.4442288954178206,-1.499820534907702,-1.699390935307405,0.680484332830909,-0.8988831568076687,-0.722930959092105
2024-03-29 12:20:00,2.39,283,-12.5,-12.9,13.88861111111111,36.93194444444445,0.0,-12.5,-12.9,-18.5,6.03,6.03,4.984999999999999,5.5075,1.225,5.673784162696149,-4.037458531265792,-4.282525151324331,5.162814475871249,-3.972114455622255,-4.109065496429487,1.748276103655368,3.981840330617675,6.513331298713137
2024-03-29 20:15:00,0.74,224,-5.8,-9.7,13.8885,36.93055555555556,0.0,-5.8,-9.7,-10.1,5.02,5.02,4.984999999999999,5.0025,1.225,0.2837835072730268,-0.3976228475453538,-0.3259242441574071,0.289747695949329,-0.3887601203495754,-0.4065849114501645,0.596713588257878,-0.01883504412059969,0.1616879874594459
2024-03-30 04:10:00,1.58,168,-9.2,-17.3,13.88647222222222,36.86416666666667,0.0,-9.2,-17.3,-11.5,5.01,5.01,4.970000000000001,4.99,1.225,-2.191469724914531,-0.7765187363667958,-1.548388695651778,-2.182243083119777,-0.4209971230611205,-1.805414069863301,-2.297532053209708,-1.96784347268441,-2.078885514627626
2024-03-30 12:05:00,3.07,192,1.5,-3.0,13.89155555555556,36.8325,0.0,1.5,-3.0,-3.0,6.03,6.03,5.47,5.75,1.225,-5.024754351084649,-6.789281059843251,-5.861117537170643,-3.158168986927429,-4.894941822021001,-7.299380684945703,1.574611694818386,-4.307627727392907,-4.274587155514082
2024-03-30 20:00:00,1.93,165,4.1,6.2,13.89747222222222,36.92777777777778,0.0,4.1,6.2,-1.0,5.01,5.01,5.805,5.4075,1.225,-3.15468172923001,-0.9636887624501644,-2.330915930135223,-3.137865844296914,-0.5954002261116929,-2.701107679907798,-3.263815779319544,-2.961768737792911,-3.03077548766264
2024-03-31 04:55:00,2.01,160,0.1,0.7,13.89941666666667,36.85027777777778,0.0,0.1,0.7,-8.1,3.99,3.99,5.395,4.6925,1.225,-3.213330294089194,-0.6928039328047024,-2.565308838422595,-3.189580260384213,-0.5865386979564738,-2.942751112679955,-3.242900578183616,-3.258547866093624,-3.15862548464411
2024-03-31 12:50:00,3.81,165,4.3,7.2,13.88616666666667,36.91277777777778,0.0,4.3,7.2,4.6,5.38,5.38,6.390000000000001,5.885,1.225,-12.2939341860656,-3.755537717684456,-9.083682443404093,-12.22840193895096,-2.320301007345149,-10.5263360606485,-12.71923440473044,-11.54214372860364,-11.81106608404511
2024-03-31 20:45:00,2.57,166,6.4,10.2,13.88580555555556,36.94333333333334,0.0,6.4,10.2,-0.6,3.99,3.99,6.78,5.385,1.225,-5.661910317971131,-1.824022592624919,-4.120974826838636,-5.633894788388998,-1.075119751054539,-4.785261360376315,-5.8844583450081,-5.236643437319144,-5.416148036307914
2024-04-01 04:40:00,1.88,162,-0.3,3.3,13.88841666666667,36.94111111111111,0.0,-0.3,3.3,-6.4,3.22,3.22,6.375,4.7975,1.225,-2.884007922869781,-0.729412724673866,-2.2312082181108,-2.865159227411094,-0.5338529626488373,-2.569830589740393,-2.940950375807175,-2.834523741419213,-2.808265727416628
2024-04-01 12:35:00,4.35,190,0.5,2.2,13.89027777777778,36.87694444444445,0.0,0.5,2.2,1.1,4.9,4.9,6.975,5.9375,1.225,-11.14626718133519,-13.33444931235954,-11.79892077099641,-6.979303453221447,-9.088709781356904,-14.6977427292079,2.501724635827444,-8.895248743262513,-9.187250525673397
2024-04-01 20:30:00,2.75,159,2.4,12.5,13.88952777777778,36.97027777777778,0.0,2.4,12.5,-1.6,3.03,3.03,7.085,5.0575,1.225,-5.996990820602603,-1.252989319271997,-4.747281656390347,-5.957667750750254,-1.124511320754665,-5.547942879815961,-6.045225440813645,-6.092546484162887,-5.912012152122969
2024-04-02 04:25:00,1.9,156,4.2,13.4,13.88841666666667,36.93583333333333,0.0,4.2,13.4,-4.3,2.61,2.61,6.97,4.79,1.225,-2.837044096421792,-0.53533599792526,-2.187926192373249,-2.825624756770233,-0.5748747745114925,-2.704944092112787,-2.849877423121605,-2.898288702085795,-2.821427174594528
2024-04-02 12:20:00,4.12,133,4.6,5.9,13.88725,36.98666666666666,0.0,4.6,5.9,7.7,2.36,2.36,6.91,4.635,1.225,-10.35589326083195,2.769921769321381,-9.08046117769055,-10.35649725200727,1.317242179694793,-10.56830504628691,-10.56941570476017,-10.45735485133748,-10.47279955279175
2024-04-02 20:15:00,2.38,273,-20.0,-13.0,13.89047222222222,22.20638888888889,0.0,-20.0,-13.0,-10.3,0.09,0.09,6.165,3.1275,1.225,6.066999275891543,-4.23073985898886,-4.813267405959595,5.648670420549762,-4.196327706803106,-4.604619613676086,1.108742666175107,5.244302472970867,8.294793328157295
2024-04-03 04:10:00,7.1,251,-67.3,-51.4,13.88352777777778,22.24833333333333,0.0,-67.3,-51.4,-33.4,1.82,1.82,5.69,3.755,1.225,57.6893182969601,-35.29880097109797,-37.47391405974994,55.03277486535987,-35.37964858209622,-34.9858255933352,55.30977012778722,28.46472381616041,55.58425773359893
2024-04-03 12:05:00,6.1,275,-80.7,-60.4,13.89186111111111,22.20416666666667,0.0,-80.7,-60.4,-33.1,3.01,3.01,5.625,4.3175,1.225,39.14515217688285,-27.27020254529403,-30.84401751758613,36.37911720903571,-26.9672087395676,-29.25836302727178,8.684262714110874,32.81897665973688,51.67297950317874
2024-04-03 20:00:00,1.65,261,-24.2,-24.5,13.89105555555556,36.96944444444444,0.0,-24.2,-24.5,-20.2,3.39,3.39,5.76,4.575,1.225,2.57198801135774,-1.828624615431591,-2.511057436245403,2.579438846874693,-1.796154400876654,-1.794184868108337,2.125379932628986,1.89215343717264,3.057257674171824
2024-04-04 03:55:00,4.12,276,-64.3,-41.3,13.88658333333333,36.98388888888889,0.0,-64.3,-41.3,-36.8,4.42,4.42,5.869999999999999,5.145,1.225,17.69533126569246,-12.3210290262687,-13.89365044692707,16.42942203473705,-12.16526128255382,-13.12126378350317,4.281086158026969,14.59921383414775,22.92972439777597
2024-04-04 11:50:00,2.0,326,-35.7,-33.1,13.8885,36.98388888888889,0.0,-35.7,-33.1,-39.4,5.83,5.83,5.61,5.720000000000001,1.225,0.6192893027968674,-3.648090548970365,-2.341577533800584,0.586070812168158,-3.331036598508692,-1.514153097973648,-2.999830433065357,1.561577418631157,2.074202248369401
2024-04-04 19:45:00,1.38,276,-10.6,-19.7,13.88827777777778,36.91027777777778,0.0,-10.6,-19.7,-19.5,5.17,5.17,5.485,5.327500000000001,1.225,1.985283065226736,-1.382326779009928,-1.558763073282585,1.843257571575621,-1.364850809836901,-1.472107099473527,0.4803056649629183,1.637921978140668,2.572542601984432
2024-04-05 03:40:00,0.34,153,-13.4,-25.1,13.89194444444444,36.94777777777778,0.0,-13.4,-25.1,-27.4,6.24,6.24,5.45,5.845000000000001,1.225,-0.09002685942530944,-0.01513209806775882,-0.06755753611270125,-0.08989660606315125,-0.01962824049495443,-0.08843072885772119,-0.09011144911145391,-0.09248856949527667,-0.09032566397818553
2024-04-05 11:35:00,2.35,166,0.3,-3.5,13.88841666666667,36.92194444444444,0.0,0.3,-3.5,-11.0,6.28,6.28,5.0,5.640000000000001,1.225,-4.734045894865264,-1.525104811241823,-3.445636342899419,-4.710621503562241,-0.8989309187419482,-4.001060706850702,-4.920123122273954,-4.378471041589574,-4.528558726174576
2024-04-05 19:30:00,2.87,177,-0.4,0.2,13.88933333333333,36.98444444444444,0.0,-0.4,0.2,-7.3,5.07,5.07,5.435,5.2525,1.225,-7.886059644314144,-4.027847027587538,-5.14498497077008,-7.574090300730464,-1.995373532924518,-6.149432460549969,-7.923563897364989,-5.38731831964124,-5.771640890020284
2024-04-06 03:25:00,1.21,255,-17.3,-16.2,13.88530555555556,36.92277777777777,0.0,-17.3,-16.2,-17.9,5.05,5.05,5.415,5.2325,1.225,1.534376922486397,-0.9996661106298406,-1.207823297222109,1.498778239553221,-0.9925625353656846,-0.9793339980979607,1.446815240712596,0.8900956272185002,1.594707237764289
2024-04-06 11:20:00,1.89,208,-2.2,-8.9,13.88897222222222,36.95083333333334,0.0,-2.2,-8.9,-6.4,5.01,5.01,5.44,5.225,1.225,-0.03765120132558906,-2.909387580418843,-2.290868320716281,0.1059785163514624,-2.657280225641705,-2.952016622893518,1.791613827239761,-1.140369502999897,-0.6296987733986766
2024-04-06 19:15:00,1.69,292,-13.9,-11.5,13.88813888888889,36.95611111111111,0.0,-13.9,-11.5,-14.6,4.06,4.06,5.485,4.7725,1.225,2.679694993014585,-2.121940633141621,-1.935814180479156,2.368617985969764,-2.10133862898429,-2.12909898994686,0.4166340580676471,1.640175066534472,2.997180196027314
2024-04-07 03:10:00,0.64,222,-19.0,-18.7,13.88472222222222,36.90944444444445,0.0,-19.0,-18.7,-23.9,4.86,4.86,5.48,5.17,1.225,0.1835251748208551,-0.2895939210304822,-0.2412259851223427,0.1889489736723458,-0.2818990496654374,-0.2973807355482757,0.4020394159372513,-0.02558990902683666,0.1019791892406989
2024-04-07 11:05:00,0.92,292,-8.0,-11.6,13.89158333333333,36.91194444444444,0.0,-8.0,-11.6,-14.8,4.53,4.53,5.18,4.855,1.225,0.7941226995159643,-0.6288332172861835,-0.5736749841943763,0.7019355986571929,-0.6227278511159635,-0.6309545832047279,0.1234687394518597,0.4860628746594227,0.8882088575041207
2024-04-07 19:00:00,2.12,299,-12.5,-11.9,13.88833333333333,36.94027777777778,0.0,-12.5,-11.9,-16.2,4.05,4.05,5.575,4.8125,1.225,3.756008251540258,-3.576299402644219,-2.910350383423606,3.470867039395245,-3.541638166544238,-3.776973966815909,-1.077448071199778,3.412850954898933,5.459732156834559
2024-04-08 02:55:00,1.62,165,-1.9,-5.9,13.88944444444444,37.01555555555556,0.0,-1.9,-5.9,-13.4,4.85,4.85,5.609999999999999,5.23,1.225,-2.222649394665961,-0.6789725330006743,-1.642260400828714,-2.210801664950152,-0.4194926987053416,-1.903081155239074,-2.299540425580878,-2.086731422444553,-2.135350530167745
2024-04-08 10:50:00,2.21,249,-5.6,-5.9,13.88894444444444,37.04833333333333,0.0,-5.6,-5.9,-6.5,5.15,5.15,6.180000000000001,5.665000000000001,1.225,5.520796150120093,-3.441542762469953,-3.495679891535926,5.209554157805965,-3.455799441819278,-3.420568213872433,5.361684372053129,2.467423706538,5.129337827456829
2024-04-08 18:45:00,0.56,217,-1.5,-0.2,13.89216666666667,36.92194444444444,0.0,-1.5,-0.2,0.1,4.29,4.29,6.955,5.6225,1.225,0.08899348378633935,-0.2283762774407683,-0.1888582199887631,0.09457184150302277,-0.2179089289361379,-0.234946803819994,0.2435015533978444,-0.04789881141934756,0.03142001214214445
2024-04-09 02:40:00,1.02,201,-7.5,-11.8,13.89252777777778,36.95666666666666,0.0,-7.5,-11.8,-6.0,3.1,3.1,6.175,4.6375,1.225,-0.2831123596812539,-0.8187528037150987,-0.6434716286019888,-0.1782972810577473,-0.7117440700941075,-0.8043082463764146,0.3442595492466675,-0.4101038364279956,-0.3193627280205583
2024-04-09 10:35:00,3.38,226,-11.2,-25.9,13.88597222222222,36.89805555555556,0.0,-11.2,-25.9,-8.0,4.31,4.31,6.875,5.592499999999999,1.225,6.72215425213904,-8.51371301616443,-6.871123109389389,6.819733657522964,-8.358534935021146,-8.670471514175958,13.68455830919041,-0.07215520450357729,3.902124463430083
2024-04-09 18:30:00,1.19,163,-1.0,1.7,13.88841666666667,36.94527777777778,0.0,-1.0,1.7,1.1,3.65,3.65,7.395,5.5225,1.225,-1.170114841941182,-0.3169542686933916,-0.8913560910702824,-1.162949231621705,-0.2180477753367303,-1.02871694044645,-1.19915450626351,-1.132450559468936,-1.134181627542933
2024-04-10 02:25:00,1.38,179,-6.9,-12.1,13.88711111111111,36.91444444444444,0.0,-6.9,-12.1,-4.6,2.18,2.18,6.585,4.3825,1.225,-1.855349707849495,-1.00908867253841,-1.19392185306196,-1.764327332982477,-0.4981960637419341,-1.435187452229374,-1.838597277732738,-1.175019110885029,-1.255645770388822
2024-04-10 10:20:00,2.32,244,-12.6,-15.6,13.89058333333333,36.93638888888889,0.0,-12.6,-15.6,-6.6,3.98,3.98,6.995,5.4875,1.225,5.05758250172324,-3.793900781570948,-3.656897649079295,4.608802312088179,-3.80157304865543,-3.770638680836953,5.19107705834564,1.4099394259571,4.151203941801039
2024-04-10 18:15:00,2.55,255,-7.7,-8.7,13.89080555555556,36.90972222222222,0.0,-7.7,-8.7,-1.7,3.4,3.4,7.54,5.47,1.225,6.814620543998222,-4.439812092323296,-5.364299562998949,6.656516291711507,-4.408263019066569,-4.349511182727949,6.425733285112806,3.953177252911889,7.082565271198888
2024-04-11 02:10:00,0.93,227,-22.8,-22.1,13.89058333333333,36.92861111111111,0.0,-22.8,-22.1,-11.7,2.12,2.12,6.995,4.5575,1.225,0.5392558117672692,-0.6528033981448897,-0.5228933207539699,0.5456268557353514,-0.6421805033631129,-0.6635273163293984,1.08277669266892,0.006680473626101927,0.315435553679234
2024-04-11 10:05:00,3.92,321,-24.4,-12.7,13.88597222222222,36.90805555555556,0.0,-24.4,-12.7,-26.5,3.02,3.02,6.975,4.9975,1.225,4.361190761188462,-14.52303562923,-8.5583108864329,3.757621582154838,-14.22002468589038,-13.54996324521115,-10.84989863279047,6.785354773696661,9.525522603924843
2024-04-11 18:00:00,1.58,340,-18.2,-8.1,13.88927777777778,36.96194444444444,0.0,-18.2,-8.1,-18.7,3.05,3.05,7.16,5.105,1.225,-1.022224722051069,-2.186393189605836,-1.438229689819636,-0.6436591821274531,-1.658848290477485,0.4441808409819882,-2.138223346978139,-0.3279184693144114,0.02762772594977024
2024-04-12 01:55:00,1.28,270,-25.1,-21.8,13.88897222222222,36.93722222222222,0.0,-25.1,-21.8,-27.6,3.34,3.34,6.91,5.125,1.225,1.801714144879075,-1.258193470786495,-1.443387675951279,1.681902857793336,-1.253321363602319,-1.397239136113929,0.2281785562160335,1.624634983496665,2.585238057998903
2024-04-12 09:50:00,3.53,305,-24.4,-16.8,13.88327777777778,36.94861111111111,0.0,-24.4,-16.8,-24.4,4.32,4.32,6.255,5.2875,1.225,9.73383498479209,-10.79502795632289,-7.634865075940059,8.883433149178106,-10.66763979410005,-11.47585089049571,-5.019127827817787,8.888600733161878,14.59534009359286
2024-04-12 17:45:00,3.61,311,-23.1,-6.0,13.88930555555556,36.91444444444444,0.0,-23.1,-6.0,-27.8,4.39,4.39,7.06,5.725,1.225,9.097396472014859,-12.14069160240049,-7.546733431929463,8.105175686017052,-11.98199370810853,-12.86805838576739,-6.899409742700965,8.105158608515396,13.78494618624845
2024-04-13 01:40:00,1.46,268,-23.5,-19.2,13.88452777777778,36.96194444444444,0.0,-23.5,-19.2,-20.5,3.57,3.57,6.27,4.92,1.225,2.270671351287724,-1.591339985304022,-1.897476366766183,2.150729648977318,-1.580760352047881,-1.726049309279989,0.6006915759082077,1.973198722713803,3.147958233566607
2024-04-13 09:35:00,2.3,301,-20.8,-19.2,13.89027777777778,36.95916666666667,0.0,-20.8,-19.2,-15.0,3.18,3.18,5.885,4.5325,1.225,4.301190271304663,-4.315964803242617,-3.370398455923498,3.98798451348397,-4.272209718300916,-4.588207699476002,-1.673821190508727,4.080185059401421,6.480188048302856
2024-04-13 17:30:00,4.12,337,-47.4,-17.3,13.89091666666667,36.91916666666667,0.0,-47.4,-17.3,-43.5,4.65,4.65,7.07,5.86,1.225,-4.602555022275698,-14.91603710331212,-9.942416976144091,-2.716808611874444,-11.75887858778744,2.236705073634309,-14.17504921025316,0.2187382540125867,2.35927051442559
2024-04-14 01:25:00,1.42,285,-28.9,-19.9,13.89116666666667,36.93777777777778,0.0,-28.9,-19.9,-24.9,4.01,4.01,6.119999999999999,5.065,1.225,1.988031901606053,-1.437368500667842,-1.47527990136506,1.788959191983796,-1.416818617184561,-1.449930876543358,0.5883347601587005,1.30438673181455,2.219661644101454
2024-04-14 09:20:00,2.4,268,-15.0,-18.5,13.88811111111111,36.97527777777778,0.0,-15.0,-18.5,-14.8,3.93,3.93,5.56,4.745,1.225,6.135797984339129,-4.300111801159299,-5.127352163901864,5.811692052031032,-4.271523563424561,-4.664122734777977,1.623186093653253,5.331968775957731,8.506398679556977
2024-04-14 17:15:00,2.49,254,-16.4,-20.8,13.88761111111111,36.87138888888889,0.0,-16.4,-20.8,-9.5,4.19,4.19,6.585,5.3875,1.225,6.647131113469078,-4.260383700065177,-4.988385371478072,6.452383062634527,-4.240308223589206,-4.186184132951237,6.29586241441211,3.702244166870825,6.774016876247774
2024-04-15 01:10:00,2.79,279,-33.3,-22.8,13.88988888888889,36.98361111111111,0.0,-33.3,-22.8,-24.8,4.01,4.01,6.025,5.0175,1.225,7.892049871881684,-5.486381834845358,-6.128205787353494,7.305885130671907,-5.390807939326198,-5.706532286222756,2.402780586323522,6.182984019273239,9.631346676785745
2024-04-15 09:05:00,3.02,294,-16.0,-19.6,13.89180555555556,36.96972222222222,0.0,-16.0,-19.6,-17.5,4.11,4.11,5.555,4.8325,1.225,8.289916576646325,-6.913522298660956,-6.102866812251095,7.415047591364321,-6.846434121611638,-7.046200043848851,0.3256156738536777,5.719881023711908,10.00188872177586
2024-04-15 17:00:00,2.01,243,-25.6,-27.4,13.88808333333333,36.94222222222222,0.0,-25.6,-27.4,-21.8,4.87,4.87,5.755,5.3125,1.225,3.642190979590707,-2.847937038590248,-2.715577036234431,3.289450151762236,-2.852489114727716,-2.830454038957972,3.788757569927686,0.8617750224736508,2.890545848368048
2024-04-16 00:55:00,0.68,261,-16.0,-21.0,13.889,37.03916666666667,0.0,-16.0,-21.0,-22.1,6.05,6.05,5.819999999999999,5.935,1.225,0.4368364578335424,-0.3105807243987393,-0.4264877717244718,0.4381019367474227,-0.3050658567365895,-0.3047313436228816,0.3609828028825136,0.3213707068314524,0.519256546753738
2024-04-16 08:50:00,1.22,122,-8.3,-16.5,13.88711111111111,36.99333333333333,0.0,-8.3,-16.5,-18.6,6.09,6.09,5.44,5.765000000000001,1.225,-0.8798253516339628,0.6701603626420309,-0.9267809370829397,-0.8733532268254454,0.5563297600097421,-0.5461398738528122,-0.8608336006354058,-0.8725013296966179,-0.8951223363264209
2024-04-16 16:45:00,1.66,148,-0.2,-1.9,13.88863888888889,36.98583333333333,0.0,-0.2,-1.9,-5.9,5.07,5.07,5.08,5.075,1.225,-2.051332573560984,-0.2080713017708169,-1.548645549609014,-2.053794767435871,-0.3972733984375302,-2.100569036252445,-2.047738649998668,-2.119843774206371,-2.073257867743523
2024-04-17 00:40:00,1.6,314,-17.9,-17.9,13.89161111111111,36.98027777777778,0.0,-17.9,-17.9,-25.1,5.4,5.4,5.475,5.4375,1.225,1.455585017197887,-2.402076258171802,-1.458719398413425,1.286841224582464,-2.374628709899432,-2.523534779129643,-1.498570170590145,1.446982183691201,2.351529469209074
2024-04-17 08:35:00,0.69,300,-13.6,-21.2,13.89172222222222,36.97944444444445,0.0,-13.6,-21.2,-22.9,6.05,6.05,5.335,5.6925,1.225,0.3909074985957198,-0.3824332473481315,-0.3062425244380952,0.363794785659721,-0.37872759651145,-0.4065574353801735,-0.1403627858730216,0.3741179869422444,0.5896082434742694
2024-04-17 16:30:00,0.97,190,-11.5,-14.1,13.89180555555556,36.98972222222222,0.0,-11.5,-14.1,-19.8,5.83,5.83,5.105,5.4675,1.225,-0.5542355814991826,-0.6630404734046291,-0.5866880461583049,-0.3470380033894074,-0.451925857221758,-0.7308287030736803,0.1243954398123949,-0.4423062249985838,-0.4568256847459957
2024-04-18 00:25:00,1.41,208,-9.4,-17.1,13.88677777777778,36.9525,0.0,-9.4,-17.1,-17.5,6.03,6.03,5.105,5.567500000000001,1.225,-0.02095527934699577,-1.619258545010134,-1.275013383840329,0.05898375979349467,-1.478944827020037,-1.642984308382913,0.9971466224168892,-0.6346878891727824,-0.3504672689437331
2024-04-18 08:20:00,3.0,17,-3.4,-19.1,13.88716666666667,36.96583333333334,0.0,-3.4,-19.1,-9.7,6.94,6.94,5.07,6.005000000000001,1.225,-7.608053092053366,-3.419850472724744,-6.677470271530402,-7.59975888177953,-1.9981432517158,9.773060993971024,-7.374270294978102,-8.277122503250665,-7.810163884132536
2024-04-18 16:15:00,1.76,221,-17.3,-22.5,13.892,36.945,0.0,-17.3,-22.5,-29.4,7.14,7.14,5.4,6.27,1.225,1.279226930390392,-2.160467699326048,-1.814582087301713,1.323884384145488,-2.098245824559356,-2.223451596059798,2.872924607201086,-0.2370135868891666,0.6995175255072682
2024-04-19 00:10:00,2.23,317,-30.5,-30.9,13.88644444444444,36.91444444444444,0.0,-30.5,-30.9,-39.9,7.97,7.97,5.2,6.585,1.225,2.183599280306411,-4.699505153358879,-2.787491840256656,1.906636543049408,-4.653426581617194,-4.893826167994807,-3.189326504382195,2.528803196778191,3.875698224762881
2024-04-19 08:05:00,2.89,294,-51.1,-41.5,13.88891666666667,37.07361111111111,0.0,-51.1,-41.5,-43.8,7.95,7.95,4.904999999999999,6.4275,1.225,7.591576272949408,-6.331129072260666,-5.588762982172094,6.790406011560233,-6.269692384885812,-6.452630080504144,0.2981858986002041,5.238039811646883,9.15933235309243
2024-04-19 16:00:00,5.42,230,-44.6,-57.8,13.88911111111111,36.94111111111111,0.0,-44.6,-57.8,-33.9,7.45,7.45,4.94,6.195,1.225,21.40796394855327,-23.01427611656651,-18.03578677031153,21.52079678231497,-22.76810855960012,-23.26197722002868,41.54206561784844,1.464225309259019,12.75371971124215
2024-04-19 23:55:00,0.62,216,-20.3,-34.9,13.89169444444444,36.92222222222222,0.0,-20.3,-34.9,-28.3,8.06,8.06,4.984999999999999,6.5225,1.225,0.09702683139249202,-0.2851029524732394,-0.2340011071023142,0.1041460007635587,-0.2707361104047127,-0.2930667282626744,0.2860567540462118,-0.06668047447070995,0.02538152147371231
2024-04-20 07:50:00,2.43,188,-12.1,-28.6,13.89166666666667,36.86722222222222,0.0,-12.1,-28.6,-26.5,8.27,8.27,4.545,6.4075,1.225,-3.943121894649479,-3.978790335658426,-3.68729803756513,-2.840553185595335,-2.589333084445791,-4.563394042583887,-0.5176882665269806,-2.927453131104649,-3.047797443850355
2024-04-20 15:45:00,3.6,117,0.8,-4.4,13.88758333333333,36.94166666666667,0.0,0.8,-4.4,-5.9,7.11,7.11,4.67,5.890000000000001,1.225,-7.661427317463765,6.922124733235651,-8.340474157264886,-7.561055685772073,6.432578703993339,-2.407085655633675,-7.156714963651797,-7.801102432290827,-7.818909640768444
2024-04-20 23:40:00,1.37,57,-0.4,-12.1,13.88627777777778,36.89722222222223,0.0,-0.4,-12.1,-9.3,6.98,6.98,4.995,5.987500000000001,1.225,-1.065406266673307,0.6118581535116232,-1.263281724908248,-1.070551733272589,0.8297864788867038,1.787735532765913,-1.167576365463581,-1.003139256991136,-1.013325781075465
2024-04-21 07:35:00,3.34,163,-12.1,-29.3,13.89511111111111,36.92444444444445,0.0,-12.1,-29.3,-19.4,9.06,9.06,5.705,7.3825,1.225,-9.217804625915582,-2.496868187159099,-7.021828973620256,-9.161356153011155,-1.717713270635145,-8.103915472667481,-9.4465701645881,-8.921096999655152,-8.93473382121174
2024-04-21 15:30:00,2.32,92,-8.7,-20.3,13.8925,36.9375,0.0,-8.7,-20.3,-18.5,7.81,7.81,4.99,6.4,1.225,-2.76357936245496,3.159945701742959,-4.124375562032998,-2.81207353077371,3.754752915422,3.527140201392853,-2.972375719134672,-2.844157866532646,-2.849061273893779
2024-04-21 23:25:00,3.04,293,-38.0,-31.9,13.88541666666667,36.95416666666667,0.0,-38.0,-31.9,-43.2,8.26,8.26,5.08,6.67,1.225,8.53543972567967,-6.935722872263169,-6.223880271660213,7.588909893816885,-6.868401644772315,-7.014524609359796,0.8390313338168757,5.551536841402082,9.916450855082376
2024-04-22 07:20:00,5.37,276,-43.8,-40.4,13.89105555555556,36.91888888888889,0.0,-43.8,-40.4,-38.9,7.94,7.94,4.675,6.3075,1.225,30.06165155620505,-20.93153701618956,-23.6031794097577,27.91106609208625,-20.66691153023826,-22.29101303130023,7.272908228297196,24.80182329943533,38.9540819991414
2024-04-22 15:15:00,2.8,258,-34.2,-34.8,13.88438888888889,36.94416666666667,0.0,-34.2,-34.8,-23.2,7.56,7.56,4.545,6.0525,1.225,7.649475815813139,-5.250439241970945,-6.94735585337866,7.625751115100406,-5.174441681472659,-5.09641469238812,7.106499028025232,5.020811147855215,8.460369538913245
2024-04-22 23:10:00,0.74,197,-9.9,-15.3,13.88802777777778,36.82166666666667,0.0,-9.9,-15.3,-15.0,7.01,7.01,4.6,5.805,1.225,-0.2154014583158005,-0.4159166670200496,-0.3382620377315209,-0.137292482569303,-0.3378630547302215,-0.4210167573536706,0.139210962124273,-0.2324262983941756,-0.2045816674574411
2024-04-23 07:05:00,1.51,328,-21.2,-25.4,13.89363888888889,36.91694444444445,0.0,-21.2,-25.4,-33.9,8.03,8.03,4.99,6.51,1.225,0.2353653338796918,-2.049320040315472,-1.360700481180832,0.2446793810251205,-1.814284461239628,-0.4041179090187551,-1.749997015328491,0.8434631296883484,1.089918850263079
2024-04-23 15:00:00,3.81,263,-12.5,-21.1,13.88969444444444,36.95361111111111,0.0,-12.5,-21.1,-17.8,6.83,6.83,4.965,5.8975,1.225,14.2134663278258,-10.06059039345419,-13.25528618592448,14.00847209901382,-9.916342754724305,-10.1915307181367,9.263277179164405,11.04552303545561,17.76855445606207
2024-04-23 22:55:00,1.31,98,0.1,-8.5,13.8885,36.96583333333334,0.0,0.1,-8.5,-9.1,6.32,6.32,5.165,5.7425,1.225,-1.082443349575302,1.258480894395007,-1.340616303965586,-1.092760165383054,1.476430076761399,1.48042208301592,-1.123184072205256,-1.138359580571294,-1.073922008560074
2024-04-24 06:50:00,3.11,108,-2.1,-10.0,13.88313888888889,36.86222222222222,0.0,-2.1,-10.0,-10.8,6.72,6.72,4.995,5.8575,1.225,-5.907286729563019,6.031682609298453,-6.434990244898275,-5.813990520846177,6.634826701433954,2.610939143091347,-5.304563989938641,-6.367045532361785,-6.006633179898651
2024-04-24 14:45:00,4.41,116,1.5,-7.1,13.04252777777778,37.00361111111111,0.0,1.5,-7.1,-5.2,6.25,6.25,4.98,5.615,1.225,-11.51031901439087,10.52610722333144,-12.49243170863545,-11.34423543919833,10.02096286375068,-2.805822075327907,-10.63171397909599,-11.82834832874169,-11.75682769580744
2024-04-24 22:40:00,1.04,168,-2.6,-9.4,13.88894444444444,36.95583333333333,0.0,-2.6,-9.4,-9.3,5.86,5.86,4.58,5.220000000000001,1.225,-0.9494847197835111,-0.3364375361537921,-0.6708609250188124,-0.945487148975465,-0.1824028554329867,-0.7822207410527747,-0.9954376977854591,-0.8525955375963219,-0.9007060457543827
2024-04-25 06:35:00,1.61,181,-7.1,-16.9,13.89136111111111,36.95361111111111,0.0,-7.1,-16.9,-15.6,6.04,6.04,4.875,5.4575,1.225,-2.445130559977293,-1.466470464364717,-1.626866695067939,-2.264974409073293,-0.7573679149233883,-1.967659812462894,-2.22207979989231,-1.518039591453001,-1.615766326807981
2024-04-25 14:30:00,1.07,64,0.9,-1.7,13.88958333333333,36.95722222222222,0.0,0.9,-1.7,-2.5,6.05,6.05,5.215,5.6325,1.225,-0.6293390312712854,0.537464216644494,-0.7973141710041066,-0.6365021787865804,0.6983031328618471,1.202410752240771,-0.7321978863291767,-0.5757291555309828,-0.586054162725563
2024-04-25 22:25:00,2.04,69,-20.6,-22.6,13.88961111111111,37.00027777777778,0.0,-20.6,-22.6,-22.5,4.18,4.18,5.015,4.5975,1.225,-2.261988443780863,2.17595787698416,-2.927588554012273,-2.298486697772086,2.862292054262554,5.142464074632271,-2.700968136745364,-2.078527826372941,-2.124615382069288
2024-04-26 06:20:00,3.2,275,-42.8,-28.3,13.89655555555555,36.94111111111111,0.0,-42.8,-28.3,-41.8,5.69,5.69,5.66,5.675000000000001,1.225,10.77254389388015,-7.504619028858129,-8.488114468693418,10.01134534320144,-7.421236696940939,-8.051750534782668,2.389864288967895,9.031613034015203,14.22013733169982
2024-04-26 14:15:00,3.53,341,-18.9,-12.9,13.89236111111111,36.93638888888889,0.0,-18.9,-12.9,-25.0,4.9,4.9,5.32,5.11,1.225,-5.606247303081811,-10.75715283719505,-7.396000112925605,-3.425068592797369,-7.994802633637817,3.003288995512762,-10.70558408901874,-1.84994149134129,0.1162630614365582
2024-04-26 22:10:00,1.05,200,-7.6,-10.7,13.88916666666667,37.045,0.0,-7.6,-10.7,-13.1,5.0,5.0,5.27,5.135,1.225,-0.3412095338738304,-0.8632892637675079,-0.6782825963084381,-0.2206037373082957,-0.7448097561982531,-0.84391626781515,0.3379280108761216,-0.4463847035631076,-0.3590069737394919
2024-04-27 06:05:00,0.46,258,-16.8,-18.7,13.88183333333333,36.94888888888889,0.0,-16.8,-18.7,-23.3,5.05,5.05,5.025,5.0375,1.225,0.2064577911512833,-0.1417082836225832,-0.1875077166549649,0.2058174663208223,-0.1396571249744407,-0.1375511924629243,0.191802958460477,0.135510668225276,0.2283436472492402
2024-04-27 14:00:00,1.94,321,-7.7,-7.6,13.89375,36.94333333333334,0.0,-7.7,-7.6,-11.2,5.05,5.05,5.535,5.2925,1.225,1.06816024239958,-3.55703983328366,-2.096135650001227,0.920331670827126,-3.482825184025995,-3.318711062426898,-2.657400464283777,1.661896164767594,2.333029003028135
2024-04-27 21:55:00,0.56,243,-3.7,-6.8,13.88788888888889,36.97166666666666,0.0,-3.7,-6.8,-8.0,4.05,4.05,5.48,4.765000000000001,1.225,0.2827135692679998,-0.2210621161114581,-0.2107880890480725,0.255333176800732,-0.2214154566418187,-0.2197050534930374,0.2940903378454302,0.06689256380974158,0.2243694903710849
2024-04-28 05:50:00,0.38,206,-4.8,-11.7,13.88294444444444,36.86972222222222,0.0,-4.8,-11.7,-13.9,4.08,4.08,5.09,4.585,1.225,-0.01231400493367486,-0.1164750260089761,-0.09166475874924931,-0.004010308280749176,-0.1049520944993055,-0.1171331213034627,0.06538372087964528,-0.04919038034837889,-0.03084663610636394
2024-04-28 13:45:00,2.0,208,-0.2,0.2,13.89183333333333,36.97194444444445,0.0,-0.2,0.2,-2.1,5.05,5.05,6.225,5.637499999999999,1.225,-0.04216141913786182,-3.257901604567445,-2.565290244636243,0.1186736276716356,-2.975594440963809,-3.305637157855063,2.006230315209273,-1.276973772290695,-0.7051300617549079
2024-04-28 21:40:00,0.58,81,-3.2,-4.2,13.88852777777778,36.92194444444444,0.0,-3.2,-4.2,-5.7,3.23,3.23,6.274999999999999,4.7525,1.225,-0.1770362731161583,0.2493015132263473,-0.2608497001067086,-0.1809384633427614,0.285802047525107,0.3551014222170196,-0.1901359616968076,-0.1802047803463803,-0.1807059405637216
2024-04-29 05:35:00,0.2,303,-5.2,-11.0,13.88966666666667,36.93166666666666,0.0,-5.2,-11.0,-13.1,3.08,3.08,5.475,4.2775,1.225,0.03188459366190463,-0.03364368848386835,-0.02499664223676994,0.02933553852730344,-0.03327380221956289,-0.03576569696266945,-0.01438404954348356,0.02969241690013821,0.04792558589315114
2024-04-29 13:30:00,2.88,47,2.3,-1.8,13.89027777777778,36.92916666666667,0.0,2.3,-1.8,2.2,4.21,4.21,6.29,5.25,1.225,-4.900840590313365,0.5637629410838935,-5.191197634576709,-4.896161158042144,1.468767457672026,8.939503673454062,-5.084306092654026,-4.931044440262813,-4.95348241807262
2024-04-29 21:25:00,0.34,81,-3.1,-3.4,13.89011111111111,37.0125,0.0,-3.1,-3.4,-4.3,3.03,3.03,6.475000000000001,4.7525,1.225,-0.06083648386512457,0.08566960442617644,-0.08963800633869062,-0.06217742676106786,0.0982125942149298,0.1220265291566215,-0.06533804153433699,-0.06192530501795947,-0.06209752297611838
2024-04-30 05:20:00,0.54,350,-9.4,-14.3,13.88930555555556,36.91055555555555,0.0,-9.4,-14.3,-16.3,3.93,3.93,6.015,4.9725,1.225,-0.2372909819521547,-0.2188047850504669,-0.2187794601397617,-0.1248450591940025,-0.1269758670949324,0.2358499370616574,-0.2573767748514201,-0.08817638227225602,-0.001837355080298636
2024-04-30 13:15:00,3.7,132,4.2,7.5,13.88744444444445,36.87666666666667,0.0,4.2,7.5,-1.1,3.92,3.92,6.459999999999999,5.19,1.225,-8.302571613057395,2.403508651276427,-7.276377452085119,-8.301507657125383,1.213101259459179,-8.393869554931193,-8.495772761113116,-8.35343087460179,-8.406805556505724
2024-04-30 21:10:00,1.17,173,-2.0,4.5,13.89388888888889,36.9575,0.0,-2.0,4.5,-4.3,3.02,3.02,6.975,4.9975,1.225,-1.264495888704849,-0.5574935715920971,-0.8487494029070719,-1.239811661468182,-0.2786246488392491,-1.002692492155978,-1.30727811268002,-0.9967453121820927,-1.072448009454371
2024-05-01 05:05:00,0.36,230,-7.4,-11.9,13.88963888888889,36.92138888888889,0.0,-7.4,-11.9,-14.5,3.02,3.02,5.965,4.4925,1.225,0.09444561374887676,-0.1015321885835916,-0.07956856406613386,0.09494339888441132,-0.1004461700318683,-0.1026249726894962,0.1832713233777168,0.00645972958156782,0.05626564434637951
2024-05-01 13:00:00,1.45,248,-0.5,0.3,13.88569444444444,36.99388888888889,0.0,-0.5,0.3,0.8,4.03,4.03,6.975,5.5025,1.225,2.296390831510219,-1.48160660782795,-1.489547133822634,2.154143492537795,-1.487115758749217,-1.472565982577133,2.25202473519336,0.9598897855828991,2.090768495957625
2024-05-01 20:55:00,1.08,179,-4.4,-0.3,13.88608333333333,36.91333333333333,0.0,-4.4,-0.3,-0.4,2.63,2.63,7.165,4.8975,1.225,-1.136357855091185,-0.6180429676794803,-0.731248923236437,-1.080608801297397,-0.3051333169232264,-0.8790184017435114,-1.126097387496044,-0.7196714403152163,-0.7690533640944771
2024-05-02 04:50:00,0.67,246,-13.7,-13.5,13.88588888888889,36.91361111111111,0.0,-13.7,-13.5,-16.1,2.56,2.56,6.625,4.5925,1.225,0.4560534693019659,-0.3163756566640675,-0.3115102080955082,0.4221535554051107,-0.3172837189398675,-0.3144404884391377,0.4568840373049017,0.1612674449750521,0.3963058443011534
2024-05-02 12:45:00,2.33,294,-2.5,5.6,13.88416666666667,16.64805555555555,0.0,-2.5,5.6,5.8,-1.98,-1.98,4.465,1.2425,1.225,4.934556390394635,-4.115260427963737,-3.632719358474406,4.413792363137336,-4.075326323715782,-4.194236592479609,0.1938220836568825,3.404747827905528,5.953604412267992
2024-05-02 20:40:00,2.17,42,0.1,-2.8,13.88786111111111,36.97555555555556,0.0,0.1,-2.8,2.7,2.56,2.56,7.34,4.95,1.225,-2.725900188558005,0.1392623410366248,-2.900467177342773,-2.724845131890578,0.6864116648673007,5.131195999669668,-2.995628633030535,-2.741885910400819,-2.76889619241532
2024-05-03 04:35:00,1.19,23,-4.3,-14.1,13.88755555555555,36.93722222222222,0.0,-4.3,-14.1,-8.4,3.01,3.01,6.885,4.9475,1.225,-1.148958245153179,-0.4763723499318844,-0.9988268738246565,-1.13720365646759,-0.2800946811349788,1.468521307124447,-1.089915075261503,-1.242879846691161,-1.17723481849295
2024-05-03 12:30:00,3.68,43,-0.5,-0.5,13.89027777777778,36.89055555555556,0.0,-0.5,-0.5,-2.9,3.07,3.07,6.465,4.7675,1.225,-7.871903796044158,0.5044983760514289,-8.368349888902582,-7.867948355882093,2.05886577245044,14.72464442082679,-8.552386250310258,-7.918545530417743,-7.988015937571412
2024-05-03 20:25:00,1.2,65,-4.9,-4.9,13.88719444444444,36.94944444444445,0.0,-4.9,-4.9,-6.1,2.24,2.24,6.87,4.555,1.225,-0.7897808164106765,0.6913825754903461,-1.004859931055244,-0.7995142163022467,0.9007160954687659,1.565747267037253,-0.9236567594183906,-0.7231422470855605,-0.7367207341555304
2024-05-04 04:20:00,1.36,66,-11.9,-18.0,13.88958333333333,36.95,0.0,-11.9,-18.0,-18.6,3.44,3.44,6.119999999999999,4.779999999999999,1.225,-1.012154235784604,0.907804978498385,-1.293302684029027,-1.025586105901397,1.185722289108529,2.079721431093918,-1.189896915655869,-0.9275745676227504,-0.9457760163553046
2024-05-04 12:15:00,1.06,203,-3.1,-6.7,13.88852777777778,37.00944444444445,0.0,-3.1,-6.7,-6.3,3.95,3.95,6.040000000000001,4.995000000000001,1.225,-0.2217784983640784,-0.8930611925665727,-0.7022611280446884,-0.1280152934115796,-0.7878567826361123,-0.8857496847941874,0.4265784020530792,-0.4188430733347638,-0.3029502408810675
2024-05-04 20:10:00,0.93,96,-2.8,-3.2,13.89147222222222,36.93916666666667,0.0,-2.8,-3.2,-4.0,3.0,3.0,6.495,4.7475,1.225,-0.5117217997110904,0.5921001849847726,-0.6713554292672946,-0.5177857078507659,0.6971898270677405,0.6863393929431502,-0.5365943111831845,-0.5348254044983988,-0.5134373842655565
2024-05-05 04:05:00,1.08,218,-22.1,-33.0,13.88936111111111,36.94722222222222,0.0,-22.1,-33.0,-21.8,4.04,4.04,6.180000000000001,5.11,1.225,0.3675902269037603,-0.8337407864684845,-0.6948351626164678,0.3874844027663628,-0.7994704032547651,-0.8584526598908617,0.9433601613125844,-0.1539773257947191,0.1567102705293189
2024-05-05 12:00:00,1.46,316,-19.2,-15.4,13.88666666666667,36.96472222222222,0.0,-19.2,-15.4,-11.7,4.49,4.49,6.025,5.2575,1.225,1.027990710216951,-2.009642033373095,-1.201430309167378,0.9020100478080287,-1.988856396780625,-2.0988826926078,-1.327320117304136,1.124249194137862,1.760199815939703
2024-05-05 19:55:00,0.96,278,-7.8,-4.8,13.88725,36.92111111111111,0.0,-7.8,-4.8,-6.5,4.02,4.02,6.975,5.4975,1.225,0.9431677968220542,-0.656024843765129,-0.735145142858295,0.8739915149157574,-0.6456621241437128,-0.6878838685702533,0.2671301948884656,0.7522379699680647,1.175181931190145
2024-05-06 03:50:00,0.84,228,-18.0,-12.1,13.89088888888889,36.83944444444445,0.0,-18.0,-12.1,-13.1,3.04,3.04,6.01,4.525,1.225,0.4646906201672857,-0.5393074645559575,-0.4287923326700659,0.4690590780516177,-0.531558984240602,-0.5471231674959016,0.921501831945007,0.01535657494423237,0.2736701530099054
2024-05-06 11:45:00,3.39,239,-5.3,-20.4,13.89147222222222,36.90583333333333,0.0,-5.3,-20.4,-2.9,4.08,4.08,6.635,5.3575,1.225,8.97821342306942,-8.192630071510836,-7.432274608383615,7.957625251430213,-8.185384881785954,-8.157392484124589,10.4971642671688,0.7539827000700702,6.167764130614447
2024-05-06 19:40:00,0.88,221,-8.4,-13.1,13.89261111111111,36.95277777777778,0.0,-8.4,-13.1,-8.7,3.04,3.04,6.22,4.63,1.225,0.3198067325975981,-0.5401169248315121,-0.4536455218254283,0.330971096036372,-0.5245614561398391,-0.5558628990149496,0.7182311518002714,-0.05925339672229164,0.1748793813768171
2024-05-07 03:35:00,1.7,229,-18.2,-21.1,13.89855555555556,36.90083333333333,0.0,-18.2,-21.1,-13.9,3.0,3.0,6.09,4.545,1.225,2.004680523552024,-2.236501667487313,-1.765289818763671,2.019176849973551,-2.208524763661416,-2.264691670534766,3.930564590609104,0.1034727592234586,1.187794357495468
2024-05-07 11:30:00,4.94,301,-39.3,-21.9,13.89077777777778,36.92666666666667,0.0,-39.3,-21.9,-41.4,4.61,4.61,6.529999999999999,5.57,1.225,19.84206557746891,-19.91022281141996,-15.54817689205571,18.39719827471785,-19.70837373941933,-21.16612200660352,-7.721599774045141,18.82253385928328,29.89412420710087
2024-05-07 19:25:00,3.47,221,-20.7,-24.3,13.89113888888889,36.88694444444445,0.0,-20.7,-24.3,-25.5,4.17,4.17,6.26,5.215,1.225,4.972573458851266,-8.39810676679204,-7.053590345748709,5.146164605196736,-8.156239717502828,-8.642935925554116,11.167548393223,-0.9213122734935971,2.719144038249118
2024-05-08 03:20:00,0.96,272,-21.4,-31.2,13.88627777777778,36.98361111111111,0.0,-21.4,-31.2,-32.1,5.28,5.28,5.545,5.4125,1.225,0.9958901040763728,-0.6948065814293348,-0.7927154615065201,0.9280506468605025,-0.6901604813056568,-0.7614312276906268,0.1630453771257555,0.8734523761546719,1.384442788515823
2024-05-08 11:15:00,1.91,219,-12.7,-19.3,13.88013888888889,36.95333333333333,0.0,-12.7,-19.3,-21.5,5.96,5.96,5.46,5.71,1.225,1.264134144631368,-2.558616838199871,-2.149430789600003,1.323685612495447,-2.466011150296395,-2.636762654077334,3.068368702062762,-0.4059712236558948,0.6147640647931718
2024-05-08 19:10:00,2.64,306,-21.5,-16.9,13.88847222222222,36.96611111111111,0.0,-21.5,-16.9,-19.4,4.89,4.89,5.565,5.227499999999999,1.225,5.388671234980578,-6.125734665951198,-4.227763517579588,4.897277917509106,-6.051083506008871,-6.512059605747526,-2.957790987936441,4.870522154251004,8.069867647537286
2024-05-09 03:05:00,1.71,53,-12.2,-21.4,13.88866666666667,37.00861111111111,0.0,-12.2,-21.4,-22.7,5.94,5.94,5.48,5.710000000000001,1.225,-1.710648210501324,0.5605942551110668,-1.899189606116088,-1.712800128174398,0.881314124133629,2.98258764344216,-1.780574390034593,-1.675405112655821,-1.683688159709762
2024-05-09 11:00:00,2.24,50,-12.9,-22.4,13.88475,36.91638888888889,0.0,-12.9,-22.4,-22.9,6.66,6.66,5.475,6.0675,1.225,-3.000768912883604,0.4566316933666583,-3.170199238560925,-2.996914218239169,0.9827755016566696,5.372008439882385,-3.005898826483806,-3.019783040617228,-3.024232194668322
2024-05-09 18:55:00,1.15,301,-11.3,-14.7,13.88761111111111,36.97722222222222,0.0,-11.3,-14.7,-19.5,5.06,5.06,5.48,5.27,1.225,1.075297567826166,-1.078991200810654,-0.8425996139808746,0.9969961283709925,-1.068052429575229,-1.147051924869001,-0.4184552976271819,1.020046264850355,1.620047012075714
2024-05-10 02:50:00,1.09,222,-15.3,-32.9,13.88836111111111,36.9025,0.0,-15.3,-32.9,-24.4,6.06,6.06,5.48,5.77,1.225,0.5323395024527782,-0.8400061952546777,-0.6997084788180065,0.5480719619631691,-0.8176861838562164,-0.8625929001584629,1.166169507019161,-0.07422697977242343,0.2958043816818223
2024-05-10 10:45:00,3.92,272,-9.8,-18.8,13.89258333333333,37.03,0.0,-9.8,-18.8,-14.0,6.06,6.06,5.015,5.5375,1.225,16.60508430477341,-11.58493473619328,-13.21742932692469,15.47395557716713,-11.50746746954779,-12.69580817836941,2.718555211659297,14.56360524407894,23.08366066129507
2024-05-10 18:40:00,2.87,281,-16.0,-12.3,13.88652777777778,36.92416666666666,0.0,-16.0,-12.3,-14.1,5.06,5.06,5.455,5.2575,1.225,8.242278789766534,-5.772520312938217,-6.32443058544046,7.581835684026499,-5.668012129681032,-5.927719379379371,2.638739922901691,6.155340739982115,9.717351256813505
2024-05-11 02:35:00,2.94,298,-23.3,-17.1,13.88855555555556,36.96777777777778,0.0,-23.3,-17.1,-24.0,5.67,5.67,5.48,5.575,1.225,7.350130530718339,-6.812750931322617,-5.634496832454854,6.74559874871158,-6.746706542712243,-7.146648027075287,-1.595994134626509,6.335028641024964,10.29589745341791
2024-05-11 10:30:00,2.27,188,-28.8,-20.8,13.88747222222222,37.02388888888889,0.0,-28.8,-20.8,-35.8,6.51,6.51,5.649999999999999,6.08,1.225,-3.440957985899728,-3.472083984591492,-3.217713772929153,-2.478803453073583,-2.259576699155061,-3.982237321890381,-0.4517597027192464,-2.554636528860632,-2.659654769499313
2024-05-11 18:25:00,4.05,345,-20.5,-15.6,13.89069444444444,36.93666666666667,0.0,-20.5,-15.6,-26.1,5.55,5.55,5.62,5.585,1.225,-10.03205293955678,-13.3366906788293,-10.87808869346705,-5.625836216054191,-9.02089564606936,8.092516029331765,-14.26327884461273,-3.557248584472741,0.03908784271908973
2024-05-12 02:20:00,0.74,272,-16.2,-26.2,13.88775,36.89416666666666,0.0,-16.2,-26.2,-27.2,6.06,6.06,5.46,5.76,1.225,0.5917419932641295,-0.4128429730801907,-0.471018865799664,0.5514328713333454,-0.4100823345952448,-0.4524302737449948,0.09687895889112812,0.5189914509356535,0.8226137923082297
2024-05-12 10:15:00,2.66,97,-13.1,-21.1,13.89047222222222,36.99416666666666,0.0,-13.1,-21.1,-23.3,7.04,7.04,5.375,6.2075,1.225,-4.324649280710195,5.016337777748595,-5.509849635234846,-4.370721657582304,5.895507874704122,5.859354755487392,-4.510376597194094,-4.534425874372435,-4.314099691947771
2024-05-12 18:10:00,2.94,142,-9.0,-19.0,13.89422222222222,36.87638888888889,0.0,-9.0,-19.0,-16.9,6.61,6.61,5.36,5.985,1.225,-5.727878738612656,0.3327037323460117,-4.838447902140422,-5.735181663859779,-0.3081128081864307,-6.112837731573083,-5.737018866932696,-5.923012452823471,-5.75674480494011
2024-05-13 02:05:00,0.44,33,-10.1,-20.9,13.88719444444444,36.9425,0.0,-10.1,-20.9,-22.1,7.04,7.04,4.99,6.015000000000001,1.225,-0.1358685485556886,-0.03475547609202933,-0.119463084016732,-0.1338487812470866,-0.01165839391342613,0.1884692559104526,-0.1342018339271223,-0.1408405756078419,-0.1408918225066739
2024-05-13 10:00:00,2.86,49,-5.3,-17.4,13.89277777777778,36.98722222222222,0.0,-5.3,-17.4,-17.0,8.01,8.01,5.245,6.6275,1.225,-4.872202400394326,0.6815818010640663,-5.151783321455911,-4.866474943186182,1.550881378588337,8.776825119750896,-4.938086267464036,-4.902795326080513,-4.915006419704642
2024-05-13 17:55:00,3.76,58,-2.7,-13.9,13.88861111111111,36.95055555555555,0.0,-2.7,-13.9,-12.0,6.85,6.85,5.1,5.975,1.225,-7.963675893266369,5.083368100376229,-9.598884750737664,-8.00952211318829,6.747619297923185,13.22737485477609,-8.84114033641159,-7.41999808797178,-7.505897733053989
2024-05-14 01:50:00,1.34,88,-8.7,-21.1,13.88736111111111,36.92694444444444,0.0,-8.7,-21.1,-21.6,7.05,7.05,4.984999999999999,6.0175,1.225,-0.8724505452123124,1.047542133101776,-1.372614909497659,-0.8910576244124663,1.237494835137956,1.239866400513314,-0.9491725915711992,-0.8889175719047041,-0.9086883763647148
2024-05-14 09:45:00,1.31,100,-3.8,-14.6,13.89105555555556,36.8775,0.0,-3.8,-14.6,-14.8,7.87,7.87,4.9,6.385,1.225,-1.149548763569378,1.342140274797218,-1.349156006976606,-1.158150631098285,1.569523973350582,1.599036983432997,-1.181679166006692,-1.215539976659176,-1.129102087257597
2024-05-14 17:40:00,1.02,69,-0.1,-3.5,13.88527777777778,36.87666666666667,0.0,-0.1,-3.5,-8.6,5.99,5.99,4.945,5.4675,1.225,-0.5654971109452157,0.54398946924604,-0.7318971385030681,-0.5746216744430216,0.7155730135656384,1.285616018658068,-0.6752420341863409,-0.5196319565932351,-0.531153845517322
2024-05-15 01:35:00,0.57,154,-8.5,-19.4,13.88725,36.94111111111111,0.0,-8.5,-19.4,-21.3,7.03,7.03,5.115,6.0725,1.225,-0.2537948674559932,-0.04441312873945815,-0.1922205048197362,-0.2532082312262778,-0.05402372499319192,-0.2468411936161724,-0.2543383631568049,-0.2602447177466302,-0.2538862306156471
2024-05-15 09:30:00,2.46,93,-1.1,-7.9,13.89011111111111,36.95416666666667,0.0,-1.1,-7.9,-10.6,7.06,7.06,4.890000000000001,5.975,1.225,-3.22549756189821,3.700332273419825,-4.652221000072503,-3.276997296792933,4.385727341665129,4.174813501060076,-3.445072231941839,-3.333858531187964,-3.300580978024202
2024-05-15 17:25:00,3.93,72,1.9,-2.4,13.88686111111111,36.97166666666666,0.0,1.9,-2.4,-3.9,5.57,5.57,4.984999999999999,5.2775,1.225,-8.344163904215701,8.951294887922861,-11.10966564945691,-8.495117801068611,11.38579580289024,19.14825952893261,-9.804779994183614,-7.835440785833825,-7.977757934201259
2024-05-16 01:20:00,1.04,61,-4.1,-11.1,13.88836111111111,36.9625,0.0,-4.1,-11.1,-12.1,5.92,5.92,4.98,5.45,1.225,-0.5985354095921742,0.4730787330721369,-0.7486425409078205,-0.6036712415915081,0.6091659195777445,1.015573728219111,-0.6855559871205016,-0.5461108914126724,-0.554530638935941
2024-05-16 09:15:00,3.49,92,3.1,-4.0,13.89108333333333,37.00361111111111,0.0,3.1,-4.0,-4.0,6.0,6.0,4.935,5.4675,1.225,-6.253840850296832,7.150797904614934,-9.333254084259464,-6.363580709753432,8.49681665894982,7.981740555697291,-6.726336484956938,-6.436185944960294,-6.447282108753273
2024-05-16 17:10:00,2.41,116,-1.9,-2.3,13.89275,36.91277777777778,0.0,-1.9,-2.3,-6.2,5.05,5.05,5.48,5.265000000000001,1.225,-3.437512346578,3.143581293999483,-3.730816511994772,-3.387912127889503,2.992721880746721,-0.837947932996643,-3.175120343991826,-3.53249057379202,-3.511131212818692
2024-05-17 01:05:00,1.0,261,-15.8,-16.8,13.89286111111111,36.85472222222222,0.0,-15.8,-16.8,-15.5,4.32,4.32,5.33,4.825,1.225,0.9447155229964147,-0.6716711167792803,-0.9223351464629577,0.9474522853534224,-0.6597444998628662,-0.6590210718487921,0.780672151562529,0.6950058538742478,1.122959659934554
2024-05-17 09:00:00,0.9,341,-9.8,-9.8,13.88752777777778,36.93805555555556,0.0,-9.8,-9.8,-15.8,5.16,5.16,5.35,5.255,1.225,-0.3644247458447036,-0.6992507602282334,-0.4807646391087113,-0.222640865440367,-0.5196887972174267,0.1952237869146962,-0.6958986198513096,-0.1202523580147859,0.007557486197916055
2024-05-17 16:55:00,1.39,270,-4.0,-3.1,13.89033333333333,36.97916666666666,0.0,-4.0,-3.1,-6.3,5.06,5.06,6.48,5.77,1.225,2.124689879956579,-1.483737551822868,-1.702129717227457,1.983401191127016,-1.477992069467798,-1.647708578421461,0.2690819021392811,1.915867463143253,3.048668488683886
2024-05-18 00:50:00,0.86,261,-13.1,-10.3,13.88708333333333,36.89222222222222,0.0,-13.1,-10.3,-11.3,4.03,4.03,6.274999999999999,5.1525,1.225,0.6987116008081485,-0.4967679579699558,-0.6821590743240037,0.7007357102473913,-0.487947032098576,-0.4874119847393668,0.5773851232956466,0.5140263295253938,0.8305409644875962
2024-05-18 08:45:00,1.77,290,-7.1,-9.0,13.88833333333333,36.95611111111111,0.0,-7.1,-9.0,-9.7,4.75,4.75,6.07,5.41,1.225,3.03117220651852,-2.280351405289835,-2.150485416411386,2.649243486222593,-2.258199197269565,-2.250480203366326,0.8021741024757909,1.633460645093632,3.139610578780422
2024-05-18 16:40:00,1.66,122,0.2,0.2,13.88997222222222,36.89916666666667,0.0,0.2,0.2,0.4,3.71,3.71,6.51,5.109999999999999,1.225,-1.628894610966506,1.240724197323556,-1.71582743229357,-1.616912222413462,1.029980036739348,-1.011114644174153,-1.593733586341659,-1.615335033668369,-1.657215204233462
2024-05-19 00:35:00,0.98,185,-4.3,-4.0,13.88586111111111,36.96444444444445,0.0,-4.3,-4.0,-6.3,3.15,3.15,6.430000000000001,4.79,1.225,-0.7547355076170206,-0.6026489209474355,-0.6010270409310471,-0.6236560084747933,-0.3609145803926418,-0.7365657921236757,-0.4009582536981472,-0.5131265619512312,-0.5398293786564476
2024-05-19 08:30:00,2.01,269,-8.9,-9.6,13.88688888888889,36.91833333333334,0.0,-8.9,-9.6,-11.6,3.33,3.33,6.095000000000001,4.7125,1.225,4.373250179309301,-3.059340552193592,-3.577789800638477,4.111865006986109,-3.043307548767157,-3.358435380449517,0.8505870583548634,3.873016663407922,6.170665752651784
2024-05-19 16:25:00,1.26,42,4.8,9.0,13.87858333333333,0.06833333333333333,0.0,4.8,9.0,8.0,0.01,0.01,4.970000000000001,2.49,1.225,-0.919033986568984,0.04695213162941358,-0.9778890379386667,-0.9186782754761158,0.2314228714016706,1.729976590939618,-1.009972608846923,-0.924423553558653,-0.9335300378174443
2024-05-20 00:20:00,0.5,203,-5.4,-5.4,13.891,37.04916666666666,0.0,-5.4,-5.4,-7.7,2.85,2.85,6.369999999999999,4.609999999999999,1.225,-0.04934551850393341,-0.1987053205247803,-0.1562524759800392,-0.02848328885092105,-0.1752974329468031,-0.1970785165526404,0.09491331480355088,-0.09319221104814072,-0.0674061589714016
2024-05-20 08:15:00,1.12,110,-5.2,-7.2,13.88652777777778,36.93083333333333,0.0,-5.2,-7.2,-7.9,3.08,3.08,6.119999999999999,4.6,1.225,-0.7475959093290894,0.7325682839735679,-0.7966687599761759,-0.7308992173258284,0.7887953747253027,0.1310665139384697,-0.6440135368911996,-0.8100708346616349,-0.7674379605193494
2024-05-20 16:10:00,2.63,154,0.6,9.1,13.89055555555556,36.94361111111111,0.0,0.6,9.1,-2.7,3.41,3.41,6.99,5.2,1.225,-5.403120094510186,-0.9455253006400682,-4.092243797438085,-5.390631008214964,-1.150128357665156,-5.255081108413983,-5.414690748289639,-5.540433019949727,-5.405065154033149
2024-05-21 00:05:00,2.56,159,-1.8,-2.8,13.89258333333333,36.94277777777778,0.0,-1.8,-2.8,-2.5,2.95,2.95,7.015,4.9825,1.225,-5.196942683226609,-1.085830188797483,-4.113955049695178,-5.162865635876611,-0.974492217084003,-4.807801448880912,-5.238742406468273,-5.279750431551723,-5.123300871425204
2024-05-21 08:00:00,1.32,127,-4.4,-5.1,13.88963888888889,36.91416666666667,0.0,-4.4,-5.1,-5.5,3.01,3.01,6.435,4.7225,1.225,-1.038802031060164,0.5123624453501404,-0.9781747373122409,-1.035629398811223,0.3647055513456575,-0.8868485331282824,-1.049173280844153,-1.034705320599735,-1.055391509779874
2024-05-21 15:55:00,3.85,122,-0.5,3.7,13.89041666666667,36.95861111111111,0.0,-0.5,3.7,0.3,2.46,2.46,7.075,4.7675,1.225,-8.761899539501758,6.673912910011762,-9.22951521090559,-8.697445716621989,5.54031031157243,-5.438832491388949,-8.572766759888678,-8.688961945329295,-8.914237322089747
2024-05-21 23:50:00,1.4,70,-1.3,-2.5,13.88511111111111,36.88666666666666,0.0,-1.3,-2.5,-0.1,1.99,1.99,6.96,4.475,1.225,-1.062923652716252,1.045758826763579,-1.38158636316867,-1.081098694693387,1.378583109897621,2.494661254805268,-1.275802959922567,-0.9775930984515191,-1.000105116885839
2024-05-22 07:45:00,2.24,139,-3.0,-2.5,13.88322222222222,37.00083333333333,0.0,-3.0,-2.5,-4.4,2.8,2.8,6.414999999999999,4.6075,1.225,-3.170137619038393,0.4459428359364225,-2.787728377863562,-3.173727128798863,0.05789580847813267,-3.408884449254375,-3.187087856149087,-3.268236267840069,-3.182818281230279
2024-05-22 15:40:00,0.93,105,-2.0,-0.3,13.88869444444444,36.94944444444445,0.0,-2.0,-0.3,1.1,2.57,2.57,7.26,4.915,1.225,-0.5474125328531422,0.5907640645237549,-0.6146304138577059,-0.5438240413788566,0.6674478948688543,0.4481353319144182,-0.5197995998953869,-0.5855800530497289,-0.5491005337566349
2024-05-22 23:35:00,1.77,80,3.2,-4.9,13.89091666666667,36.93722222222222,0.0,3.2,-4.9,4.0,1.8,1.8,6.99,4.395,1.225,-1.666816851740355,2.392326489499687,-2.43421397325178,-1.703711770524135,2.733472044843527,3.470465472613047,-1.787119619830377,-1.696436263676318,-1.696842422905922
2024-05-23 07:30:00,1.76,86,-2.7,-5.2,13.88841666666667,36.94472222222223,0.0,-2.7,-5.2,-2.4,2.01,2.01,6.545,4.2775,1.225,-1.540811122784126,1.946683496627658,-2.377626078047325,-1.574005309345997,2.276775302767677,2.46201603936514,-1.669813172662969,-1.569438064088092,-1.595118507088334
2024-05-23 15:25:00,2.88,117,1.9,5.9,13.89186111111111,36.89222222222222,0.0,1.9,5.9,7.0,2.41,2.41,7.09,4.75,1.225,-4.903313483176809,4.430159829270816,-5.337903460649526,-4.839075638894126,4.116850370555736,-1.540534819605552,-4.580297576737149,-4.992705556666129,-5.004102170091803
2024-05-23 23:20:00,0.82,45,-2.5,-5.9,13.88888888888889,37.00861111111111,0.0,-2.5,-5.9,-4.0,2.33,2.33,7.015,4.672499999999999,1.225,-0.394073372354274,0.03537575469973708,-0.4181671603261399,-0.393785502486241,0.1106469485658344,0.7278983108767548,-0.4184033231841612,-0.396455551459053,-0.3990896921042545
2024-05-24 07:15:00,1.02,99,-5.2,-7.8,13.87847222222222,36.91833333333334,0.0,-5.2,-7.8,-7.3,2.08,2.08,6.43,4.255,1.225,-0.676581957495404,0.7883241840299487,-0.8153484972624719,-0.6823167626184911,0.923317578735652,0.9334739271410327,-0.6986713224857845,-0.7135356620658995,-0.6678009059171099
2024-05-24 15:10:00,3.67,121,3.2,4.8,13.89127777777778,36.91972222222222,0.0,3.2,4.8,7.9,1.97,1.97,7.0,4.485,1.225,-7.948103264095789,6.485215350274899,-8.551729348047564,-7.882726776248154,5.477397859330625,-4.559502976927527,-7.725835869127581,-7.87490458329103,-8.088567089013928
2024-05-24 23:05:00,1.16,106,-2.6,-2.4,13.89008333333333,37.01611111111111,0.0,-2.6,-2.4,-0.5,1.91,1.91,7.015,4.462499999999999,1.225,-0.84171558920279,0.892448142644777,-0.9359050720263652,-0.8336671251473928,0.9999541011783101,0.5858815427221206,-0.7851250732637538,-0.9026234298548323,-0.8480734546767913
2024-05-25 07:00:00,2.15,108,-6.5,-8.0,13.89072222222222,36.89027777777778,0.0,-6.5,-8.0,-9.4,2.87,2.87,6.905,4.8875,1.225,-2.823216561801992,2.882667968846693,-3.075417169698646,-2.778628341581606,3.170923214956261,1.247822726082211,-2.535162688918783,-3.042944962659851,-2.870696319732169
2024-05-25 14:55:00,3.05,153,2.1,6.6,13.88872222222222,36.86527777777778,0.0,2.1,6.6,-1.6,2.57,2.57,7.04,4.805,1.225,-7.244592212836857,-1.217701922796941,-5.436453111491375,-7.234110535488444,-1.579513038099598,-7.116149266426911,-7.251399267814009,-7.442689599738848,-7.268637449455627
2024-05-25 22:50:00,1.28,67,-6.3,-7.2,13.88536111111111,36.92694444444444,0.0,-6.3,-7.2,-6.9,1.99,1.99,7.035,4.5125,1.225,-0.8945639990935612,0.8216514426441546,-1.14794174641988,-0.9072858073192686,1.075842031497751,1.90301673291096,-1.057136532022234,-0.8205403180586346,-0.8373371824431879
2024-05-26 06:45:00,0.58,39,-7.6,-11.3,13.88994444444445,36.95472222222222,0.0,-7.6,-11.3,-12.2,2.98,2.98,6.17,4.575,1.225,-0.199261577582052,-0.004528134372848923,-0.2061168362611804,-0.1987348352890291,0.0355262465288619,0.3623581414573602,-0.2194197029248928,-0.2014461902008545,-0.2034624127807584
2024-05-26 14:40:00,2.98,96,-3.6,-1.5,13.88886111111111,36.91138888888889,0.0,-3.6,-1.5,-0.1,3.18,3.18,7.085,5.1325,1.225,-5.254126800964698,6.079415519411231,-6.893172336761802,-5.316388252974843,7.158428188567882,7.047020863790438,-5.509506441243093,-5.491344111582356,-5.271741643232567
2024-05-26 22:35:00,0.5,274,-6.8,-6.7,13.89316666666667,36.98777777777778,0.0,-6.8,-6.7,-7.6,2.01,2.01,7.02,4.515,1.225,0.2653852001026113,-0.1849716079484771,-0.2098321818821736,0.2468616905957721,-0.1831943618665929,-0.1999011071281383,0.05364049380967669,0.225978617104077,0.3566322616664669
2024-05-27 06:30:00,0.28,203,-10.8,-14.6,13.89177777777778,36.96444444444445,0.0,-10.8,-14.6,-15.3,2.99,2.99,6.935,4.9625,1.225,-0.01547475460283352,-0.06231398851657111,-0.04900077646734031,-0.008932359383648843,-0.05497327497211747,-0.06180382279090804,0.02976481552239356,-0.02922507738469694,-0.02113857145343155
2024-05-27 14:25:00,2.85,113,-150.0,4.6,13.88833333333333,36.94916666666666,0.0,-150.0,4.6,6.6,-50.0,-50.0,7.065,-21.4675,1.225,-4.824061908169074,4.569880360232396,-5.188030057322846,-4.735322230434486,4.646434609316181,-0.1615844475605484,-4.305228522746595,-5.092743433566667,-4.9397797871888
2024-05-27 22:20:00,0.44,62,-3.8,-2.4,13.88461111111111,36.99666666666667,0.0,-3.8,-2.4,-2.6,2.19,2.19,7.415,4.8025,1.225,-0.1068961332893208,0.08674685701819342,-0.1342763975325361,-0.1079127463283219,0.1120518900686276,0.1889627713937224,-0.1230779788320408,-0.09761857801903788,-0.09920527979592278
2024-05-28 06:15:00,0.42,32,-5.7,-8.8,13.88611111111111,36.90972222222222,0.0,-5.7,-8.8,-7.8,2.86,2.86,6.865,4.8625,1.225,-0.1270158565710967,-0.03654990491868902,-0.1089774547074091,-0.1249148456843624,-0.01549791575159121,0.1686772976074852,-0.123482372712358,-0.1321102771988829,-0.1319885437971113
2024-05-28 14:10:00,3.56,155,-0.4,3.7,13.88641666666667,36.93861111111111,0.0,-0.4,3.7,-0.7,3.03,3.03,7.399999999999999,5.215,1.225,-9.929971095148177,-1.80592692473053,-7.58960744095561,-9.898484536527617,-2.062774770508023,-9.562466453579532,-9.963098284356331,-10.16327348008864,-9.90433992293809
2024-05-28 22:05:00,0.41,57,-5.9,-3.2,13.88958333333333,36.97694444444444,0.0,-5.9,-3.2,-3.8,1.97,1.97,7.51,4.74,1.225,-0.09542053035738873,0.05479959273552339,-0.1131427662406503,-0.09588137160377334,0.07431781506785384,0.1601142005743246,-0.1045711476554041,-0.08984373653375774,-0.09075606787723671
2024-05-29 06:00:00,0.68,147,-4.5,-6.1,13.88841666666667,36.99916666666667,0.0,-4.5,-6.1,-5.8,2.57,2.57,6.865,4.7175,1.225,-0.3379210584728138,-0.02612955392715285,-0.2596968882464006,-0.3383304760934854,-0.05830044893346132,-0.3482384198722747,-0.3374999906770823,-0.3492412414722782,-0.3412443848160271
2024-05-29 13:55:00,1.76,125,2.8,4.9,13.88841666666667,36.94583333333333,0.0,2.8,4.9,7.6,2.44,2.44,7.135,4.7875,1.225,-1.840478775589329,1.104404580062085,-1.814898515116784,-1.831706821084698,0.8521439697932045,-1.400613766317701,-1.835731485590988,-1.830011963634318,-1.870908414607639
2024-05-29 21:50:00,3.6,158,-1.2,7.7,13.89019444444444,36.88,0.0,-1.2,7.7,-6.4,1.97,1.97,7.38,4.675,1.225,-10.24646040598057,-2.072138096327082,-8.041909754092133,-10.18786936257629,-1.972669738592312,-9.57535151989878,-10.31692479577067,-10.42892072092771,-10.130685639013
2024-05-30 05:45:00,1.96,250,-27.2,-22.0,13.88783333333333,36.92416666666666,0.0,-27.2,-22.0,-19.3,2.93,2.93,6.859999999999999,4.895,1.225,4.488920407453161,-2.706777044839629,-2.777431812896428,4.259212592918492,-2.719138202210328,-2.690300538780973,4.319684817473604,2.127645053462288,4.248820058750834
2024-05-30 13:40:00,3.35,76,-2.1,-3.5,13.88655555555555,36.90694444444444,0.0,-2.1,-3.5,-2.4,2.97,2.97,6.275,4.6225,1.225,-6.016887679389514,7.536903118541259,-8.396079188938081,-6.137811843983474,9.03239218383548,13.1725628933968,-6.76301158784265,-5.885115193801549,-5.937547560041421
2024-05-30 21:35:00,1.39,142,-4.7,-6.2,13.89227777777778,36.84166666666667,0.0,-4.7,-6.2,-5.8,2.98,2.98,6.425000000000001,4.702500000000001,1.225,-1.280350144716728,0.07436911486715361,-1.081536071975277,-1.281982564295371,-0.0688723167079692,-1.366399854363037,-1.282393233467613,-1.323968295629162,-1.286802563471792
2024-05-31 05:30:00,0.37,141,-10.1,-14.7,13.88947222222222,36.88111111111111,0.0,-10.1,-14.7,-14.2,3.98,3.98,6.074999999999999,5.0275,1.225,-0.08885463696430324,0.007870561190742842,-0.07658201376840508,-0.08896919337570312,-0.002403849723313034,-0.09556023604802659,-0.08905328657086707,-0.09189304266759264,-0.08920648107999157
2024-05-31 13:25:00,1.95,130,-0.5,-1.8,13.88925,37.04305555555555,0.0,-0.5,-1.8,0.2,3.91,3.91,6.25,5.08,1.225,-2.27857809550915,0.7617761179262184,-1.994907559071383,-2.277420925602987,0.4206829965242831,-2.259487809992699,-2.343903339787767,-2.275500122855203,-2.313056122630921
2024-05-31 21:20:00,0.24,271,-6.0,-6.6,13.88991666666667,37.00722222222223,0.0,-6.0,-6.6,-6.8,2.99,2.99,6.42,4.705,1.225,0.0627923222053391,-0.04382938777333555,-0.05014440716340981,0.05856628138653919,-0.04359855463537379,-0.04835557005483475,0.009106119218664822,0.05585342357411083,0.08870747487938144
2024-06-01 05:15:00,0.17,281,-7.0,-10.8,13.89102777777778,36.87111111111111,0.0,-7.0,-10.8,-11.6,3.83,3.83,6.01,4.92,1.225,0.02891887203004199,-0.02025347364225795,-0.02218990687263769,0.0266016403341507,-0.01988679606985418,-0.02079800532531218,0.009258286949199203,0.02159663798097381,0.03409431355508873
2024-06-01 13:10:00,3.16,112,4.0,5.2,13.88491666666667,36.9675,0.0,4.0,5.2,7.7,3.1,3.1,6.545,4.8225,1.225,-5.937456931595222,5.689258339244659,-6.365973348716993,-5.820422914273425,5.901198756022541,0.215351270649022,-5.237375253608515,-6.323440230613544,-6.08494800432214
2024-06-01 21:05:00,3.07,191,-54.3,-30.8,13.88886111111111,36.89722222222223,0.0,-54.3,-30.8,-53.5,3.39,3.39,7.21,5.3,1.225,-5.288238017327659,-6.715445162609099,-5.868956136125658,-3.317206758393476,-4.710918680023864,-7.310008890458358,1.410334107951142,-4.369082191887096,-4.425281884783575
2024-06-02 05:00:00,0.76,192,-8.4,-7.6,13.89327777777778,36.90111111111111,0.0,-8.4,-7.6,-14.1,2.73,2.73,6.325,4.5275,1.225,-0.3079394065917404,-0.4160774904949085,-0.3591954810629041,-0.1935467120976651,-0.2999839145666618,-0.4473386755959893,0.09649924295505523,-0.2639906816350459,-0.261965807703523
2024-06-02 12:55:00,2.23,152,-0.3,10.3,13.88944444444444,36.86194444444445,0.0,-0.3,10.3,-3.6,2.51,2.51,7.105,4.807499999999999,1.225,-3.861011695614596,-0.6221255193889675,-2.870287049096243,-3.858784193183972,-0.8618579103790401,-3.830118992482726,-3.859970769206587,-3.974087177501432,-3.885321344316412
2024-06-02 20:50:00,0.48,248,-13.0,-13.4,13.88838888888889,36.96277777777778,0.0,-13.0,-13.4,-13.9,1.79,1.79,6.96,4.375,1.225,0.2516472996813101,-0.162360124824523,-0.1632302780655101,0.2360592916436186,-0.1629638386757763,-0.1613694184950161,0.2467854929790964,0.1051883979064447,0.229114416869744
2024-06-03 04:45:00,1.36,228,-29.1,-28.9,13.88838888888889,37.01583333333333,0.0,-29.1,-28.9,-22.3,2.07,2.07,6.630000000000001,4.350000000000001,1.225,1.218100582570028,-1.413694850400651,-1.123999856160082,1.229551687591089,-1.393383641229334,-1.434182271259099,2.415546752218659,0.04025442320982456,0.7173757298853758
2024-06-03 12:40:00,4.25,256,-11.2,-17.2,13.88455555555556,36.96,0.0,-11.2,-17.2,-8.2,3.52,3.52,6.795,5.1575,1.225,18.49418540039413,-12.25401960253039,-15.26920334755507,18.18318004534874,-12.1372320451554,-11.96851047364276,17.35703749058755,11.17649799397522,19.61311606896991
2024-06-03 20:35:00,0.06,184,-6.8,-6.3,13.88394444444444,36.93666666666667,0.0,-6.8,-6.3,-5.8,2.97,2.97,7.01,4.99,1.225,-0.00297078044102092,-0.002203415644598222,-0.002254546993989979,-0.002539721088694683,-0.001277614311946456,-0.002753917341877676,-0.001898751131692267,-0.001969644131358415,-0.00207864610914311
2024-06-04 04:30:00,0.88,202,-13.2,-16.4,13.88827777777778,36.94388888888889,0.0,-13.2,-16.4,-11.3,2.95,2.95,6.01,4.48,1.225,-0.181790723592323,-0.6124655709002196,-0.481481165242608,-0.1104708455169814,-0.5363865772011023,-0.604570224696003,0.275122942917672,-0.2969622070681692,-0.2232541456446263
2024-06-04 12:25:00,2.01,174,-3.5,-1.0,13.88622222222222,37.08444444444444,0.0,-3.5,-1.0,-4.0,3.98,3.98,7.024999999999999,5.5025,1.225,-3.765979627430021,-1.72792065246633,-2.509604262942951,-3.673086523564493,-0.8614153393420457,-2.973526302570031,-3.865277390132452,-2.866910209040769,-3.081605345827612
2024-06-04 20:20:00,1.36,103,-2.0,0.0,13.88822222222222,36.84222222222222,0.0,-2.0,0.0,0.2,2.97,2.97,7.265,5.1175,1.225,-1.197979423297857,1.336633602521151,-1.370281305154474,-1.197083413538751,1.533056222404704,1.264378108434986,-1.176401016487677,-1.275402407269184,-1.191330399410837
2024-06-05 04:15:00,1.39,170,-10.0,-10.7,13.89694444444445,36.89138888888889,0.0,-10.0,-10.7,-14.1,2.97,2.97,6.54,4.755,1.225,-1.735943975289679,-0.6684076737443527,-1.191275603716773,-1.729857223212074,-0.337165561010601,-1.3948069089369,-1.835017890199524,-1.514192188350671,-1.633565536174727
2024-06-05 12:10:00,2.74,248,-14.7,-17.0,13.88930555555556,36.94722222222222,0.0,-14.7,-17.0,-10.3,2.32,2.32,6.905,4.6125,1.225,8.199944735622413,-5.290515942415752,-5.318869946200625,7.692008411213678,-5.310188000183413,-5.258233707869719,8.041522426605317,3.427571250531356,7.465709184424004
2024-06-05 20:05:00,1.16,240,-15.1,-18.1,13.88930555555556,36.93166666666666,0.0,-15.1,-18.1,-11.9,1.95,1.95,6.96,4.455,1.225,1.059101118695079,-0.9487221617755883,-0.8751386588931616,0.9257493208199006,-0.9490324387282155,-0.9428771115691104,1.154242698649071,0.09064025020549461,0.7375101334876387
2024-06-06 04:00:00,2.6,278,-33.0,-24.3,13.88775,36.95944444444444,0.0,-33.0,-24.3,-21.7,2.22,2.22,6.465,4.3425,1.225,6.918201287453436,-4.811987786298038,-5.392340674611626,6.410788455762283,-4.735976518241643,-5.045675945675903,1.959418530214873,5.517717748463669,8.620041075136045
2024-06-06 11:55:00,2.95,271,-16.1,-12.4,13.89758333333333,36.97416666666667,0.0,-16.1,-12.4,-11.9,2.91,2.91,6.785,4.8475,1.225,9.486982360971593,-6.621966095441887,-7.576071238534269,8.84849069038815,-6.587090654762855,-7.305804659760408,1.375798654521365,8.438618379404506,13.40237500239266
2024-06-06 19:50:00,1.54,308,-19.4,-9.1,13.88975,36.92083333333333,0.0,-19.4,-9.1,-17.0,2.74,2.74,7.385,5.0625,1.225,1.795783416214157,-2.14426277217125,-1.409656012407846,1.617855358694424,-2.116546258555517,-2.279483170389218,-1.108897375888157,1.588575160103815,2.682322391704664
2024-06-07 03:45:00,1.48,294,-28.7,-20.6,13.88688888888889,36.96083333333333,0.0,-28.7,-20.6,-24.7,3.07,3.07,6.96,5.015,1.225,1.990947027486307,-1.660385426405307,-1.465694428485022,1.780834200706592,-1.644273200734412,-1.692249964480343,0.07820145739321692,1.373714682945766,2.402102655166205
2024-06-07 11:40:00,2.45,308,-9.0,-7.5,13.88788888888889,37.00805555555556,0.0,-9.0,-7.5,-9.6,3.13,3.13,6.96,5.045,1.225,4.545112985252773,-5.4271113551855,-3.567827717354569,4.094778542150143,-5.356961088286173,-5.769353065551224,-2.806610093931802,4.020670601502425,6.788935805450856
2024-06-07 19:35:00,1.49,258,-10.8,-12.4,13.88944444444444,37.02055555555555,0.0,-10.8,-12.4,-7.9,2.97,2.97,7.04,5.005,1.225,2.166148119730453,-1.486798489936185,-1.967324582919128,2.159429853397246,-1.465277803193552,-1.443182430940161,2.012390113790666,1.421773320070582,2.3957737772119
2024-06-08 03:30:00,0.55,216,-18.7,-16.2,13.88630555555556,37.00944444444445,0.0,-18.7,-16.2,-15.5,3.23,3.23,6.67,4.95,1.225,0.07635436133254118,-0.224359113223608,-0.1841449919314517,0.0819567253667443,-0.2130532606592758,-0.2306261324127445,0.2251096984884991,-0.05247357837510343,0.01997375194016122
2024-06-08 11:25:00,2.21,270,-23.6,-16.6,13.88966666666667,36.89472222222222,0.0,-23.6,-16.6,-15.0,2.73,2.73,6.895,4.8125,1.225,5.370942416384208,-3.750697467448926,-4.302764738838892,5.013782805022235,-3.736173627911431,-4.165195107845484,0.6802043984464898,4.843066237119179,7.706641356855737
2024-06-08 19:20:00,3.29,331,-21.7,-10.5,13.88594444444444,36.83722222222222,0.0,-21.7,-10.5,-25.1,3.42,3.42,7.08,5.25,1.225,0.05973323743742163,-9.57472563324678,-6.548010203780411,0.384364139813236,-8.109777282802229,0.4270198404398544,-8.574921553527282,3.262082469340963,4.273741198839407
2024-06-09 03:15:00,0.54,235,-13.4,-18.8,13.88866666666667,36.93027777777777,0.0,-13.4,-18.8,-19.0,3.84,3.84,6.01,4.925,1.225,0.2210082589170574,-0.2170207478186102,-0.1843386658367542,0.2071191797018159,-0.2158325964334246,-0.2176168003300654,0.3312460722296538,0.01708835249742753,0.1432103967553858
2024-06-09 11:10:00,1.4,184,-6.5,-11.8,13.89052777777778,36.91138888888889,0.0,-6.5,-11.8,-10.4,4.16,4.16,6.279999999999999,5.22,1.225,-1.617424906778056,-1.199637406503476,-1.227475585616766,-1.382737037178216,-0.6955900142819592,-1.499354997244512,-1.033764505032456,-1.072361804850692,-1.131707326089026
2024-06-09 19:05:00,1.18,230,-4.7,-7.8,13.88613888888889,36.97972222222222,0.0,-4.7,-7.8,-4.4,3.97,3.97,6.96,5.465,1.225,1.014707350184691,-1.090844285368773,-0.8548708997352221,1.020055467643938,-1.079176289755968,-1.102584968926347,1.969035421845161,0.06940221812789378,0.6045083579313182
2024-06-10 03:00:00,1.26,158,-6.3,-9.2,13.89830555555556,36.94138888888889,0.0,-6.3,-9.2,-8.6,3.87,3.87,6.06,4.965,1.225,-1.25519139973262,-0.2538369168000675,-0.9851339448762864,-1.248013996915596,-0.2416520429775583,-1.172980561187601,-1.263823287481908,-1.277542788313645,-1.241008990779093
2024-06-10 10:55:00,2.71,106,-0.7,-0.9,13.88772222222222,36.975,0.0,-0.7,-0.9,-0.6,3.95,3.95,6.22,5.085,1.225,-4.593968087592308,4.870859396847136,-5.108041349189081,-4.550040676125867,5.457612154030638,3.197660997254403,-4.285104823540676,-4.926394717001243,-4.628668444182389
2024-06-10 18:50:00,0.63,132,-2.0,-0.5,13.88577777777778,36.97305555555555,0.0,-2.0,-0.5,-0.1,3.84,3.84,7.02,5.43,1.225,-0.2407078651002542,0.06968243854577165,-0.2109564799658571,-0.2406770189271778,0.03517018918037607,-0.2433547718299628,-0.2463091460106498,-0.2421823750277173,-0.2437298119340483
2024-06-11 02:45:00,1.89,168,2.2,-3.6,20.83405555555556,37.01527777777778,0.0,2.2,-3.6,-7.4,7.95,7.95,8.69,8.32,1.225,-3.135775117916678,-1.111121045575962,-2.215590153716438,-3.12257271158955,-0.6024049925038568,-2.583367889344135,-3.287539756157024,-2.815788202522024,-2.97467831549485
